key,translation
account_config.calculation_mode,وضع الحساب
account_config.calculation_mode_help,اختر كيفية حساب أوقات العبور: أيام طبيعية (24/7) أو أيام عمل (باستثناء ساعات غير العمل)
account_config.confirm_delete_holiday,هل أنت متأكد من أنك تريد حذف هذه العطلة؟
account_config.cutoff,قطع
account_config.description,تكوين الإعدادات العامة لحسابك
account_config.download_template,تحميل النموذج
account_config.fill_all_fields,يرجى ملء جميع الحقول
account_config.global_settings,الإعدادات العامة
account_config.holiday_reason,السبب (مثل: عيد الميلاد، رأس السنة)
account_config.import_csv,استيراد CSV
account_config.imported_successfully,تم استيراد {count} عطلة بنجاح
account_config.mixed_reader_gap,فجوة القارئ المختلط (دقائق)
account_config.mixed_reader_gap_help,فجوة زمنية لفصل أحداث الدخول والخروج للقراء المختلطين
account_config.natural_days,أيام طبيعية
account_config.no_holidays,لا توجد عطلات مكونة
account_config.no_valid_holidays,لم يتم العثور على عطلات صالحة في CSV
account_config.non_working_days,أيام غير العمل (العطلات)
account_config.opening,افتتاح
account_config.saved_successfully,تم حفظ التكوين بنجاح
account_config.title,تكوين الحساب
account_config.weekly_schedule,الجدول الأسبوعي
account_config.working_day,يوم عمل
account_config.working_days,أيام العمل
accounts.account_name,اسم الحساب
accounts.created,تم الإنشاء
accounts.name,الاسم
accounts.no_accounts_found,لم يتم العثور على حسابات
accounts.promise,الوعد
accounts.slug,المعرف المختصر
accounts.unique_identifier_lowercase_no_spaces,معرف فريد (حروف صغيرة، بدون فراغات)
admin.about_account_reset,حول إعادة تعيين الحساب
admin.all_allocation_plans_and_details,جميع خطط التخصيص والتفاصيل
admin.all_balancing_history,جميع سجلات الموازنة
admin.all_configuration_data,جميع بيانات التكوين (الطوبولوجيا، لوحات التحكم، المواد، الإعدادات)
admin.all_material_shipments_and_movements,جميع شحنات وتحركات المواد
admin.all_material_stocks,جميع مخزونات المواد
admin.all_operational_data,جميع البيانات التشغيلية (الخطط، الشحنات، المخزونات، الطلبات)
admin.all_purchase_orders,جميع أوامر الشراء
admin.an_unexpected_error_occurred,حدث خطأ غير متوقع
admin.cannot_be_undone,لا يمكن التراجع عنه
admin.configuration_data_nodes_panelists_materials_etc_w,سيتم الاحتفاظ ببيانات التكوين (العقد، الأعضاء، المواد، إلخ).
admin.confirm_reset,تأكيد إعادة التعيين
admin.create_user,إنشاء مستخدم
admin.created,تم الإنشاء:
admin.deleted_records,السجلات المحذوفة:
admin.demo2_account_not_found,لم يتم العثور على حساب DEMO2
admin.demo_reset,إعادة تعيين العرض التوضيحي
admin.loading,جارٍ التحميل...
admin.loading_accounts,جارٍ تحميل الحسابات...
admin.preserve,حفظ
admin.promise,وعد
admin.reset_data,إعادة تعيين البيانات
admin.resetting,جاري إعادة التعيين...
admin.the_demo2_account_is_not_available_please_contact_,حساب DEMO2 غير متوفر. يرجى الاتصال بالمسؤول.
admin.this_will_permanently_delete,سيؤدي هذا إلى الحذف الدائم لـ:
admin.use_this_feature_to_prepare_accounts,استخدم هذه الميزة لتحضير الحسابات لجلسات التدريب أو العروض التوضيحية. ستقوم عملية إعادة التعيين بـ:
admin.use_with_caution,استخدم بحذر
admin.user_management,إدارة المستخدمين
admin.warning_this_action_cannot_be_undone,تحذير: لا يمكن التراجع عن هذا الإجراء
allocation_generator.1st_semester,الفصل الأول
allocation_generator.2nd_semester,الفصل الثاني
allocation_generator.about,حول مولد التخصيص
allocation_generator.about_description,إنشاء خطط تخصيص العينات تلقائيًا بناءً على أنماط التوزيع
allocation_generator.actions,الإجراءات
allocation_generator.applied,مطبق
allocation_generator.applied_date,تاريخ التطبيق
allocation_generator.applied_plans,الخطط المطبقة
allocation_generator.applied_plans_historical,الخطط المطبقة (تاريخية)
allocation_generator.apply,تطبيق
allocation_generator.april,أبريل
allocation_generator.august,أغسطس
allocation_generator.auto_fill,ملء تلقائي إلى 100٪
allocation_generator.automatic_generator,المولد التلقائي
allocation_generator.carrier,شركة النقل
allocation_generator.city_distribution_matrix,مصفوفة التوزيع حسب المدينة (A-B-C)
allocation_generator.clear,مسح
allocation_generator.confirm_apply,تطبيق هذه الخطة؟ سيتم نقلها إلى الخطط المطبقة.
allocation_generator.confirm_delete,حذف هذه الخطة؟
allocation_generator.csv_import_coming_soon,وظيفة استيراد CSV قريباً!
allocation_generator.date_placeholder,يوم/شهر/سنة
allocation_generator.december,ديسمبر
allocation_generator.delete,حذف
allocation_generator.description,إنشاء خطط تخصيص العينات تلقائياً بناءً على أنماط التوزيع
allocation_generator.distribution_matrix,مصفوفة التوزيع حسب المدينة (A-B-C)
allocation_generator.download_csv,تنزيل CSV
allocation_generator.download_template,تحميل نموذج CSV
allocation_generator.end_date,تاريخ الانتهاء
allocation_generator.error,خطأ
allocation_generator.error_downloading,خطأ في تنزيل الخطة
allocation_generator.february,فبراير
allocation_generator.generate_plan,إنشاء خطة
allocation_generator.generated,تم الإنشاء
allocation_generator.generated_plans,الخطط المنشأة
allocation_generator.generated_plans_title,الخطط المولدة
allocation_generator.generator,المولد
allocation_generator.import_csv,استيراد CSV
allocation_generator.january,يناير
allocation_generator.july,يوليو
allocation_generator.june,يونيو
allocation_generator.loading,جاري التحميل...
allocation_generator.manual_import,الاستيراد اليدوي
allocation_generator.march,مارس
allocation_generator.may,مايو
allocation_generator.no_applied_plans,لا توجد خطط مطبقة بعد
allocation_generator.no_details_found,لم يتم العثور على تفاصيل لهذه الخطة
allocation_generator.no_generated_plans,لا توجد خطط مولدة بعد
allocation_generator.november,نوفمبر
allocation_generator.october,أكتوبر
allocation_generator.period,الفترة
allocation_generator.plan_applied_success,تم تطبيق الخطة بنجاح!
allocation_generator.plan_deleted_success,تم حذف الخطة بنجاح!
allocation_generator.plan_name,اسم الخطة
allocation_generator.product,المنتج
allocation_generator.quick_period,اختيار سريع للفترة
allocation_generator.quick_period_selection,تحديد سريع للفترة
allocation_generator.samples,العينات
allocation_generator.seasonal_distribution,التوزيع الموسمي
allocation_generator.select_carrier,تحديد ناقل
allocation_generator.select_product,تحديد منتج
allocation_generator.september,سبتمبر
allocation_generator.start_date,تاريخ البدء
allocation_generator.status,الحالة
allocation_generator.tab_applied_plans,الخطط المطبقة
allocation_generator.tab_generated_plans,الخطط المولدة
allocation_generator.tab_generator,المولد
allocation_generator.title,مولد خطط التخصيص
allocation_generator.to,إلى
allocation_generator.tooltip_how_it_works,كيف يعمل:
allocation_generator.tooltip_how_it_works_text,حدد إجمالي العينات ونطاق التاريخ وشركة النقل/المنتج ومصفوفات التوزيع. سينشئ النظام خطة مفصلة مع أزواج المنشأ-الوجهة والتواريخ المجدولة.
allocation_generator.tooltip_purpose,الغرض:
allocation_generator.tooltip_purpose_text,إنشاء خطط تخصيص العينات تلقائياً بناءً على أنماط التوزيع حسب المدينة والتغيرات الموسمية.
allocation_generator.tooltip_title,مولد خطط التخصيص
allocation_generator.tooltip_usage,الاستخدام:
allocation_generator.tooltip_usage_text,"أنشئ الخطط، راجعها في علامة تبويب ""الخطط المولدة""، ثم قم بتطبيقها لتفعيل تخصيصات العينات."
allocation_generator.total_samples,إجمالي العينات
allocation_generator.user_not_authenticated,المستخدم غير مصادق عليه
allocation_generator.year,السنة
allocation_plans.add_record,إضافة سجل
allocation_plans.all_carriers,جميع شركات النقل
allocation_plans.all_cities,جميع المدن
allocation_plans.all_nodes,جميع العقد
allocation_plans.all_plans,جميع الخطط
allocation_plans.all_products,جميع المنتجات
allocation_plans.all_records,جميع السجلات
allocation_plans.all_status,جميع الحالات
allocation_plans.auto_fill_to_100,الملء التلقائي إلى 100%
allocation_plans.availability_issues,مشاكل التوفر
allocation_plans.availability_issues_filter,مشاكل التوفر
allocation_plans.availability_issues_title,مشاكل التوفر
allocation_plans.available,متوفر
allocation_plans.bulk_operations,العمليات الجماعية
allocation_plans.cancel_selected,إلغاء المحدد
allocation_plans.cancelled,تم الإلغاء
allocation_plans.carrier,شركة النقل
allocation_plans.change_destination_node,تغيير عقدة الوجهة
allocation_plans.change_origin_node,تغيير عقدة الأصل
allocation_plans.change_scheduled_date,تغيير التاريخ المجدول
allocation_plans.city_distribution_matrix,مصفوفة توزيع المدينة
allocation_plans.city_distribution_matrix_a_b_c,مصفوفة توزيع المدينة (أ-ب-ج)
allocation_plans.clear_selection,مسح التحديد
allocation_plans.completed,مكتمل
allocation_plans.create_record,إنشاء السجل
allocation_plans.delayed_shipments,الشحنات المتأخرة
allocation_plans.delete_selected,حذف المحدد
allocation_plans.dest_city,المدينة الوجهة
allocation_plans.dest_node,العقدة الوجهة
allocation_plans.dest_panelist,المشارك الوجهة
allocation_plans.dest_panelist_header,عضو اللجنة المستهدف
allocation_plans.dest_status,الحالة الوجهة
allocation_plans.dest_status_header,الحالة المستهدفة
allocation_plans.destination,الوجهة:
allocation_plans.destination_city,مدينة الوجهة
allocation_plans.destination_node,عقدة الوجهة
allocation_plans.details,تفاصيل خطة التخصيص
allocation_plans.download_csv_template,تحميل قالب CSV
allocation_plans.edit_record,تعديل السجل
allocation_plans.end_date,تاريخ الانتهاء
allocation_plans.enter_tag_id,أدخل معرف الوسم
allocation_plans.error,خطأ:
allocation_plans.event_id,معرف الحدث
allocation_plans.example,مثال:
allocation_plans.filters,مرشحات
allocation_plans.first_day_of_the_allocation_period_samples_will_be,أول يوم في فترة التخصيص. سيتم جدولة العينات من هذا التاريخ.
allocation_plans.import_csv,استيراد CSV
allocation_plans.inactive,غير نشط
allocation_plans.invalid,غير صالح
allocation_plans.last_day_of_the_allocation_period_samples_will_be_,آخر يوم في فترة التخصيص. سيتم جدولة العينات حتى هذا التاريخ.
allocation_plans.loading,جاري تحميل خطط التخصيص...
allocation_plans.no_panelist,لا يوجد مشارك
allocation_plans.no_panelist_assigned_to_destination_node,لا يوجد مشارك معين لعقدة الوجهة
allocation_plans.no_panelist_assigned_to_origin_node,لا يوجد مشارك معين لعقدة الأصل
allocation_plans.no_records,لم يتم العثور على خطط تخصيص
allocation_plans.notified,تم الإخطار
allocation_plans.optional,اختياري
allocation_plans.optional_distribute_samples_unevenly_across_months,اختياري: توزيع العينات بشكل غير متساوٍ عبر الأشهر لتعكس الأنماط الموسمية.
allocation_plans.origin,الأصل:
allocation_plans.origin_city,مدينة الأصل
allocation_plans.origin_city_filter,مدينة الأصل
allocation_plans.origin_node,عقدة الأصل
allocation_plans.origin_node_filter,العقدة الأصلية
allocation_plans.origin_panelist,المشارك الأصلي
allocation_plans.origin_panelist_header,عضو اللجنة الأصلي
allocation_plans.origin_status,الحالة الأصلية
allocation_plans.origin_status_header,الحالة الأصلية
allocation_plans.pending,قيد الانتظار
allocation_plans.pending_lowercase,قيد الانتظار
allocation_plans.plan,خطة
allocation_plans.plan_details,تفاصيل خطة التخصيص
allocation_plans.plan_name,اسم الخطة *
allocation_plans.please_ensure_destination_panelist,يرجى التأكد من أن العضو الوجهة
allocation_plans.please_ensure_origin_panelist,يرجى التأكد من أن العضو المصدر
allocation_plans.please_enter_tag_id,يرجى إدخال معرف العلامة
allocation_plans.please_select_datetime,يرجى تحديد التاريخ والوقت
allocation_plans.product,المنتج
allocation_plans.promise,الوعد
allocation_plans.quick_period_selection,اختيار فترة سريع
allocation_plans.receive,استلام
allocation_plans.received,تم الاستلام
allocation_plans.received_at_time,تم الاستلام في
allocation_plans.received_by,تم الاستلام بواسطة
allocation_plans.received_date_time,تاريخ ووقت الاستلام
allocation_plans.register_reception,تسجيل الاستلام
allocation_plans.register_shipment,تسجيل الشحنة
allocation_plans.registered_by,مسجل بواسطة
allocation_plans.reprocess_errors,إعادة معالجة الأخطاء
allocation_plans.reset_filters,إعادة تعيين الفلاتر
allocation_plans.scheduled_date,التاريخ المجدول
allocation_plans.search_by_event_id,البحث بواسطة معرف الحدث...
allocation_plans.search_by_tag_id,البحث بواسطة معرف العلامة...
allocation_plans.search_event_id,البحث بواسطة معرف الحدث...
allocation_plans.search_tag_id,البحث بواسطة معرف الوسم...
allocation_plans.seasonal_distribution,التوزيع الموسمي
allocation_plans.select_carrier,اختر الناقل
allocation_plans.select_city,اختر المدينة
allocation_plans.select_node,اختر العقدة...
allocation_plans.select_plan,اختر الخطة
allocation_plans.select_product,اختر المنتج
allocation_plans.selected_count,{count} محدد
allocation_plans.send,إرسال
allocation_plans.sent,تم الإرسال
allocation_plans.sent_at,تم الإرسال في:
allocation_plans.sent_at_time,تم الإرسال في
allocation_plans.sent_by,تم الإرسال بواسطة
allocation_plans.sent_date_time,تاريخ ووقت الإرسال
allocation_plans.sent_lowercase,مرسل
allocation_plans.shipment_status,حالة الشحنة
allocation_plans.show_id,عرض المعرف
allocation_plans.start_date,تاريخ البدء
allocation_plans.status,الحالة
allocation_plans.tag_id,معرّف الوسم
allocation_plans.title,خطط التخصيص
allocation_plans.total,الإجمالي
allocation_plans.total_and_pending,الإجمالي والقيد الانتظار
allocation_plans.total_delayed,الإجمالي المتأخر
allocation_plans.total_issues,إجمالي المشاكل
allocation_plans.total_pending,الإجمالي والمعلق
allocation_plans.total_samples,إجمالي العينات *
allocation_plans.transfer_error,خطأ في النقل
allocation_plans.unavailable,غير متوفر
allocation_plans.update_record,تحديث السجل
allocation_plans.validation_errors,أخطاء التحقق:
allocation_plans.view_and_manage,عرض وإدارة خطط التخصيص المولدة
allocation_plans.waiting,في الانتظار
allocation_plans.week,الأسبوع
allocation_plans.year,السنة
allocationplangenerator.allocation_plan_generator,مولد خطة التخصيص
allocationplangenerator.applied_date,تاريخ التطبيق
allocationplangenerator.applied_plans_historical,الخطط المطبقة (تاريخية)
allocationplangenerator.automatic_generator,المولد التلقائي
allocationplangenerator.carrier,الناقل
allocationplangenerator.download_csv,تحميل ملف CSV
allocationplangenerator.generate_sample_allocation_plans_automatically_bas,توليد خطط تخصيص العينات تلقائيًا بناءً على أنماط التوزيع
allocationplangenerator.generated_plans,الخطط المُولدة
allocationplangenerator.generator,المولد
allocationplangenerator.how_it_works,كيفية العمل:
allocationplangenerator.loading,جارٍ التحميل...
allocationplangenerator.manual_import,استيراد يدوي
allocationplangenerator.no_applied_plans_yet,لا توجد خطط مطبقة حتى الآن
allocationplangenerator.no_generated_plans_yet,لا توجد خطط مُولدة حتى الآن
allocationplangenerator.period,الفترة
allocationplangenerator.plan_name,اسم الخطة
allocationplangenerator.product,المنتج
allocationplangenerator.purpose,الغرض:
allocationplangenerator.samples,عينات
allocationplangenerator.usage,الاستخدام:
allocationplans.add_record,إضافة سجل
allocationplans.allocation_plans,خطط التخصيص
allocationplans.availability_issues,مشاكل التوفر
allocationplans.carrier,الناقل
allocationplans.delayed_shipments,الشحنات المتأخرة
allocationplans.dest_city,مدينة الوجهة
allocationplans.dest_node,عقدة الوجهة
allocationplans.dest_panelist,مشارك الوجهة
allocationplans.dest_status,حالة الوجهة
allocationplans.event_id,معرّف الحدث
allocationplans.loading,جارٍ التحميل...
allocationplans.no_records_found,لم يتم العثور على سجلات
allocationplans.origin_city,مدينة المنشأ
allocationplans.origin_node,عقدة المنشأ
allocationplans.origin_panelist,مشارك المنشأ
allocationplans.origin_status,حالة الأصل
allocationplans.pending,قيد الانتظار
allocationplans.plan,الخطة
allocationplans.product,المنتج
allocationplans.received,تم الاستلام
allocationplans.scheduled_date,التاريخ المحدد
allocationplans.sent,تم الإرسال
allocationplans.shipment_status,حالة الشحنة
allocationplans.tag_id,معرّف الوسم
allocationplans.total_delayed,إجمالي التأخير
allocationplans.total_issues,إجمالي المشكلات
allocationplans.total_pending,الإجمالي والقيد الانتظار
allocationplans.view_and_manage_generated_allocation_plans,عرض وإدارة خطط التخصيص المُنشأة
allocationplans.week,الأسبوع
auth.click_autofill_demo,انقر هنا لملء بيانات الدخول التجريبية تلقائيًا
auth.click_here_to_auto_fill_demo_credentials,انقر هنا لملء بيانات الدخول التجريبية تلقائيًا
auth.email,البريد الإلكتروني:
auth.email_address,عنوان البريد الإلكتروني
auth.email_placeholder,بريدك الإلكتروني@مثال.com
auth.enter_your_password,أدخل كلمة المرور الخاصة بك
auth.for_regulators,للمنظمين
auth.loading,جارٍ التحميل...
auth.password,كلمة المرور:
auth.password_placeholder,أدخل كلمة المرور الخاصة بك
auth.secure_auth_supabase,مصادقة آمنة بواسطة Supabase
auth.secure_authentication_powered_by_supabase,مصادقة آمنة مدعومة بواسطة Supabase
auth.sign_in,تسجيل الدخول
auth.signing_in,جارٍ تسجيل الدخول...
auth.try_demo_account,جرب حساب العرض التجريبي
auth.wherequalitystarts,حيث تبدأ الجودة
auth.your_email_com,بريدك الإلكتروني@مثال.com
bulk.cancelled_records,السجلات الملغاة
bulk.confirm_cancel,إلغاء السجلات المحددة؟
bulk.confirm_delete,حذف السجلات المحددة؟
bulk.confirm_reprocess,إعادة معالجة السجلات المحددة؟
bulk.deleted_records,السجلات المحذوفة
bulk.please_select_date,يرجى تحديد تاريخ
bulk.please_select_destination_node,يرجى تحديد عقدة الوجهة
bulk.please_select_origin_node,يرجى تحديد عقدة المصدر
bulk.reprocessed_records,السجلات المعاد معالجتها
bulk.retry_errors,إعادة محاولة الأخطاء
bulk.selected,محدد
bulk.updated_records,السجلات المحدثة
carriers.add_a_new_material_to_catalog_and_assign_to_produc,أضف مادة جديدة إلى الكتالوج وعيّنها للمنتج
carriers.add_carrier,إضافة ناقل
carriers.add_material,إضافة مادة
carriers.add_product,إضافة منتج
carriers.additional_details,تفاصيل إضافية...
carriers.all_carriers,جميع الناقلين
carriers.all_products,جميع المنتجات
carriers.all_products_have_materials,جميع المنتجات تحتوي على مواد!
carriers.all_status,جميع الحالات
carriers.cancel,إلغاء
carriers.carrier,الناقل
carriers.carrier_details,تفاصيل الناقل
carriers.carriers,الناقلون
carriers.carriers_products,الناقلون والمنتجات
carriers.choose_an_existing_material_from_your_catalog,اختر مادة موجودة من كتالوجك
carriers.choose_how_to_add,اختر كيفية إضافة مادة إلى هذا المنتج:
carriers.choose_how_to_add_material_to_this_product,اختر كيفية إضافة المادة إلى هذا المنتج:
carriers.clear_filters,مسح الفلاتر
carriers.code,الرمز *
carriers.collapse_all,طي الكل
carriers.collapse_product,طي المنتج
carriers.create,إنشاء
carriers.create_carrier,إنشاء ناقل
carriers.create_new_material,إنشاء مادة جديدة
carriers.create_new_material_desc,أضف مادة جديدة إلى الكتالوج وقم بتعيينها للمنتج
carriers.days,أيام
carriers.delete_carrier,حذف الناقل
carriers.delete_product,حذف المنتج
carriers.delivery_hours,ساعات التسليم
carriers.description,الوصف
carriers.description_field,الوصف
carriers.download_csv,تحميل ملف CSV
carriers.e_g_24,مثلاً، 24
carriers.e_g_dhl_exp_24,مثلاً، DHL-EXP-24
carriers.e_g_dhl_express,مثلاً، دي إتش إل إكسبرس
carriers.e_g_dhl_ups,مثلاً، دي إتش إل، يو بي إس
carriers.e_g_express_delivery_24_hours,مثلاً، توصيل سريع خلال 24 ساعة
carriers.e_g_express_standard_economy,مثلاً، سريع، عادي، اقتصادي
carriers.edit_carrier,تعديل الناقل
carriers.edit_product,تعديل المنتج
carriers.edit_quantity,تعديل الكمية
carriers.enter_new_quantity,"أدخل الكمية الجديدة لـ ""{name}"":"
carriers.every_product_has_materials_assigned_from_the_cata,كل منتج يحتوي على مواد مخصصة من الكتالوج
carriers.expand_all,توسيع الكل
carriers.expand_all_products,توسيع جميع المنتجات في هذه الناقلة
carriers.expand_all_products_in_this_carrier,توسيع جميع المنتجات في هذا الناقل
carriers.expand_carrier,توسيع المشغل
carriers.expand_product,توسيع المنتج
carriers.expand_products,توسيع جميع منتجات هذا المشغل
carriers.heures,الساعات
carriers.hours,ساعات
carriers.jours,الأيام
carriers.loading,جاري تحميل الناقلين...
carriers.loading_carriers,جارٍ تحميل شركات الشحن...
carriers.manage_description,إدارة مشغلي الشحن
carriers.manage_shipping_carriers_products_and_material_req,إدارة شركات الشحن، المنتجات، ومتطلبات المواد
carriers.mat_001,MAT-001
carriers.material,مادة
carriers.materials,مواد
carriers.materials_assigned,المواد المعينة
carriers.materiels,المواد
carriers.name,الاسم *
carriers.no_active_materials_in_catalog_create_a_new_one_in,لا توجد مواد نشطة في الكتالوج. قم بإنشاء مادة جديدة بدلاً من ذلك.
carriers.no_carriers,لم يتم العثور على ناقلين
carriers.no_carriers_defined_yet,لم يتم تعريف أي شركات شحن بعد
carriers.no_carriers_yet,لم يتم تعريف شركات نقل بعد
carriers.no_materials,لا توجد مواد مخصصة بعد
carriers.no_materials_assigned_yet,لم يتم تعيين أي مواد بعد
carriers.no_products,لا توجد منتجات
carriers.no_products_for_this_carrier_yet,لا توجد منتجات لهذا الناقل بعد
carriers.no_results_found,لم يتم العثور على نتائج
carriers.pending_materials,المواد المعلقة
carriers.product,منتج
carriers.product_code,رمز المنتج
carriers.products,منتجات
carriers.products_count,عدد المنتجات
carriers.products_need_materials,هذه المنتجات تحتاج إلى تعيين مواد لتكون عملية
carriers.products_without_materials,منتجات بدون مواد
carriers.products_without_materials_title,منتجات بدون مواد
carriers.produits,المنتجات
carriers.promise,الوعد
carriers.qty,الكمية
carriers.quantity,الكمية *
carriers.remove_material,إزالة المادة
carriers.remove_material_confirm,"هل تود إزالة المادة ""{name}"" من هذا المنتج؟"
carriers.rfid_tag,علامة RFID
carriers.search_carriers_or_products,ابحث عن شركات النقل أو المنتجات...
carriers.search_placeholder,البحث عن مشغلين أو منتجات...
carriers.select_from_catalog,اختر من الكتالوج
carriers.select_from_catalog_desc,اختر مادة موجودة من الكتالوج الخاص بك
carriers.select_material,اختر المادة *
carriers.standard_delivery_time,وقت التسليم القياسي *
carriers.start_by_creating_your_first_carrier_to_manage_shi,ابدأ بإنشاء أول ناقل لديك لإدارة شحن المنتجات
carriers.status,الحالة *
carriers.tab_carriers_products,المشغلون والمنتجات
carriers.tab_products_without_materials,منتجات بدون مواد
carriers.these_products_need_material_assignments_to_be_ope,هذه المنتجات تحتاج إلى تعيين مواد لتكون قابلة للتشغيل
carriers.time_unit,وحدة الوقت *
carriers.title,المشغلون والمنتجات
carriers.transporteurs,الناقلون
carriers.try_adjusting_your_search_or_filters,حاول تعديل بحثك أو الفلاتر
carriers.type,النوع
carriers.unit_measure,وحدة القياس
carriers.units_kg_etc,وحدات، كجم، إلخ.
carriers.update_quantity,تحديث الكمية
carriers.with_materials,مع المواد
carriers.without_materials,بدون مواد
catalog.add_material,إضافة مادة
catalog.material_code,رمز المادة
catalog.material_name,اسم المادة
catalog.title,كتالوج المواد
cityform.cancel,إلغاء
cityform.city_class,فئة المدينة
cityform.city_code,رمز المدينة
cityform.city_name,اسم المدينة
cityform.class_a,الفئة أ
cityform.class_b,الفئة ب
cityform.class_c,الفئة ج
cityform.create,إنشاء
cityform.latitude,خط العرض
cityform.longitude,خط الطول
cityform.optional,اختياري
cityform.population,السكان
cityform.population_description,إجمالي سكان المدينة (يستخدم لتحليل التأثير في التقارير)
cityform.saving,جارٍ الحفظ...
cityform.update,تحديث
common.1st_semester,الفصل الأول
common.2nd_semester,الفصل الثاني
common.about,حول
common.actions,الإجراءات
common.active,نشط
common.active_only,النشطة فقط
common.add_record,إضافة سجل
common.all,الكل
common.all_cities,جميع المدن
common.all_nodes,جميع العقد
common.all_status,جميع الحالات
common.apply,تطبيق
common.available,متاح
common.bulk_edit,التحرير الجماعي
common.bulk_edit_description,تحرير {count} سجلات محددة. اترك الحقول فارغة للتخطي.
common.calculate,حساب
common.cancel,إلغاء
common.city,المدينة
common.clear,مسح
common.close,إغلاق
common.collapse_all,طي الكل
common.confirm,تأكيد
common.confirm_delete,حذف هذا السجل؟
common.create,إنشاء
common.created_successfully,تم الإنشاء بنجاح
common.creating,جارٍ الإنشاء...
common.cutoff,إغلاق
common.days,أيام
common.delete,حذف
common.delete_selected,حذف المحدد
common.deleted_successfully,تم الحذف بنجاح
common.description,الوصف
common.deselect_all,إلغاء تحديد الكل
common.download,تحميل
common.edit,تعديل
common.end_date,تاريخ الانتهاء
common.error,خطأ
common.expand_all,توسيع الكل
common.export,تصدير
common.export_csv,تصدير CSV
common.export_to_csv,تصدير إلى CSV
common.filters,الفلاتر
common.first_semester,الفصل الدراسي الأول
common.friday,الجمعة
common.generate_plan,إنشاء الخطة
common.generating,جاري التوليد...
common.hide,إخفاء
common.hide_filters,إخفاء الفلاتر
common.hours,ساعات
common.import,استيراد
common.inactive,غير نشط
common.info,معلومات
common.information,معلومات
common.language,اللغة
common.leave_empty_to_skip,اترك فارغًا للتخطي
common.loading,جاري التحميل...
common.loading_carriers,جاري تحميل شركات النقل...
common.loading_data,جاري تحميل البيانات...
common.loading_topology,جاري تحميل الطوبولوجيا...
common.material,المادة
common.minutes,دقائق
common.monday,الاثنين
common.no,لا
common.no_panelist,لا يوجد عضو
common.no_results_found,لم يتم العثور على نتائج
common.node,العقدة
common.of,من
common.opening,افتتاح
common.pending,قيد الانتظار
common.please_select_at_least_one,يرجى تحديد سجل واحد على الأقل
common.promise,وعد
common.quick_month_selection,تحديد سريع للشهر
common.records,السجلات
common.refresh,تحديث
common.region,المنطقة
common.register,تسجيل
common.remove,إزالة
common.reset,إعادة تعيين
common.reset_filters,إعادة تعيين الفلاتر
common.saturday,السبت
common.save,حفظ
common.saving,جاري الحفظ...
common.search,بحث
common.second_semester,الفصل الدراسي الثاني
common.select,تحديد
common.select_all,تحديد الكل
common.show,عرض
common.show_filters,إظهار الفلاتر
common.show_id,عرض المعرف
common.sign_out,تسجيل الخروج
common.start_date,تاريخ البدء
common.status,الحالة
common.success,نجاح
common.sunday,الأحد
common.thursday,الخميس
common.to,إلى
common.total,الإجمالي
common.tuesday,الثلاثاء
common.type,النوع
common.unavailable,غير متاح
common.unit,الوحدة
common.update,تحديث
common.updated_successfully,تم التحديث بنجاح
common.updating,جارٍ التحديث...
common.warning,تحذير
common.wednesday,الأربعاء
common.year,السنة
common.yes,نعم
countrytopology.all_cities,جميع المدن
countrytopology.all_nodes,جميع العقد
countrytopology.all_nodes_have_panelists,جميع العقد تحتوي على أعضاء لجنة!
countrytopology.all_regions,جميع المناطق
countrytopology.cities,المدن
countrytopology.city,المدينة
countrytopology.clear_filters,مسح الفلاتر
countrytopology.collapse_all,طي الكل
countrytopology.country_topology,طوبولوجيا الدولة
countrytopology.create_region,إنشاء منطقة
countrytopology.define_and_manage_your_country_network_infrastruct,تعريف وإدارة هيكلية بنية شبكة الدولة الخاصة بك
countrytopology.download_csv,تحميل CSV
countrytopology.every_node_in_your_topology_has_a_panelist_assigne,كل عقدة في الطوبولوجيا الخاصة بك لديها مشارك معين
countrytopology.expand_all,توسيع الكل
countrytopology.loading_topology,جارٍ تحميل الطوبولوجيا...
countrytopology.no_results_found,لم يتم العثور على نتائج
countrytopology.no_topology_defined_yet,لم يتم تعريف الطوبولوجيا بعد
countrytopology.node_id,معرّف العقدة
countrytopology.nodes_without_panelists,العقد بدون مشاركين
countrytopology.pending_panelist,مشارك معلق
countrytopology.region,منطقة
countrytopology.regions,مناطق
countrytopology.search_regions_cities_or_nodes,ابحث عن مناطق أو مدن أو عقد...
countrytopology.start_by_creating_your_first_region_to_build_your_,ابدأ بإنشاء أول منطقة لبناء طوبولوجيا الدولة الخاصة بك
countrytopology.these_nodes_need_panelist_assignment_to_be_operati,تحتاج هذه العقد إلى تعيين مشارك لتكون عملية
countrytopology.topology_tree,شجرة الطوبولوجيا
countrytopology.total_nodes,إجمالي العقد
countrytopology.try_adjusting_your_search_or_filters,حاول تعديل بحثك أو الفلاتر
countrytopology.with_panelist,مع المشارك
countrytopology.with_panelists,مع المشاركين
countrytopology.without_panelist,بدون المشارك
countrytopology.without_panelists,بدون المشاركين
dashboard.active,نشط
dashboard.active_carriers,الناقلون النشطون
dashboard.active_products,المنتجات النشطة
dashboard.active_resources,الموارد النشطة
dashboard.allocation_plans,خطط التخصيص
dashboard.availability_issues,مشكلات التوفر
dashboard.availability_rate,معدل التوفر
dashboard.available,متاح
dashboard.available_combinations,التوليفات المتاحة
dashboard.carrier_product_pairs,أزواج الناقل والمنتج
dashboard.carriers_products,الناقلون والمنتجات
dashboard.configured_routes,المسارات المُعدة
dashboard.coverage_rate,معدل التغطية
dashboard.critical_alerts,التنبيهات الحرجة
dashboard.current_alerts,التنبيهات الحالية
dashboard.current_month,الشهر الحالي
dashboard.currently_unavailable,غير متوفر حالياً
dashboard.delayed_shipments,الشحنات المتأخرة
dashboard.delivery_standards,معايير التسليم
dashboard.inactive,غير نشط
dashboard.inactive_lowercase,غير نشط
dashboard.incomplete_standards,المعايير غير المكتملة
dashboard.issues_delays,المشكلات والتأخيرات
dashboard.last_30_days,آخر 30 يوماً
dashboard.last_60_days,آخر 60 يوماً
dashboard.last_90_days,آخر 90 يوماً
dashboard.loading_dashboard,جارٍ تحميل لوحة التحكم...
dashboard.management_dashboard,لوحة تحكم الإدارة
dashboard.management_tip,نصيحة إدارية
dashboard.management_tip_text,استخدم محدد الفترة لعرض إحصائيات الشهر الحالي أو تخطيط الشهر القادم. انقر على أي بطاقة للوصول إلى العرض التفصيلي. تحقق من التنبيهات الحرجة يوميًا للحفاظ على التميز التشغيلي. راقب إجازات المشاركين واحتياجات المواد لتجنب تعارضات التخصيص.
dashboard.material_management,إدارة المواد
dashboard.material_requirements,متطلبات المواد
dashboard.needing_review,بحاجة إلى مراجعة
dashboard.needs_review,يحتاج مراجعة
dashboard.next_30_days,الثلاثون يوماً القادمة
dashboard.next_month,الشهر القادم
dashboard.no_panelist,لا يوجد مشارك
dashboard.of,من
dashboard.on_leave,في إجازة
dashboard.on_vacation,في إجازة
dashboard.panelist_status,حالة المشارك
dashboard.panelist_stock,مخزون المشارك
dashboard.panelists_availability,المشاركون والتوافر
dashboard.pending,قيد الانتظار
dashboard.pending_items,العناصر المعلقة
dashboard.pending_shipments,الشحنات المعلقة
dashboard.purchase_orders,أوامر الشراء
dashboard.received,مستلم
dashboard.regulator_stock,مخزون المنظم
dashboard.selected_period,الفترة المختارة:
dashboard.sent,مرسل
dashboard.shipments_to_panelists,الشحنات إلى المشاركين
dashboard.standards_configuration,تكوين المعايير
dashboard.stock_alerts,تنبيهات المخزون
dashboard.tooltip_active_carriers,عدد شركات النقل النشطة المتاحة للشحنات
dashboard.tooltip_active_products,عدد المنتجات النشطة المكونة عبر جميع شركات النقل
dashboard.tooltip_coverage_rate,نسبة المعايير ذات التكوين الكامل
dashboard.tooltip_delayed_shipments,الشحنات المجدولة قبل اليوم ولكن لم يتم استلامها بعد
dashboard.tooltip_management_dashboard,لوحة التحكم الإدارية: نظرة عامة على المقاييس التشغيلية وحالة الموارد والتنبيهات الحرجة. استخدم محدد الفترة لعرض إحصائيات الشهر الحالي أو القادم.
dashboard.tooltip_material_requirements,متطلبات المواد المعلقة من الجهات التنظيمية
dashboard.tooltip_needs_review,المعايير التي تفتقد الوقت أو نسبة النجاح المكونة
dashboard.tooltip_panelist_stock,تنبيهات المخزون في مواقع الأعضاء
dashboard.tooltip_pending_shipments,شحنات المخزون المعلقة للإرسال
dashboard.tooltip_received_plans,الخطط المستلمة بنجاح
dashboard.tooltip_sent_plans,الخطط المرسلة وفي الطريق
dashboard.tooltip_shipments_to_panelists,الشحنات المعلقة من المواد إلى الأعضاء
dashboard.tooltip_total_panelists,العدد الإجمالي للأعضاء في النظام
dashboard.tooltip_total_plans,إجمالي خطط التخصيص في الفترة المحددة
dashboard.tooltip_total_standards,العدد الإجمالي لمعايير التسليم المكونة
dashboard.total,الإجمالي
dashboard.total_and_status,الإجمالي والحالة
dashboard.total_panelists,إجمالي المشاركين
dashboard.total_plans,إجمالي الخطط
dashboard.total_standards,إجمالي المعايير
dashboard.total_status,الإجمالي والحالة
dashboard.unassigned,غير مخصص
dashboard.unavailable,غير متاح
dashboard.upcoming_vacations,الإجازات القادمة
delivery_standards.about_text,تكوين أوقات التسليم المتوقعة بين المدن لكل مجموعة ناقل-منتج
delivery_standards.absolute,مطلق
delivery_standards.add_standard,إضافة معيار
delivery_standards.all_carriers,جميع الناقلين
delivery_standards.all_destinations,جميع الوجهات
delivery_standards.all_origins,جميع المصادر
delivery_standards.all_products,جميع المنتجات
delivery_standards.bulk_update,تحديث جماعي
delivery_standards.carrier,شركة النقل *
delivery_standards.clear_all_selections,مسح كل التحديدات
delivery_standards.confirm_delete,حذف معيار التسليم هذا؟
delivery_standards.create_standard,إنشاء معيار
delivery_standards.created,تم إنشاء معيار التسليم بنجاح
delivery_standards.critical_percent,حرج %
delivery_standards.critical_threshold,العتبة الحرجة
delivery_standards.days,أيام
delivery_standards.delete_selected,حذف المحدد
delivery_standards.deleted,تم حذف معيار التسليم بنجاح
delivery_standards.description,الوصف
delivery_standards.destination,الوجهة
delivery_standards.destination_city,مدينة الوجهة *
delivery_standards.destination_classification,تصنيف الوجهة
delivery_standards.e_g_24,مثال: 24
delivery_standards.e_g_85,مثال: 85
delivery_standards.edit_standard,تحرير المعيار
delivery_standards.estimated_combinations,التوليفات المقدرة:
delivery_standards.expected_days,الأيام المتوقعة
delivery_standards.generate_combinations,إنشاء التوليفات
delivery_standards.generate_delivery_standards,إنشاء معايير التسليم
delivery_standards.generation_complete,اكتمل الإنشاء
delivery_standards.hours,ساعات
delivery_standards.jk,J+K
delivery_standards.loading_standards,جاري تحميل معايير التسليم...
delivery_standards.no_products_for_this_carrier,لا توجد منتجات لهذا الناقل
delivery_standards.origin,المصدر
delivery_standards.origin_city,مدينة المنشأ *
delivery_standards.origin_classification,تصنيف المصدر
delivery_standards.pending_only,قيد الانتظار فقط
delivery_standards.product,المنتج *
delivery_standards.promise,الوعد
delivery_standards.relative,نسبي
delivery_standards.select_carrier,اختر الناقل
delivery_standards.select_destination,اختر الوجهة
delivery_standards.select_origin,اختر المنشأ
delivery_standards.select_product,اختر المنتج
delivery_standards.smart_generation,الإنشاء الذكي:
delivery_standards.standard_time,الوقت القياسي
delivery_standards.std_percent,Std %
delivery_standards.success,نسبة النجاح %
delivery_standards.success_percentage,٪ النجاح
delivery_standards.threshold_type,نوع العتبة
delivery_standards.time_unit,وحدة الوقت *
delivery_standards.title,معايير التسليم
delivery_standards.tolerance_days,أيام التسامح
delivery_standards.unit,الوحدة
delivery_standards.updated,تم تحديث معيار التسليم بنجاح
delivery_standards.warning_percent,تحذير %
delivery_standards.warning_threshold,عتبة التحذير
deliverystandards.about_delivery_standards,حول معايير التسليم
deliverystandards.absoluto,مطلق:
deliverystandards.absoluto_del_100,مطلق (% من 100%)
deliverystandards.all_carriers,جميع الناقلين
deliverystandards.all_cities,جميع المدن
deliverystandards.all_products,جميع المنتجات
deliverystandards.all_types,جميع الأنواع
deliverystandards.carrier,الناقل
deliverystandards.carrier_s_product_service_type_e_g_express_standar,نوع منتج/خدمة الناقل (مثل: سريع، عادي، اقتصادي)
deliverystandards.city_where_the_package_is_delivered_destination_ci,المدينة التي يتم فيها تسليم الطرد (مدينة الوجهة)
deliverystandards.city_where_the_package_is_picked_up_origin_city,المدينة التي يتم فيها استلام الطرد (مدينة المنشأ)
deliverystandards.configured,مُكوَّن
deliverystandards.create_delivery_standard,إنشاء معيار التسليم
deliverystandards.critical,النسبة الحرجة
deliverystandards.critical_threshold,الحد الحرج (%)
deliverystandards.days,أيام
deliverystandards.delivery_standards,معايير التسليم
deliverystandards.destination,الوجهة
deliverystandards.destination_city,مدينة الوجهة
deliverystandards.destination_type,نوع الوجهة
deliverystandards.e_g_10,مثال: 10
deliverystandards.e_g_20,مثال: 20
deliverystandards.e_g_24,مثال: 24
deliverystandards.e_g_85,مثال: 85
deliverystandards.edit_delivery_standard,تعديل معيار التسليم
deliverystandards.edit_or_delete_this_delivery_standard,تحرير أو حذف معيار التسليم هذا
deliverystandards.ejemplo_success_95_warning_10_l_mite_90_100_10,مثال: النجاح=95٪، التحذير=10٪ → الحد=90٪ (100٪ - 10٪)
deliverystandards.ejemplo_success_95_warning_5_l_mite_90_25_95_95_5,مثال: النجاح=95٪، التحذير=5٪ → الحد=90.25٪ (95٪ - 95٪×5٪)
deliverystandards.filters,الفلاتر
deliverystandards.hours,الساعات
deliverystandards.j_k,J+K:
deliverystandards.key_metrics,المقاييس الرئيسية:
deliverystandards.loading_delivery_standards,جاري تحميل معايير التسليم...
deliverystandards.logistics_carrier_responsible_for_delivery_e_g_dhl,الناقل اللوجستي المسؤول عن التسليم (مثل DHL، FedEx)
deliverystandards.los_thresholds_se_calculan_como_del_100,يتم حساب العتبات كنسبة مئوية من 100٪.
deliverystandards.los_thresholds_se_calculan_como_del_success,يتم حساب العتبات كنسبة مئوية من نسبة النجاح.
deliverystandards.manage_delivery_time_standards_between_cities_for_,إدارة معايير وقت التسليم بين المدن لكل ناقل ومنتج
deliverystandards.no_delivery_standards_found_generate_combinations_,لم يتم العثور على معايير تسليم. قم بإنشاء التركيبات للبدء.
deliverystandards.origin,الأصل
deliverystandards.origin_city,مدينة الأصل
deliverystandards.origin_type,نوع الأصل
deliverystandards.pending,قيد الانتظار
deliverystandards.pending_only,الانتظار فقط
deliverystandards.product,المنتج
deliverystandards.purpose,الغرض:
deliverystandards.relativo,نسبي
deliverystandards.relativo_del_success,نسبي (% من نسبة النجاح %)
deliverystandards.reset_all_filters,إعادة تعيين جميع الفلاتر
deliverystandards.selected,المحدد
deliverystandards.standard_delivery_time_e_g_j_2_means_2_days_from_p,وقت التسليم القياسي (مثلاً، J+2 تعني يومين من الاستلام)
deliverystandards.standard_time,الوقت القياسي
deliverystandards.std,نسبة قياسية:
deliverystandards.success,نسبة النجاح %
deliverystandards.target_percentage_of_deliveries_meeting_the_j_k_st,النسبة المستهدفة للتسليمات التي تفي بالمعيار J+K
deliverystandards.threshold_calculation_type_relative_percentage_bas,نوع حساب العتبة: نسبي (معتمد على النسبة المئوية) أو مطلق (قيمة ثابتة)
deliverystandards.threshold_type,نوع العتبة
deliverystandards.thresholds,العتبات:
deliverystandards.time_unit,وحدة الزمن
deliverystandards.time_unit_for_the_j_k_value_hours_or_days,وحدة الزمن لقيمة J+K (ساعات أو أيام)
deliverystandards.tipo_de_c_lculo_de_thresholds,نوع حساب العتبات:
deliverystandards.total_standards,إجمالي المعايير
deliverystandards.type,النوع
deliverystandards.type_a,النوع أ
deliverystandards.type_b,النوع ب
deliverystandards.type_c,النوع ج
deliverystandards.unit,الوحدة
deliverystandards.usage,الاستخدام:
deliverystandards.warning,نسبة التحذير
deliverystandards.warning_and_critical_deviation_levels_for_performa,مستويات الانحراف التحذيري والحرج لمراقبة الأداء
deliverystandards.warning_threshold,عتبة التحذير (%)
diagnosis.consolidation.actions.create_reader,إنشاء قارئ
diagnosis.consolidation.actions.mark_resolved,وضع علامة كمحلول
diagnosis.consolidation.actions.reprocess,إعادة المعالجة
diagnosis.consolidation.actions.view_history,عرض السجل
diagnosis.consolidation.columns.description,الوصف
diagnosis.consolidation.columns.detected_at,تاريخ الاكتشاف
diagnosis.consolidation.columns.incident_type,النوع
diagnosis.consolidation.columns.postal_center,المركز البريدي
diagnosis.consolidation.columns.status,الحالة
diagnosis.consolidation.columns.tag_id,معرف العلامة
diagnosis.consolidation.description,معالجة أحداث RFID الأولية واكتشاف الشذوذات في النظام
diagnosis.consolidation.details.affected_events,الأحداث المتأثرة
diagnosis.consolidation.details.created_at,تم الإنشاء في
diagnosis.consolidation.details.detected_at,تم الاكتشاف في
diagnosis.consolidation.details.event_id,معرف الحدث
diagnosis.consolidation.details.event_of,حدث {current} من {total}
diagnosis.consolidation.details.incident_summary,ملخص الحادث
diagnosis.consolidation.details.internal_id,المعرف الداخلي
diagnosis.consolidation.details.is_processed,تمت المعالجة
diagnosis.consolidation.details.no,لا
diagnosis.consolidation.details.no_raw_events,لا توجد أحداث أولية متاحة
diagnosis.consolidation.details.quick_actions,إجراءات سريعة
diagnosis.consolidation.details.raw_events,أحداث EPCIS الأولية
diagnosis.consolidation.details.read_datetime,تاريخ/وقت القراءة
diagnosis.consolidation.details.reader_code,رمز القارئ
diagnosis.consolidation.details.reader_id,معرف القارئ
diagnosis.consolidation.details.severity,الخطورة
diagnosis.consolidation.details.tag_id_epc,معرف العلامة (EPC)
diagnosis.consolidation.details.yes,نعم
diagnosis.consolidation.error,خطأ في الدمج: {message}
diagnosis.consolidation.error_no_session,لا توجد جلسة نشطة
diagnosis.consolidation.incident_resolved,تم وضع علامة على الحادث كمحلول بنجاح
diagnosis.consolidation.incident_types.data_quality,جودة البيانات
diagnosis.consolidation.incident_types.missing_exit,خروج مفقود
diagnosis.consolidation.incident_types.unknown_reader,قارئ غير معروف
diagnosis.consolidation.incidents_table_title,الحوادث المكتشفة
diagnosis.consolidation.last_consolidation,آخر دمج
diagnosis.consolidation.never,أبدًا
diagnosis.consolidation.no_incidents,لم يتم اكتشاف حوادث
diagnosis.consolidation.pending_events,الأحداث المعلقة
diagnosis.consolidation.run_button,تشغيل الدمج
diagnosis.consolidation.status.pending,معلق
diagnosis.consolidation.status.resolved,تم الحل
diagnosis.consolidation.success,اكتمل الدمج: {processed} حدث تمت معالجته - {incidents} حادث تم اكتشافه
diagnosis.consolidation.title,دمج الأحداث
diagnosis.consolidation.total_incidents,إجمالي الحوادث
layout.all_accounts,جميع الحسابات
layout.sign_out,تسجيل الخروج
layout.view_as_account,عرض كحساب:
load_balancing.about_text,موازنة تخصيص الأعضاء بين العقد لتحسين توزيع عبء العمل
load_balancing.apply_balance,تطبيق التوازن
load_balancing.applying,جاري تطبيق التوازن...
load_balancing.calculating,جاري حساب التوازن...
load_balancing.confirm_apply,تطبيق هذه التغييرات على تخصيصات الأعضاء؟
load_balancing.current_distribution,التوزيع الحالي
load_balancing.current_load,الحمل الحالي
load_balancing.current_panelists,الأعضاء الحاليون
load_balancing.description,الوصف
load_balancing.difference,الفرق
load_balancing.loading,جاري تحميل بيانات التوازن...
load_balancing.node,العقدة
load_balancing.preview_changes,معاينة التغييرات
load_balancing.rebalance,إعادة التوازن
load_balancing.reset_preview,إعادة تعيين المعاينة
load_balancing.success,تم تطبيق التوازن بنجاح
load_balancing.target_load,الحمل المستهدف
load_balancing.target_panelists,الأعضاء المستهدفون
load_balancing.title,موازنة حمل العقد
material.add_material,إضافة مادة
material_catalog.additional_details,تفاصيل إضافية...
material_catalog.code,الرمز *
material_catalog.description,الوصف
material_catalog.mat_001,MAT-001
material_catalog.minimum_stock_safety_stock,الحد الأدنى للمخزون (مخزون الأمان)
material_catalog.name,الاسم *
material_catalog.promise,الوعد
material_catalog.rfid_tag,علامة تحديد التردد اللاسلكي (RFID)
material_catalog.title,كتالوج المواد
material_catalog.unit_measure,وحدة القياس
material_catalog.units_kg_etc,وحدات، كجم، إلخ.
material_requirements.about,حول متطلبات المواد
material_requirements.about_description,حساب احتياجات المواد بناءً على خطط التخصيص
material_requirements.all_materials,جميع المواد
material_requirements.all_nodes,جميع العقد
material_requirements.assigned,مخصص
material_requirements.calculate,حساب المتطلبات
material_requirements.calculating,جاري الحساب...
material_requirements.calculation_period,فترة الحساب
material_requirements.carrier,الناقل
material_requirements.city,المدينة
material_requirements.clear_filters,مسح الفلاتر
material_requirements.description,الوصف
material_requirements.end_date,تاريخ الانتهاء
material_requirements.export_csv,تصدير CSV
material_requirements.filters,الفلاتر
material_requirements.items_needed,العناصر المطلوبة
material_requirements.loading,جاري تحميل متطلبات المواد...
material_requirements.material_code,رمز المادة
material_requirements.material_name,اسم المادة
material_requirements.node,العقدة
material_requirements.panelist,العضو
material_requirements.panelist_distribution,توزيع الأعضاء
material_requirements.panelist_requirements,متطلبات المشاركين في اللجنة
material_requirements.panelists_needing,الأعضاء المحتاجون
material_requirements.pending,قيد الانتظار
material_requirements.plans,الخطط
material_requirements.please_select_dates,يرجى تحديد التواريخ
material_requirements.product,المنتج
material_requirements.purchase_orders,أوامر الشراء
material_requirements.purchase_requirements,متطلبات الشراء
material_requirements.quantity,الكمية
material_requirements.quantity_needed,الكمية المطلوبة
material_requirements.quick_period_selection,اختيار سريع للفترة
material_requirements.region,المنطقة
material_requirements.shipments,الشحنات
material_requirements.start_date,تاريخ البدء
material_requirements.status,الحالة
material_requirements.title,متطلبات المواد
material_requirements.to_send,لإرسال
material_requirements.total_materials,إجمالي المواد
material_requirements.total_requirements,إجمالي المتطلبات
material_requirements.unit,الوحدة
materialcatalog.code,الرمز
materialcatalog.description,الوصف
materialcatalog.loading,جارٍ التحميل...
materialcatalog.manage_reusable_materials_for_all_products,إدارة المواد القابلة لإعادة الاستخدام لجميع المنتجات
materialcatalog.material_catalog,كتالوج المواد
materialcatalog.min_stock,الحد الأدنى للمخزون
materialcatalog.name,الاسم
materialcatalog.no_materials_in_catalog_create_your_first_material,لا توجد مواد في الكتالوج. أنشئ أول مادة للبدء.
materialcatalog.promise,الوعد
materialcatalog.unit,الوحدة
materialrequirements.all_materials,جميع المواد
materialrequirements.all_nodes,جميع العقد
materialrequirements.calculate_material_needs_based_on_allocation_plans,حساب احتياجات المواد بناءً على خطط التخصيص
materialrequirements.end_date,تاريخ الانتهاء
materialrequirements.error_calculating_requirements,خطأ في حساب المتطلبات
materialrequirements.export_to_csv,تصدير إلى CSV
materialrequirements.filters,الفلاتر
materialrequirements.material,المادة
materialrequirements.material_code,رمز المادة
materialrequirements.material_name,اسم المادة
materialrequirements.material_requirements,متطلبات المادة
materialrequirements.node,العقدة
materialrequirements.panelist_requirements,متطلبات الأعضاء
materialrequirements.panelists_needing,الأعضاء الذين يحتاجون
materialrequirements.plans,الخطط
materialrequirements.purchase_requirements,متطلبات الشراء
materialrequirements.quantity,الكمية
materialrequirements.quantity_needed,الكمية المطلوبة
materialrequirements.quick_period_selection,اختيار فترة سريع
materialrequirements.reset_all_filters,إعادة تعيين جميع الفلاتر
materialrequirements.shipments,الشحنات
materialrequirements.start_date,تاريخ البدء
materialrequirements.total_materials,إجمالي المواد
materialrequirements.unit,الوحدة
materialrequirements.year,السنة
materials.all_materials,جميع المواد
materials.all_nodes,جميع العقد
materials.calculate,احسب
materials.calculate_description,حساب احتياجات المواد بناءً على خطط التخصيص
materials.date_placeholder,يوم/شهر/سنة
materials.end_date,تاريخ الانتهاء
materials.first_semester,الفصل الدراسي الأول
materials.material,المادة
materials.month_apr,أبريل
materials.month_aug,أغسطس
materials.month_dec,ديسمبر
materials.month_feb,فبراير
materials.month_jan,يناير
materials.month_jul,يوليو
materials.month_jun,يونيو
materials.month_mar,مارس
materials.month_may,مايو
materials.month_nov,نوفمبر
materials.month_oct,أكتوبر
materials.month_sep,سبتمبر
materials.no_materials_selected,لم يتم تحديد مواد
materials.node,العقدة
materials.quick_period_selection,اختيار فترة سريع
materials.requirements_title,احتياجات المواد
materials.search_materials,بحث عن مواد
materials.second_semester,الفصل الدراسي الثاني
materials.select_materials,تحديد مواد
materials.selected_materials,المواد المحددة
materials.start_date,تاريخ البدء
materials.year,السنة
menu.account_configuration,تكوين الحساب
menu.account_configuration.tooltip,تكوين إعدادات مستوى الحساب للتشخيص
menu.accounts,الحسابات
menu.accounts.tooltip,إدارة جميع الحسابات في النظام
menu.administration,الإدارة
menu.all_users,جميع المستخدمين
menu.all_users.tooltip,عرض وإدارة جميع المستخدمين عبر الحسابات
menu.allocation_generator,مولد التخصيص
menu.allocation_generator.tooltip,إنشاء خطط التخصيص تلقائيًا بناءً على المتطلبات
menu.allocation_management,إدارة التخصيص
menu.allocation_plans,خطط التخصيص
menu.allocation_plans.tooltip,إدارة جميع تخصيصات الشحنات
menu.carriers,المشغلون والمنتجات
menu.carriers.tooltip,إدارة المشغلين وكاتالوج منتجاتهم
menu.dashboard,لوحة التحكم
menu.dashboard.tooltip,نظرة عامة على المقاييس التشغيلية والتنبيهات الحرجة
menu.databases_section,قواعد البيانات
menu.databases_section.tooltip,إدارة قواعد البيانات والوصول إلى واجهة برمجة التطبيقات
menu.delivery_standards,معايير التسليم
menu.delivery_standards.tooltip,تحديد أوقات التسليم المتوقعة ونسب النجاح حسب الناقل والمنتج
menu.demo_reset,إعادة تعيين العرض التوضيحي
menu.demo_reset.tooltip,إعادة تعيين بيانات حساب العرض التوضيحي
menu.e2e_db,E2E DBبيانات ONE
menu.event_consolidation.tooltip,معالجة أحداث RFID واكتشاف الشذوذات
menu.extract_e2e_db_api,Extract E2E DB API
menu.extract_e2e_db_api.tooltip,استخراج بيانات E2E عبر REST API
menu.load_balancing,موازنة الحمل
menu.load_balancing.tooltip,تصور وإعادة موازنة توزيع الشحنات عبر العقد
menu.material_catalog,كتالوج المواد
menu.material_catalog.tooltip,الكتالوج الرئيسي لجميع المواد
menu.material_requirements,متطلبات المواد
menu.material_requirements.tooltip,حساب احتياجات المواد بناءً على خطط التخصيص
menu.materials_management,إدارة المواد
menu.onedb_api,واجهة برمجة تطبيقات ONE DB
menu.onedb_api.tooltip,الوصول إلى ONE DB عبر واجهة برمجة التطبيقات REST
menu.onedb_generator,مولد ONEDB
menu.onedb_generator.tooltip,توليد سجلات الاستلام لخطط التخصيص
menu.overview,نظرة عامة
menu.panelists,المشاركون في اللجنة
menu.panelists.tooltip,تسجيل وإدارة توافر المشاركين في اللجنة
menu.postal_centers,المراكز البريدية
menu.postal_centers.tooltip,تكوين المراكز البريدية وقارئات RFID
menu.processed_events,أحداث RFID الموحدة
menu.processed_events.tooltip,عرض وتحليل أحداث RFID المعالجة
menu.reporting,التقارير
menu.reporting_compliance,الامتثال
menu.reporting_compliance.tooltip,مراقبة الامتثال لمعايير التسليم
menu.reporting_dashboard,لوحة التحكم
menu.reporting_dashboard.tooltip,نظرة عامة على مؤشرات الأداء الرئيسية
menu.reporting_e2e,نهاية إلى نهاية
menu.reporting_e2e.tooltip,تحليلات شاملة ومقاييس الأداء
menu.reporting_equity,تكافؤ الإقليم
menu.reporting_equity.tooltip,تحليل التكافؤ في توزيع الشحنات
menu.reporting_jk,أداء J+K
menu.reporting_jk.tooltip,تحليل الأداء مقابل معايير التسليم
menu.reporting_onedb.tooltip,السجل الكامل لجميع الشحنات المستلمة
menu.rfid_events_consolidation,دمج أحداث RFID
menu.rfid_events_db,RFID Events DB
menu.rfid_events_db.tooltip,قاعدة بيانات أحداث RFID المعالجة مع الأحداث الموحدة
menu.setup,الإعداد
menu.setup_diagnosis,شبكة التشخيص
menu.setup_diagnosis.tooltip,تكوين إعدادات تشخيص الشبكة البريدية
menu.setup_e2e,شبكة E2E
menu.setup_e2e.tooltip,تكوين إعدادات شبكة المراقبة E2E
menu.slas_configuration,Sites SLA
menu.slas_configuration.tooltip,تكوين Sites SLA
menu.stock_management,إدارة المخزون
menu.stock_management.tooltip,مراقبة مستويات المخزون والتنبيهات
menu.superadmin,المشرف الأعلى
menu.topology,هيكلية الدول
menu.topology.tooltip,تحديد الهيكل الجغرافي بالدول
menu.translations,الترجمات
menu.translations.tooltip,إدارة ترجمات التطبيق
menu.users,المستخدمون
menu.users.tooltip,إدارة حسابات المستخدمين والصلاحيات
months.apr,أبريل
months.aug,أغسطس
months.dec,ديسمبر
months.feb,فبراير
months.jan,يناير
months.jul,يوليو
months.jun,يونيو
months.mar,مارس
months.may,مايو
months.nov,نوفمبر
months.oct,أكتوبر
months.sep,سبتمبر
nodeLoadBalancing.after,بعد
nodeLoadBalancing.applyBalance,تطبيق التوازن
nodeLoadBalancing.balancePreview,معاينة التوازن
nodeLoadBalancing.before,قبل
nodeLoadBalancing.cancel,إلغاء
nodeLoadBalancing.highLoadNodes,العقد ذات الحمل العالي
nodeLoadBalancing.highLoadNodesDesc,العقد بنسبة 120-150% من متوسط الحمل
nodeLoadBalancing.loadDistributionMatrix,مصفوفة توزيع الحمل
nodeLoadBalancing.loadLevel,مستوى الحمل
nodeLoadBalancing.loading,جارٍ التحميل...
nodeLoadBalancing.matrixView,عرض مصفوفي
nodeLoadBalancing.saturatedNodes,العقد المشبعة
nodeLoadBalancing.saturatedNodesDesc,العقد التي تتجاوز 150% من متوسط الحمل
nodeLoadBalancing.stdDevAfter,الانحراف المعياري بعد
nodeLoadBalancing.stdDevBefore,الانحراف المعياري قبل
nodeLoadBalancing.totalShipments,إجمالي الشحنات
nodeLoadBalancing.totalShipmentsDesc,جميع الشحنات خلال الفترة
node_load_balancing.acceptable_deviation_tooltip,الانحراف المقبول عن المرجع
node_load_balancing.deviation_tolerance,تحمل الانحراف (%)
node_load_balancing.deviation_tolerance_label,تحمل الانحراف
node_load_balancing.expected_average_tooltip,متوسط العينات المتوقع لكل عقدة
node_load_balancing.no_data_message,لا توجد بيانات متاحة للفترة المحددة. حاول تحديد شهر مختلف.
node_load_balancing.quick_selection,تحديد سريع
node_load_balancing.reference_load,حمل مرجعي
node_load_balancing.reference_samples_node,عينات مرجعية/عقدة
node_load_balancing.subtitle,تحسين توزيع الشحنات عبر العقد والأسابيع
node_load_balancing.title,موازنة حمل العقد
nodeloadbalancing.acceptable_deviation_from_reference,الانحراف المقبول عن المرجع
nodeloadbalancing.actualiza_fecha_programada_y_node_id_en_allocation,تحديث تاريخ_المجدول و node_id في تفاصيل خطة التخصيص
nodeloadbalancing.additional_nodes_required,العقد الإضافية المطلوبة
nodeloadbalancing.after,بعد
nodeloadbalancing.all_shipments_in_period,جميع الشحنات في الفترة
nodeloadbalancing.avg_node,متوسط/العقدة:
nodeloadbalancing.balance_not_needed,الرصيد غير مطلوب
nodeloadbalancing.before,قبل
nodeloadbalancing.c_lculo_del_objetivo,حساب الهدف:
nodeloadbalancing.calculating_balance_preview,جارٍ حساب معاينة الرصيد...
nodeloadbalancing.clasificaci_n,التصنيف:
nodeloadbalancing.con_ref_63_y_20_normal_lt_75_6_high_75_6_saturated,مع Ref=63 و %=20، عادي < 75.6، مرتفع ≥ 75.6، مشبع ≥ 81.9
nodeloadbalancing.concepto,المفهوم:
nodeloadbalancing.critical,حرج:
nodeloadbalancing.deviation_tolerance,تحمل الانحراف (%)
nodeloadbalancing.ejemplo,مثال:
nodeloadbalancing.ejemplo_305_shipments_1_nodo_5_semanas_61_por_celd,مثال: 305 شحنات / (1 عقدة × 5 أسابيع) = 61 لكل خلية
nodeloadbalancing.end_date,تاريخ الانتهاء
nodeloadbalancing.even_after_optimal_balancing_the_average_load_per_,حتى بعد الموازنة المثلى، متوسط الحمل لكل عقدة (
nodeloadbalancing.expected_average_samples_per_node,متوسط العينات المتوقع لكل عقدة
nodeloadbalancing.filters,الفلاتر
nodeloadbalancing.high_load,حمل مرتفع:
nodeloadbalancing.high_load_nodes,عقد ذات حمل مرتفع
nodeloadbalancing.how_it_works,كيف يعمل:
nodeloadbalancing.identifica_celdas_sobrecargadas_gt_objetivo_1_2,يحدد الخلايا المحملة بشكل زائد (> الهدف × 1.2)
nodeloadbalancing.identifica_celdas_subcargadas_lt_objetivo_0_9,يحدد الخلايا المحملة بشكل ناقص (< الهدف × 0.9)
nodeloadbalancing.improvement,تحسين
nodeloadbalancing.load_distribution_matrix,مصفوفة توزيع الأحمال
nodeloadbalancing.load_level,مستوى الحمل:
nodeloadbalancing.loading_node_load_data,جاري تحميل بيانات حمل العقدة...
nodeloadbalancing.matrix_balancing_algorithm,خوارزمية موازنة المصفوفة
nodeloadbalancing.matrix_data_not_available,بيانات المصفوفة غير متوفرة
nodeloadbalancing.minimiza_la_desviaci_n_est_ndar_de_toda_la_matriz,تقليل الانحراف المعياري لكامل المصفوفة
nodeloadbalancing.monthly_avg,المتوسط الشهري
nodeloadbalancing.movements,الحركات
nodeloadbalancing.mueve_shipments_de_celdas_sobrecargadas_a_subcarga,نقل الشحنات من الخلايا المحملة بشكل زائد إلى الخلايا المحملة بشكل ناقص
nodeloadbalancing.no_action_required_all_cells_are_within_acceptable,لا حاجة لاتخاذ إجراء. جميع الخلايا ضمن النطاق المقبول.
nodeloadbalancing.no_data_available_for_the_selected_period_try_sele,لا تتوفر بيانات للفترة المحددة. حاول اختيار شهر مختلف.
nodeloadbalancing.node,العقدة
nodeloadbalancing.node_load_balancing,موازنة حمل العقد
nodeloadbalancing.nodes_at_120_150_avg_load,العقد بحمل متوسط بين 120-150%
nodeloadbalancing.nodes_over_150_avg_load,العقد بحمل متوسط فوق 150%
nodeloadbalancing.normal,عادي:
nodeloadbalancing.optimal,مثالي:
nodeloadbalancing.optimize_shipment_distribution_across_nodes_and_we,تحسين توزيع الشحنات عبر العقد والأسابيع
nodeloadbalancing.porcentaje_de_desviaci_n_aceptable_respecto_al_val,نسبة الانحراف المقبولة بالنسبة للقيمة المرجعية.
nodeloadbalancing.preventive,وقائي:
nodeloadbalancing.proceso,العملية:
nodeloadbalancing.promedio_objetivo_total_shipments_nodos_semanas,المتوسط المستهدف = إجمالي الشحنات / (العقد × الأسابيع)
nodeloadbalancing.purpose,الغرض:
nodeloadbalancing.quick_selection,اختيار سريع
nodeloadbalancing.reference_load,حمل مرجعي
nodeloadbalancing.reference_samples_node,عينات مرجعية/العقدة
nodeloadbalancing.resultado,النتيجة:
nodeloadbalancing.saturated,مشبع:
nodeloadbalancing.saturated_nodes,العقد المشبعة
nodeloadbalancing.si_esperas_63_samples_por_nodo_este_ser_tu_valor_d,إذا كنت تتوقع 63 عينة لكل عقدة، فسيكون هذا هو قيمة المرجع الخاصة بك.
nodeloadbalancing.start_date,تاريخ البدء
nodeloadbalancing.std_dev_after,الانحراف المعياري بعد
nodeloadbalancing.std_dev_before,الانحراف المعياري قبل
nodeloadbalancing.summary,الملخص
nodeloadbalancing.total,الإجمالي:
nodeloadbalancing.total_shipments,إجمالي الشحنات
nodeloadbalancing.urgent,عاجل:
nodeloadbalancing.usage,الاستخدام:
nodeloadbalancing.use_the_auto_balance_button_below_to_redistribute_,"استخدم زر ""التوازن التلقائي"" أدناه لإعادة توزيع الحمل تلقائيًا."
nodeloadbalancing.warning,تحذير:
nodeloadbalancing.year,السنة
one_db.title,ONE DB
onedb.all_carriers,جميع الناقلين
onedb.all_cities,جميع المدن
onedb.all_products,جميع المنتجات
onedb.all_records,جميع السجلات
onedb.all_shipment_records,جميع سجلات الشحن
onedb.avg_transit_days,متوسط أيام العبور
onedb.business_days,أيام العمل
onedb.business_days_average,متوسط أيام العمل
onedb.carrier,الناقل
onedb.delayed,متأخر
onedb.destination,الوجهة:
onedb.destination_city,مدينة الوجهة
onedb.exceeded_standard,تجاوز المعيار
onedb.export_csv,تصدير CSV
onedb.filters,مرشحات
onedb.from_date,من التاريخ
onedb.loading_records,جارٍ تحميل السجلات...
onedb.met_delivery_standard,تم تحقيق معيار التسليم
onedb.no_records_to_display,لا توجد سجلات للعرض
onedb.on_time,في الوقت المحدد
onedb.on_time_delivery,التسليم في الوقت المحدد
onedb.one_db,قاعدة بيانات واحدة
onedb.origin,الأصل:
onedb.origin_city,مدينة المنشأ
onedb.plan,الخطة
onedb.product,المنتج
onedb.received,تم الاستلام
onedb.reset_filters,إعادة تعيين الفلاتر
onedb.route,المسار
onedb.search,بحث
onedb.sent,تم الإرسال
onedb.showing_records,عرض {{filtered}} من أصل {{total}} سجلاً إجمالياً
onedb.tag_id,معرّف العلامة
onedb.tag_id_or_plan,معرّف العلامة أو الخطة...
onedb.title,قاعدة البيانات الموحدة
onedb.to_date,حتى تاريخه
onedb.total_records,إجمالي السجلات
onedb.transit_days,أيام العبور
onedb.validated_postal_quality_analytics_repository,مستودع تحليلات جودة البريد المعتمد
onedb_api.api_key_label,مفتاح API الخاص بك
onedb_api.api_tester_title,مختبر API
onedb_api.auth_note,ملاحظة: يستخدم رأس Authorization مفتاح Supabase anon (المقدم من النظام)، بينما يحتوي X-API-Key على مفتاح API الشخصي الخاص بك.
onedb_api.authentication_description,يجب أن تتضمن جميع طلبات API مفتاح API الخاص بك في رأس Authorization باستخدام مصادقة Bearer.
onedb_api.authentication_title,المصادقة
onedb_api.base_url,الرابط الأساسي
onedb_api.calls_last_hour,المكالمات في الساعة الأخيرة
onedb_api.confirm_regenerate,هل أنت متأكد من رغبتك في إعادة إنشاء مفتاح API الخاص بك؟ سيتم تعطيل المفتاح القديم فورًا.
onedb_api.copied,تم النسخ!
onedb_api.copy,نسخ
onedb_api.created_at,تم الإنشاء
onedb_api.credentials_section,بيانات اعتماد API
onedb_api.description,"واجهة برمجة تطبيقات REST للاستعلام واستخراج بيانات ONE DB. وصول للقراءة فقط مع التصفية حسب التاريخ والترقيم. محدود بـ 10,000 سجل لكل طلب و 10 طلبات في الدقيقة."
onedb_api.end_date,تاريخ الانتهاء
onedb_api.end_date_desc,تاريخ الانتهاء لتصفية السجلات (التنسيق: YYYY-MM-DD)
onedb_api.endpoint_description,استرجاع سجلات ONE DB مصفاة حسب نطاق التاريخ
onedb_api.endpoint_section,نقطة نهاية API
onedb_api.endpoints_title,النقاط النهائية المتاحة
onedb_api.error_codes_title,رموز حالة HTTP
onedb_api.examples_title,أمثلة الطلبات
onedb_api.generate_key,إنشاء مفتاح API
onedb_api.generate_key_first,يرجى إنشاء مفتاح API أولاً لاستخدام المختبر.
onedb_api.generating,جارٍ الإنشاء...
onedb_api.last_call,آخر مكالمة API
onedb_api.limit,الحد الأقصى
onedb_api.limit_10_per_minute,الحد: 10 في الدقيقة
onedb_api.limit_desc,الحد الأقصى لعدد السجلات التي سيتم إرجاعها (الافتراضي: 100)
onedb_api.loading_stats,جارٍ تحميل الإحصائيات...
onedb_api.max_records_note,ملاحظة: تُرجع واجهة برمجة التطبيقات حدًا أقصى قدره 10000 سجل إجمالاً. استخدم نطاقات تاريخ أكثر تحديدًا إذا كنت بحاجة إلى الوصول إلى المزيد من البيانات.
onedb_api.never,أبدًا
onedb_api.no,لا
onedb_api.no_api_key,أنشئ واحدًا لبدء استخدام API.
onedb_api.offset,الإزاحة
onedb_api.offset_desc,عدد السجلات التي يجب تخطيها للترقيم (الافتراضي: 0)
onedb_api.parameter,المعلمة
onedb_api.query_parameters,معلمات الاستعلام
onedb_api.rate_limit_info,حد المعدل: 10 طلبات في الدقيقة
onedb_api.rate_limiting_description,لضمان الاستخدام العادل واستقرار النظام
onedb_api.rate_limiting_title,تحديد المعدل
onedb_api.regenerate_key,إعادة إنشاء مفتاح API
onedb_api.required,مطلوب
onedb_api.response,الاستجابة
onedb_api.response_format,تنسيق الاستجابة
onedb_api.security_warning_text,لا تشاركه علنًا أو ترفعه إلى نظام التحكم في الإصدارات. أي شخص لديه هذا المفتاح يمكنه الوصول إلى بيانات ONE DB الخاصة بك.
onedb_api.security_warning_title,تحذير أمني
onedb_api.start_date,تاريخ البدء
onedb_api.start_date_desc,تاريخ البدء لتصفية السجلات (التنسيق: YYYY-MM-DD)
onedb_api.status_200,نجاح - تم إكمال الطلب بنجاح
onedb_api.status_400,طلب خاطئ - معلمات أو تنسيق تاريخ غير صالح
onedb_api.status_401,غير مصرح - مفتاح API غير صالح أو مفقود
onedb_api.status_429,طلبات كثيرة جدًا - تم تجاوز حد المعدل
onedb_api.status_500,خطأ داخلي في الخادم - حدث خطأ في جانبنا
onedb_api.status_code,رمز الحالة
onedb_api.tab_documentation,التوثيق
onedb_api.tab_overview,نظرة عامة
onedb_api.tab_testing,الاختبار
onedb_api.tab_usage,الاستخدام
onedb_api.test_api,اختبار طلب API
onedb_api.testing,جارٍ الاختبار...
onedb_api.title,GET API - ONE DB
onedb_api.total_calls_month,إجمالي المكالمات هذا الشهر
onedb_api.type,النوع
onedb_api.usage_statistics,إحصائيات الاستخدام
onedb_api.yes,نعم
panelists.activate,تفعيل
panelists.active_lowercase,نشط
panelists.add_panelist,إضافة عضو
panelists.add_unavailability,إضافة فترة عدم توفر
panelists.address_line_1,السطر الأول من العنوان
panelists.address_line_2,السطر الثاني من العنوان
panelists.all_cities,جميع المدن
panelists.all_in_system,الإجمالي في النظام
panelists.all_nodes,جميع العقد
panelists.all_panelists,جميع المشاركين في اللوحة
panelists.all_panelists_in_system,جميع الأعضاء في النظام
panelists.all_periods,جميع الفترات
panelists.all_reasons,جميع الأسباب
panelists.all_status,جميع الحالات
panelists.allocation_plan_city,مدينة خطة التوزيع
panelists.apartment_suite_etc_optional,شقة، جناح، إلخ. (اختياري)
panelists.available_for_deliveries,متاح للتوصيل
panelists.bulk_actions,إجراءات جماعية
panelists.choose_an_action_to_apply_to_all_selected_items,اختر إجراءً لتطبيقه على جميع العناصر المحددة
panelists.city,المدينة
panelists.city_address,مدينة العنوان
panelists.clear_selection_btn,مسح التحديد
panelists.code,الرمز
panelists.code_name_email,الرمز، الاسم، البريد الإلكتروني...
panelists.country,البلد
panelists.current_active,الحالي (نشط الآن)
panelists.date_range,نطاق التواريخ
panelists.deactivate,تعطيل
panelists.deactivate_tooltip,تعطيل المشارك في اللوحة
panelists.delete_panelist,حذف العضو
panelists.delete_tooltip,حذف المشارك في اللوحة
panelists.duration,المدة
panelists.edit_panelist,تعديل العضو
panelists.edit_tooltip,تعديل المشارك في اللوحة
panelists.email,البريد الإلكتروني
panelists.end_date,تاريخ الانتهاء
panelists.filters,الفلاتر
panelists.leave_empty_to_auto_generate,اتركه فارغًا للتوليد التلقائي
panelists.loading,جارٍ التحميل...
panelists.loading_panelists,جاري تحميل الأعضاء...
panelists.manage_availability,إدارة توفر الأعضاء
panelists.manage_panelist_profiles_and_assignments,إدارة ملفات الأعضاء وتعييناتهم
panelists.manage_panelists_and_their_availability_for_delive,إدارة الأعضاء وتوفرهم للتوصيل
panelists.manage_profiles,إدارة ملفات المشاركين وتعييناتهم
panelists.manage_unavailability,إدارة فترات عدم توفر المشاركين لإعادة التعيين التلقائي للعينات
panelists.management,إدارة الأعضاء
panelists.mobile,الهاتف المحمول
panelists.name,الاسم
panelists.no_panelists,لم يتم العثور على أعضاء
panelists.no_panelists_found,لم يتم العثور على أعضاء
panelists.node,العقدة
panelists.not_available,غير متوفر
panelists.notes,ملاحظات
panelists.one_day,1 يوم
panelists.panelist_code,رمز المشارك
panelists.panelist_details,تفاصيل العضو
panelists.panelists,المشاركون
panelists.panelists_management,إدارة المشاركين
panelists.panelists_tab,الأعضاء
panelists.past,الماضي
panelists.personal,شخصي
panelists.postal_code,الرمز البريدي
panelists.reason,السبب
panelists.reset_all_filters,إعادة تعيين جميع الفلاتر
panelists.search_placeholder,البحث بالرمز أو الاسم أو البريد الإلكتروني...
panelists.search_unavailability_placeholder,اسم المشارك، ملاحظات...
panelists.select_a_node,اختر عقدة
panelists.selected_count,{count} محدد
panelists.sick_leave,إجازة مرضية
panelists.start_date,تاريخ البدء
panelists.status,الحالة
panelists.street_address,عنوان الشارع
panelists.tab_panelists,المشاركون في اللوحة
panelists.tab_unavailability,فترات عدم التوفر
panelists.telegram_id,معرف تيليجرام
panelists.total_panelists,إجمالي المشاركين
panelists.training,تدريب
panelists.unavailability_periods,فترات عدم التوفر
panelists.unavailability_tab,عدم التوفر
panelists.upcoming,القادم
panelists.username_or_numeric_id,@اسم_المستخدم أو المعرف الرقمي
panelists.vacation,إجازة
panelistunavailability.tsx.additional_information_about_this_unavailability_p,معلومات إضافية حول فترة عدم التوفر هذه...
panelistunavailability.tsx.all_panelists,جميع المشاركين
panelistunavailability.tsx.all_periods,جميع الفترات
panelistunavailability.tsx.all_reasons,جميع الأسباب
panelistunavailability.tsx.all_status,جميع الحالات
panelistunavailability.tsx.cancel_periods,إلغاء الفترات
panelistunavailability.tsx.cancelled,تم الإلغاء
panelistunavailability.tsx.clear_selection,مسح التحديد
panelistunavailability.tsx.current_active_now,الحالي (نشط الآن)
panelistunavailability.tsx.date_range,نطاق التاريخ
panelistunavailability.tsx.duration,المدة
panelistunavailability.tsx.end_date,تاريخ الانتهاء
panelistunavailability.tsx.filters,الفلاتر
panelistunavailability.tsx.loading,جارٍ التحميل...
panelistunavailability.tsx.manage_panelist_unavailability_periods_for_automat,إدارة فترات عدم توفر أعضاء اللجنة لإعادة تعيين العينة تلقائيًا
panelistunavailability.tsx.notes,ملاحظات
panelistunavailability.tsx.other,أخرى
panelistunavailability.tsx.panelist,عضو اللجنة
panelistunavailability.tsx.panelist_name_notes,اسم عضو اللجنة، ملاحظات...
panelistunavailability.tsx.past,الماضي
panelistunavailability.tsx.personal,شخصي
panelistunavailability.tsx.reason,السبب
panelistunavailability.tsx.reset_all_filters,إعادة تعيين جميع الفلاتر
panelistunavailability.tsx.select_a_panelist,اختر عضو لجنة
panelistunavailability.tsx.sick_leave,إجازة مرضية
panelistunavailability.tsx.start_date,تاريخ البدء
panelistunavailability.tsx.training,التدريب
panelistunavailability.tsx.unavailability_periods,فترات عدم التوفر
panelistunavailability.tsx.upcoming,القادمة
panelistunavailability.tsx.vacation,إجازة
postal_centers.active_centers,المراكز النشطة
postal_centers.basic_info,المعلومات الأساسية
postal_centers.calculation_mode,وضع الحساب
postal_centers.center_holidays,العطلات الخاصة بالمركز
postal_centers.code,الرمز
postal_centers.configuration,التكوين
postal_centers.confirm_delete_center,هل أنت متأكد من حذف هذا المركز البريدي؟ سيتم حذف جميع القارئات المرتبطة أيضًا.
postal_centers.create_center,إنشاء مركز بريدي
postal_centers.cutoff_time,وقت القطع
postal_centers.description,الوصف
postal_centers.edit_center,تعديل المركز البريدي
postal_centers.from_account,من الحساب
postal_centers.holiday_reason,السبب
postal_centers.holidays,العطلات (أيام غير العمل)
postal_centers.holidays_inherited_help,تتم إدارة أيام عدم العمل على مستوى الحساب ويتم توريثها تلقائيًا بواسطة جميع المراكز البريدية
postal_centers.hours,ساعات
postal_centers.inherit_from_account,الوراثة من الحساب
postal_centers.inherited,موروث
postal_centers.inherited_from_account,موروث من الحساب
postal_centers.inherited_holidays,موروثة من الحساب
postal_centers.inheriting_from_account,موروث من الحساب
postal_centers.is_active,نشط
postal_centers.minutes,دقائق
postal_centers.mixed_reader_gap_help,فجوة زمنية لفصل أحداث الدخول/الخروج في القارئات المختلطة (اتركه فارغًا للوراثة من الحساب)
postal_centers.mixed_reader_gap_minutes,فجوة القارئ المختلط (دقائق)
postal_centers.mode,الوضع
postal_centers.name,الاسم
postal_centers.natural_days,أيام طبيعية
postal_centers.no_account_holidays,لا توجد عطلات محددة على مستوى الحساب
postal_centers.no_center_holidays,لا توجد عطلات خاصة بالمركز محددة
postal_centers.no_centers_found,لم يتم العثور على مراكز بريدية
postal_centers.opening_hour,ساعة الافتتاح
postal_centers.override,مخصص
postal_centers.postal_center,المركز البريدي
postal_centers.search_placeholder,البحث عن مراكز بريدية أو قارئات...
postal_centers.specific,خاص
postal_centers.status,الحالة
postal_centers.tab_centers,المراكز
postal_centers.tab_readers,القراء
postal_centers.title,المراكز البريدية
postal_centers.total_centers,إجمالي المراكز
postal_centers.weekly_schedule,الجدول الأسبوعي
postal_centers.weekly_schedule_help,تخصيص ساعات العمل لهذا المركز أو الوراثة من تكوين الحساب
postal_centers.working_days,أيام العمل
processed_events.active,نشط
processed_events.adjusted_time,الوقت المعدل
processed_events.all_centers,جميع المراكز
processed_events.all_pairing,جميع الحالات
processed_events.all_types,جميع الأنواع
processed_events.analysis_time,وقت التحليل
processed_events.avg_adjusted,متوسط الوقت المعدل
processed_events.avg_raw_count,متوسط عدد الخام
processed_events.avg_transit,متوسط الوقت
processed_events.business_hours_avg,متوسط ساعات العمل
processed_events.by_type,حسب النوع
processed_events.clear_selection,مسح التحديد
processed_events.consolidated,موحد
processed_events.consolidated_events,الأحداث الموحدة
processed_events.consolidated_status,حالة التوحيد
processed_events.consolidation_progress,تقدم التوحيد
processed_events.date_from,من تاريخ
processed_events.date_to,إلى تاريخ
processed_events.description,عرض وتحليل جميع أحداث RFID التي تمت معالجتها بنجاح
processed_events.deselect_all,إلغاء تحديد الكل
processed_events.done,مكتمل
processed_events.entry_reader,قارئ الدخول
processed_events.entry_short,دخول
processed_events.entry_time,وقت الدخول
processed_events.error,خطأ في تحميل الأحداث
processed_events.event_type,نوع الحدث
processed_events.event_type_tooltip,نوع الحدث: ENTRY (الدخول إلى المركز) أو EXIT (الخروج من المركز)
processed_events.event_types,أنواع الأحداث
processed_events.exit_reader,قارئ الخروج
processed_events.exit_short,خروج
processed_events.exit_time,وقت الخروج
processed_events.export_csv,تصدير CSV
processed_events.export_selected,تصدير السجلات المحددة
processed_events.filters,الفلاتر
processed_events.has_pair,له زوج
processed_events.loading,جاري تحميل الأحداث...
processed_events.minutes_avg,دقائق في المتوسط
processed_events.mixed_short,مختلط
processed_events.no_pair,بدون زوج
processed_events.no_records,لم يتم العثور على أحداث موحدة
processed_events.pairing,الاقتران
processed_events.pairing_description,دخول + خروج
processed_events.pairing_filter,الاقتران
processed_events.pairing_rate,معدل الاقتران
processed_events.pairing_rate_description,% من الأحداث مع زوج
processed_events.pairing_status,حالة الاقتران
processed_events.pairing_tooltip,يشير إلى ما إذا كان الحدث له زوج مقابل (دخول مع خروج أو العكس) في نفس المركز البريدي
processed_events.pending,قيد الانتظار
processed_events.postal_center,المركز البريدي
processed_events.postal_center_tooltip,المركز البريدي حيث تم تسجيل حدث RFID
processed_events.processed_events,الأحداث المعالجة
processed_events.raw_count,الأحداث الخام
processed_events.raw_count_tooltip,عدد القراءات الخام الموحدة في هذا الحدث المعالج
processed_events.raw_events_per_processed,أحداث خام لكل معالج
processed_events.reader_id,معرف القارئ
processed_events.reader_id_tooltip,رمز قارئ RFID الذي اكتشف العلامة
processed_events.reader_type,نوع القارئ
processed_events.reader_type_tooltip,نوع القارئ: Entry (المداخل فقط)، Exit (المخارج فقط)، أو Mixed (كلاهما)
processed_events.reader_types,أنواع القارئ
processed_events.reset,إعادة تعيين
processed_events.search,بحث
processed_events.search_placeholder,البحث بواسطة معرف العلامة أو القارئ أو المركز البريدي...
processed_events.segmentation_description,Journey Segments المنشأة
processed_events.segmentation_status,حالة التجزئة
processed_events.select_all,تحديد الكل
processed_events.selected_of,محدد من
processed_events.showing_records,عرض {filtered} من {total} حدث
processed_events.tag_id,معرف العلامة
processed_events.tag_id_tooltip,المعرف الفريد لعلامة RFID التي اكتشفها القارئ
processed_events.timestamp,الطابع الزمني
processed_events.timestamp_tooltip,التاريخ والوقت الدقيق لتسجيل حدث RFID
processed_events.title,أحداث RFID الموحدة
processed_events.tooltip,تعرض هذه الشاشة جميع أحداث RFID التي تم دمجها بنجاح. تتضمن معلومات العبور والأوقات المعدلة لساعات العمل.
processed_events.total_events,إجمالي الأحداث
processed_events.transit_time,وقت العبور
processed_events.type_entry,دخول
processed_events.type_exit,خروج
processed_events.type_mixed,مختلط
productform.cancel,إلغاء
productform.code,الرمز
productform.create,إنشاء
productform.description,الوصف
productform.saving,جارٍ الحفظ...
productform.standard_delivery_time,وقت التسليم القياسي
productform.time_unit,وحدة الوقت
productform.update,تحديث
readers.activate,تفعيل
readers.active_readers,القارئات النشطة
readers.add_first_reader,إضافة القارئ الأول
readers.add_new,إضافة قارئ جديد
readers.add_reader,إضافة قارئ
readers.confirm_bulk_delete,هل أنت متأكد من حذف {{count}} قارئ؟
readers.confirm_delete,هل أنت متأكد من حذف هذا القارئ؟
readers.confirm_delete_reader,هل أنت متأكد من حذف هذا القارئ؟
readers.create_reader,إنشاء قارئ
readers.deactivate,إلغاء التفعيل
readers.description,الوصف
readers.edit_reader,تعديل القارئ
readers.entry_readers,قارئات الدخول
readers.exit_readers,قارئات الخروج
readers.filter_by_center,تصفية حسب المركز البريدي
readers.filter_by_status,تصفية حسب الحالة
readers.filter_by_type,تصفية حسب النوع
readers.from_account,من الحساب
readers.gap,الفجوة
readers.gap_threshold,عتبة الفجوة
readers.inherited,موروث
readers.inheriting_from_account,موروث من الحساب
readers.is_active,نشط
readers.minutes,دقائق
readers.mixed_reader_gap_help,تجاوز عتبة الفجوة لهذا القارئ (اتركه فارغًا للوراثة)
readers.mixed_reader_gap_minutes,عتبة الفجوة (دقائق)
readers.mixed_readers,القارئات المختلطة
readers.name,الاسم
readers.no_readers_found,لم يتم العثور على قراء
readers.postal_center,المركز البريدي
readers.postal_center_help,تعيين هذا القارئ إلى مركز بريدي
readers.reader,قارئ
readers.reader_id,معرف القارئ
readers.reader_id_help,يجب أن يتطابق مع ReaderId في أحداث EPCIS
readers.reader_type,نوع القارئ
readers.readers,القارئات
readers.search_placeholder,البحث بواسطة معرف القارئ أو الاسم
readers.selected_count,{{count}} محدد
readers.status,الحالة
readers.status_active,نشط
readers.status_inactive,غير نشط
readers.status_offline,غير متصل
readers.status_unknown,غير معروف
readers.title,القراء
readers.total_count,الإجمالي: {{count}} قارئ
readers.total_readers,إجمالي القارئات
readers.type,النوع
readers.type_entry,دخول
readers.type_entry_help,يستخدم MIN(timestamp) - أقدم قراءة
readers.type_exit,خروج
readers.type_exit_help,يستخدم MAX(timestamp) - أحدث قراءة
readers.type_mixed,مختلط
readers.type_mixed_help,يفصل الدخول/الخروج بناءً على الفجوة الزمنية
receive.description,إنشاء إيصالات العينات
receive.generate,إنشاء
receive.title,مولد الإيصالات
receive_generator.advance_variance_days,تفاوت التقدم (أيام)
receive_generator.carriers,الناقلون
receive_generator.delay_variance_days,تفاوت التأخير (أيام)
receive_generator.demo_account_only,حساب تجريبي فقط - هذه الميزة متاحة لأغراض الاختبار فقط
receive_generator.end_date,تاريخ الانتهاء
receive_generator.example_out_of_sla_records_can_arrive_up_to,📊 مثال: يمكن أن تصل السجلات خارج اتفاقية مستوى الخدمة حتى {{max}} يومًا (اتفاقية مستوى الخدمة: {{sla}} يومًا\
receive_generator.example_records_can_arrive_between,📊 مثال: يمكن أن تصل السجلات بين {{min}} و {{max}} يومًا (اتفاقية مستوى الخدمة: {{sla}} يومًا)
receive_generator.failed_records,(فشل {{count}})
receive_generator.generate_records,توليد السجلات
receive_generator.generating,جاري التوليد... {{progress}}%
receive_generator.generation_complete,اكتمل التوليد
receive_generator.generation_summary,ملخص التوليد
receive_generator.generator_configuration,تكوين المولد
receive_generator.maximum_days_records_can_arrive_early,الحد الأقصى لعدد الأيام التي يمكن أن تصل فيها السجلات مبكرًا
receive_generator.maximum_days_records_can_be_delayed_beyond_sla,الحد الأقصى لعدد الأيام التي يمكن أن تتأخر فيها السجلات بعد اتفاقية مستوى الخدمة
receive_generator.number_of_records,عدد السجلات
receive_generator.out_of_sla_percentage,النسبة المئوية خارج اتفاقية مستوى الخدمة (%)
receive_generator.products,المنتجات
receive_generator.select_all,تحديد الكل
receive_generator.selected_carriers,المحدد: {{count}} ناقل(ناقلون)
receive_generator.selected_products,المحدد: {{count}} منتج(منتجات)
receive_generator.start_date,تاريخ البدء
receive_generator.subtitle,توليد سجلات استقبال تركيبية لأغراض الاختبار والعرض
receive_generator.successfully_created_records,تم إنشاء {{success}} سجل بنجاح{{failed}}
receive_generator.summary_combinations,• <strong>{{products}}</strong> منتج(منتجات) × <strong>{{carriers}}</strong> ناقل(ناقلون) = <strong>{{total}}</strong> تركيبة(تركيبات)
receive_generator.summary_date_range,• نطاق التواريخ: <strong>{{start}}</strong> إلى <strong>{{end}}</strong>
receive_generator.summary_records_per_combination,• <strong>{{count}}</strong> سجل لكل تركيبة
receive_generator.summary_total_records,• <strong>~{{count}}</strong> سجل إجمالي سيتم توليده
receive_generator.title,مولد سجلات ONE DB
receivegenerator.advance_variance_days,فرق التقدم (أيام)
receivegenerator.carriers,الناقلون
receivegenerator.delay_variance_days,فرق التأخير (أيام)
receivegenerator.demo_account_only_this_feature_is_only_available_f,حساب تجريبي فقط - هذه الميزة متاحة لأغراض الاختبار فقط
receivegenerator.end_date,تاريخ الانتهاء
receivegenerator.generate_records,إنشاء السجلات
receivegenerator.generate_synthetic_receive_records_for_testing_and,إنشاء سجلات استلام تركيبية لأغراض الاختبار والعرض التوضيحي
receivegenerator.generation_complete,اكتملت العملية
receivegenerator.generation_summary,ملخص الإنشاء
receivegenerator.generator_configuration,إعدادات المُنشئ
receivegenerator.maximum_days_records_can_arrive_early,الحد الأقصى لأيام وصول السجلات مبكرًا
receivegenerator.maximum_days_records_can_be_delayed_beyond_sla,الحد الأقصى لأيام تأخير السجلات بعد تجاوز اتفاقية مستوى الخدمة
receivegenerator.number_of_records,عدد السجلات
receivegenerator.out_of_sla_percentage,نسبة الخروج عن اتفاقية مستوى الخدمة (%)
receivegenerator.products,المنتجات
receivegenerator.receive_generator,مستلم المولد
receivegenerator.select_all,تحديد الكل
receivegenerator.start_date,تاريخ البدء
reporting.above_standard_good,فوق المعيار (جيد)
reporting.above_target,فوق الهدف
reporting.across_all_carriers,عبر جميع الناقلين
reporting.actual,النسبة الفعلية:
reporting.actual_days,الفعلية (أيام)
reporting.actual_percent,النسبة الفعلية %
reporting.actual_standard,النسبة الفعلية ≥ المعيار
reporting.after_standard,بعد المعيار
reporting.all_carriers,جميع الناقلين
reporting.all_destinations,جميع الوجهات
reporting.all_origins,جميع المنشأ
reporting.all_products,جميع المنتجات
reporting.all_regions,جميع المناطق
reporting.all_statuses,جميع الحالات
reporting.analyze_inbound_quality_to_one_city_from_all_origi,تحليل جودة الوارد إلى مدينة واحدة من جميع المنشأ
reporting.analyze_inbound_vs_outbound_service_quality_separa,تحليل جودة الخدمة الواردة مقابل الصادرة بشكل منفصل
reporting.analyze_outbound_quality_from_one_city_to_all_dest,تحليل جودة الصادر من مدينة واحدة إلى جميع الوجهات
reporting.analyze_service_equity_across_cities_and_regions,تحليل تكافؤ الخدمة عبر المدن والمناطق
reporting.analyze_specific_route_performance_origin_destinat,تحليل أداء مسار محدد (المنشأ → الوجهة)
reporting.analyze_trends_over_specific_time_periods,تحليل الاتجاهات خلال فترات زمنية محددة
reporting.average_business_days_for_all_shipments,متوسط أيام العمل لجميع الشحنات
reporting.average_samples_week,متوسط {{count}} عينات/أسبوع
reporting.avg_j_k_actual,متوسط J+K الفعلي
reporting.avg_jk_actual,متوسط J+K الفعلي
reporting.avg_standard,المتوسط المعياري ({percent} %)
reporting.avg_transit_days,متوسط أيام العبور
reporting.basic_information,معلومات أساسية
reporting.below_critical_threshold_with_penalty,أدنى من العتبة الحرجة (مع عقوبة)
reporting.below_standard_but_above_critical_no_penalty,أدنى من المعيار ولكن أعلى من العتبة الحرجة (بدون عقوبة)
reporting.below_standard_deviation,أدنى من المعيار (انحراف)
reporting.below_target,تحت الهدف
reporting.both_cities,كلا المدينتين:
reporting.both_cities_desc,تحليل أداء مسار محدد (المصدر → الوجهة)
reporting.both_directions,كلا الاتجاهين
reporting.business_days,أيام العمل
reporting.carrier,الناقل
reporting.carrier_product,الناقل / المنتج
reporting.carrier_product_breakdown,تفصيل الناقل والمنتج
reporting.carrier_product_desc,تضييق التحليل أكثر إلى مزودي خدمات أو أنواع محددة
reporting.carrier_product_level,مستوى الناقل / المنتج:
reporting.carrier_product_overview,نظرة عامة على الناقل والمنتج
reporting.carrier_product_performance,أداء الناقل → المنتج ({{count}} ناقل)
reporting.carrier_product_route,الناقل / المنتج / المسار
reporting.carrier_product_tab,الناقل → المنتج
reporting.chart_view,عرض الرسم البياني
reporting.circle_size_population,حجم الدائرة = عدد السكان
reporting.cities,المدن
reporting.citizens_affected,المواطنون المتأثرون
reporting.citizens_count,{count} مواطنين
reporting.city,المدينة
reporting.city_analysis,تحليل المدينة
reporting.city_equity_details,تفاصيل حقوق المدينة
reporting.city_equity_details_table,جدول تفاصيل حقوق المدينة
reporting.city_performance,أداء المدن ({{count}} مدخلات)
reporting.city_service_equity_treemap,خريطة شجرة حقوق خدمة المدينة
reporting.class,الفئة
reporting.classification,التصنيف:
reporting.compl,الشكوى
reporting.compliance,الامتثال:
reporting.compliance_analysis_by_carrier_product_route,تحليل الامتثال حسب الناقل → المنتج → المسار
reporting.compliance_by_carrier_product_route,الامتثال حسب الناقل → المنتج → المسار
reporting.compliance_percent,نسبة الامتثال %
reporting.compliance_status,حالة الامتثال
reporting.compliance_status_based_on_dynamic_thresholds,حالة الامتثال بناءً على الحدود الديناميكية:
reporting.compliant,مطابق:
reporting.compliant_abbr,مطابق
reporting.compliant_routes,المسارات المطابقة
reporting.compliant_shipments_total_shipments_100,الشحنات المطابقة / إجمالي الشحنات × 100%
reporting.critical,حرج
reporting.critical_limit,الحد الحرج:
reporting.critical_routes,المسارات الحرجة
reporting.cumulative,تراكمي:
reporting.cumulative_distribution_analysis,تحليل التوزيع التراكمي
reporting.cumulative_percent,النسبة التراكمية %
reporting.cumulative_percentage_desc,النسبة التراكمية للتسليمات حسب أيام العبور. تشير الأشرطة الخضراء إلى الأيام ضمن المعيار
reporting.cumulative_percentage_of_deliveries_by_transit_day,النسبة التراكمية للتسليمات حسب أيام العبور.
reporting.current_week,الأسبوع الحالي
reporting.date_range,نطاق التاريخ:
reporting.days,أيام
reporting.delayed,متأخر
reporting.description,الوصف:
reporting.destination_city,مدينة الوجهة
reporting.destination_only,الوجهة فقط:
reporting.destination_only_desc,تحليل جودة الوارد إلى مدينة من جميع المصادر
reporting.deviation,انحراف
reporting.difference_between_actual_and_standard,الفرق بين النسبة الفعلية والنسبة المعيارية
reporting.direct_value_from_delivery_standards,القيمة المباشرة من delivery_standards
reporting.direction,الاتجاه
reporting.direction_gap,فجوة الاتجاه:
reporting.directional_analysis,التحليل الاتجاهي
reporting.distribution_of_shipments_by_actual_transit_time,توزيع الشحنات حسب وقت العبور الفعلي مقارنة بمعيار التسليم
reporting.distribution_of_shipments_by_actual_transit_time_v,توزيع الشحنات حسب وقت العبور الفعلي مقابل معيار التسليم
reporting.end_date,تاريخ الانتهاء
reporting.equity_status,حالة الأسهم
reporting.export_audit_report,تقرير تدقيق التصدير
reporting.export_csv,تصدير CSV
reporting.export_filtered_data_to_csv,تصدير البيانات المفلترة إلى CSV
reporting.filter_analysis_guide,دليل تحليل الفلاتر
reporting.filter_carrier_product_desc_narrow,تقييد التحليل لمزودي الخدمة أو أنواع الخدمات المحددة
reporting.filter_carrier_product_label,الناقل/المنتج:
reporting.filter_date_range_desc,تحليل الاتجاهات خلال فترات محددة
reporting.filter_date_range_label,الفترة:
reporting.filter_direction_desc,تحليل جودة الخدمة الواردة مقابل الصادرة بشكل منفصل
reporting.filter_direction_label,الاتجاه:
reporting.filter_equity_status_desc,تحديد المدن ذات مستويات الامتثال المحددة
reporting.filter_equity_status_label,حالة العدالة:
reporting.filter_no_filters,لا توجد فلاتر:
reporting.filter_region_label,المنطقة:
reporting.filters,الفلاتر
reporting.focus_analysis_on_specific_geographic_areas,تركيز التحليل على مناطق جغرافية محددة
reporting.further_narrow_analysis_to_specific_service_provid,تضييق التحليل أكثر لمزودي الخدمة أو الأنواع المحددة
reporting.general_performance_dashboard,لوحة الأداء العامة
reporting.generating,جارٍ الإنشاء...
reporting.geographic_distribution,التوزيع الجغرافي
reporting.geographic_view,العرض الجغرافي
reporting.green,أخضر
reporting.identify_cities_with_specific_compliance_levels,تحديد المدن بمستويات امتثال محددة
reporting.in_critical_cities,في المدن الحرجة
reporting.in_standard_delayed,ضمن المعيار/متأخر
reporting.inb,وارد
reporting.inbound,نسبة الوارد
reporting.inbound_abbr,وارد
reporting.inbound_arrivals,الوارد (الوصولات)
reporting.inbound_arrow,↓ وارد
reporting.inbound_direction,وارد
reporting.inbound_percent,النسبة الواردة %
reporting.inbound_vs_outbound_comparison_top_10_by_direction,مقارنة الوارد والصادر (أفضل 10 حسب فرق الاتجاه)
reporting.inbound_vs_outbound_compliance_chart,مخطط امتثال الوارد مقابل الصادر
reporting.interpretation,التفسير:
reporting.j_k_actual,J+K الفعلي
reporting.j_k_performance_report,تقرير أداء J+K
reporting.j_k_std,J+K المعياري
reporting.jk_actual,J+K الفعلي
reporting.jk_performance_report,تقرير أداء J+K
reporting.jk_std,معيار J+K
reporting.last_12_weeks,آخر 12 أسبوعًا
reporting.legend,الأسطورة
reporting.loading,جاري التحميل...
reporting.loading_compliance_data,جاري تحميل بيانات الامتثال...
reporting.loading_j_k_performance_data,جاري تحميل بيانات أداء J+K...
reporting.loading_performance_data,جاري تحميل بيانات الأداء...
reporting.loading_territory_equity_data,جاري تحميل بيانات حقوق الإقليم...
reporting.map_interactive_description,خريطة تفاعلية تظهر عدالة الخدمات في المدن. حجم الدائرة يمثل السكان
reporting.mapa_de_localidades_treemap,خريطة المناطق (خريطة شجرية)
reporting.meeting_standard,مطابق للمعيار
reporting.narrow_analysis_to_specific_service_providers_or_t,تضييق التحليل لمزودي الخدمة أو الأنواع المحددة
reporting.negative,سلبي:
reporting.no_compliance_data_available,لا تتوفر بيانات الامتثال
reporting.no_data,لا توجد بيانات
reporting.no_data_available,لا تتوفر بيانات
reporting.no_data_available_for_treemap,لا تتوفر بيانات للخريطة الشجرية
reporting.no_distribution_data_available,لا تتوفر بيانات التوزيع
reporting.no_filters,لا توجد فلاتر:
reporting.no_filters_desc,عرض الأداء العام للنظام البيئي على جميع المسارات والناقلين
reporting.no_penalty,بدون عقوبة
reporting.no_performance_data_available,لا تتوفر بيانات الأداء
reporting.no_shipment_data_available,لا تتوفر بيانات الشحن
reporting.no_shipment_data_available_for_timeline,لا تتوفر بيانات الشحن للجدول الزمني
reporting.no_underserved_cities,لا توجد مدن غير مخدومة بشكل كافٍ
reporting.no_weekly_data_available,لا تتوفر بيانات أسبوعية
reporting.of_cities,من بين {count} مدينة
reporting.of_routes,من بين {{count}} مساراً
reporting.on_standard,على المعيار
reporting.on_time,نسبة الالتزام بالمواعيد
reporting.on_time_count,{{count}} في الوقت المحدد
reporting.on_time_percent,٪ في الوقت المحدد
reporting.openstreetmap,OpenStreetMap
reporting.origin_city,مدينة المنشأ
reporting.origin_only,المنشأ فقط:
reporting.origin_only_desc,تحليل جودة الصادر من مدينة إلى جميع الوجهات
reporting.outb,الصادر
reporting.outbound,نسبة الصادر
reporting.outbound_abbr,صادر
reporting.outbound_arrow,↑ صادر
reporting.outbound_departures,الصادر (المغادرات)
reporting.outbound_direction,صادر
reporting.outbound_percent,النسبة الصادرة %
reporting.overall_compliance,الامتثال العام
reporting.overall_compliance_and_transit_time_metrics,مقاييس الامتثال العام ووقت العبور
reporting.percentage_of_shipments_delivered_successfully,نسبة الشحنات التي تم تسليمها بنجاح
reporting.performance_distribution,توزيع الأداء
reporting.performance_metrics,مقاييس الأداء
reporting.performance_trend,اتجاه الأداء
reporting.population,السكان:
reporting.population_weighted,موزون حسب السكان
reporting.population_weighted_compliance,الامتثال الموزون حسب السكان
reporting.positive,إيجابي:
reporting.problem_routes,المسارات المشكلة
reporting.problem_routes_column,المسارات الإشكالية
reporting.product,المنتج
reporting.received_at,تم الاستلام في
reporting.region,المنطقة:
reporting.region_analysis,تحليل المناطق
reporting.region_performance,أداء المناطق ({{count}} مدخلات)
reporting.regional_analysis,التحليل الإقليمي
reporting.regional_equity_analysis_table,جدول تحليل العدالة الإقليمية
reporting.regional_equity_comparison,مقارنة العدالة الإقليمية
reporting.regional_equity_comparison_chart,مخطط مقارنة الأسهم الإقليمية
reporting.regional_equity_details,تفاصيل الأسهم الإقليمية
reporting.regional_summary,الملخص الإقليمي
reporting.regulatory_compliance_report,تقرير الامتثال التنظيمي
reporting.regulatory_use,الاستخدام التنظيمي:
reporting.require_intervention,تتطلب تدخلاً
reporting.reset_all_filters,إعادة تعيين جميع الفلاتر
reporting.route,المسار
reporting.route_analysis,تحليل المسارات
reporting.route_level,مستوى المسار:
reporting.route_performance,أداء المسارات ({{count}} مسار)
reporting.routes,المسارات
reporting.samples,عينات
reporting.search_by_tag_id_origin_or_destination,ابحث بواسطة معرف العلامة، الأصل، أو الوجهة...
reporting.sent_at,تاريخ الإرسال
reporting.service_equity_index,مؤشر عدالة الخدمة
reporting.shipments,الشحنات:
reporting.shipments_count,{{count}} شحنة(شحنات)
reporting.standard,المعيار:
reporting.standard_days,المعيار (أيام)
reporting.standard_percent,النسبة المعيارية %
reporting.start_date,تاريخ البدء
reporting.statistical_significance,الدلالة الإحصائية
reporting.status,الحالة:
reporting.std,النسبة المئوية للمعيار
reporting.std_abbr,معيار
reporting.std_percent,النسبة المعيارية %
reporting.table_view,عرض الجدول
reporting.tag_id,معرّف العلامة
reporting.target_1_day,الهدف: يوم واحد
reporting.territory_equity_filter_guide,دليل تصفية عدالة الإقليم
reporting.territory_equity_report,تقرير عدالة الإقليم
reporting.top_3_best_served_cities,أفضل 3 مدن مخدومة
reporting.top_3_worst_served_cities,أسوأ 3 مدن مخدومة
reporting.total,الإجمالي:
reporting.total_cities,إجمالي المدن:
reporting.total_routes,إجمالي المسارات
reporting.total_samples,إجمالي العينات
reporting.total_shipments,إجمالي الشحنات:
reporting.transit_days_jk,أيام العبور (J+K)
reporting.transit_time_analysis_and_delivery_performance_tra,تحليل زمن العبور وتتبع أداء التسليم
reporting.transit_time_analysis_and_delivery_performance_tracking,تحليل أوقات العبور وتتبع أداء التسليم
reporting.treemap_size_population_color_compliance,الحجم يمثل السكان
reporting.underserved,مدن مخدومة بشكل ناقص
reporting.underserved_cities,المدن المخدومة بشكل ناقص:
reporting.view_overall_ecosystem_performance_across_all_rout,عرض أداء النظام البيئي العام عبر جميع المسارات والناقلين
reporting.view_overall_service_equity_across_all_cities_and_,عرض عدالة الخدمة العامة عبر جميع المدن والمناطق
reporting.vs_std,مقابل المعيار
reporting.warning,تحذير
reporting.warning_limit,حد التحذير:
reporting.warning_routes,مسارات التحذير
reporting.weekly_sample_volume,حجم العينات الأسبوعي
reporting.weighted_average_by_shipment_count,المتوسط المرجح حسب عدد الشحنات
reporting.with_penalty,مع عقوبة
settings.account_management,إدارة الحساب
settings.account_reporting_configuration,تكوين تقارير الحساب
settings.all_users,جميع المستخدمين
settings.capital,رأس المال
settings.changes_to_thresholds_will_affect_all_reporting_vi,التغييرات في الحدود ستؤثر على جميع طرق العرض الخاصة بالتقارير
settings.city_classifications,تصنيفات المدن
settings.city_classifications_override_default_classificati,تصنيفات المدن تتجاوز التصنيفات الافتراضية من الطوبولوجيا
settings.city_name,اسم المدينة
settings.classification,التصنيف
settings.compliance_critical_threshold,الحد الحرج للامتثال
settings.compliance_warning_threshold,حد التحذير للامتثال
settings.configuration_notes,ملاحظات التكوين:
settings.configuration_saved_successfully,تم حفظ التكوين بنجاح
settings.configure_reporting_thresholds_and_city_classifica,تكوين حدود التقارير وتصنيفات المدن لهذا الحساب
settings.create_account,إنشاء حساب
settings.create_user,إنشاء مستخدم
settings.default_report_period,فترة التقرير الافتراضية
settings.default_time_period_for_generating_reports,الفترة الزمنية الافتراضية لإنشاء التقارير
settings.error_saving_configuration,خطأ في حفظ التكوين
settings.general_settings,الإعدادات العامة
settings.loading,جارٍ التحميل...
settings.loading_configuration,جارٍ تحميل التكوين...
settings.major,رئيسي
settings.minor,ثانوي
settings.monthly,شهري
settings.no_city_classifications_found,لم يتم العثور على تصنيفات للمدن
settings.only_superadmin_users_can_modify_these_settings,يمكن فقط للمستخدمين ذوي صلاحيات المشرف الأعلى تعديل هذه الإعدادات
settings.promise,الوعد
settings.quarterly,ربع سنوي
settings.search_cities,ابحث عن مدن...
settings.warning_threshold_must_be_greater_than_critical_th,يجب أن يكون حد التحذير أكبر من حد الخطر
settings.weekly,أسبوعي
slas.active_postal_centers,المراكز البريدية النشطة
slas.all_center_pairs,جميع أزواج المراكز: A→B
slas.already_exist,موجودة بالفعل
slas.combinations_generated,تم إنشاء {inserted} SLA جديدة ({skipped} تم تخطيها كتكرارات)
slas.create_sla,إنشاء SLA
slas.critical_threshold,عتبة حرجة
slas.default_values,القيم الافتراضية
slas.description,تكوين اتفاقيات مستوى الخدمة للمسارات التشغيلية والتوزيع
slas.distribution,توزيع
slas.distribution_slas_to_generate,SLA التوزيع المراد توليدها
slas.edit_sla,تعديل SLA
slas.expected_time,الوقت المتوقع
slas.from_postal_center,مركز بريدي المصدر
slas.from_postal_centers,مراكز بريدية المصدر
slas.from_reader,قارئ المصدر
slas.generate_combinations,توليد التركيبات
slas.generate_network_slas,توليد SLA للشبكة
slas.generate_pending_slas,توليد SLA المعلقة
slas.generate_selected_slas,توليد SLA المحددة
slas.network_summary,ملخص الشبكة
slas.on_time_percentage,% في الوقت المحدد
slas.one_per_center,واحد لكل مركز: دخول ← خروج
slas.operational,تشغيلي
slas.operational_combinations_hint,سيتم إنشاء SLA لجميع أزواج القراء داخل كل مركز محدد
slas.operational_sla_description,دخول ← خروج داخل هذا المركز البريدي
slas.operational_slas_to_generate,SLA التشغيلية المراد توليدها
slas.pending_distribution,التوزيع المعلق
slas.pending_operational,التشغيلية المعلقة
slas.pending_slas_summary,ملخص SLA المعلقة
slas.postal_center,مركز بريدي
slas.route,مسار
slas.select_centers_for_operational,حدد المراكز لـ SLA التشغيلية
slas.select_postal_centers,حدد المراكز البريدية
slas.select_routes_for_distribution,حدد المسارات لـ SLA التوزيع
slas.select_sla_types,حدد أنواع SLA للتوليد
slas.selected_to_generate,المحدد للتوليد
slas.sla_type,نوع SLA
slas.slas_created,SLA تم إنشاؤها
slas.slas_skipped,SLA تم تخطيها
slas.time_unit,وحدة الوقت
slas.title,تكوين اتفاقيات مستوى الخدمة
slas.to_postal_center,مركز بريدي الوجهة
slas.to_postal_centers,مراكز بريدية الوجهة
slas.to_reader,قارئ الوجهة
slas.warning_threshold,عتبة التحذير
stock.about,حول إدارة المخزون
stock.about_description,إدارة مستويات المخزون وتنبيهات المخزون
stock.add_to_stock,إضافة إلى المخزون
stock.adjust_stock,تعديل المخزون
stock.adjusting,جارٍ التعديل...
stock.adjustment_note,مذكرة التعديل
stock.alert_type,نوع التنبيه
stock.alerts,التنبيهات
stock.all_materials,جميع المواد
stock.all_nodes,جميع العقد
stock.all_panelists,جميع الأعضاء المشاركين
stock.all_status,جميع الحالات
stock.all_statuses,جميع الحالات
stock.all_types,جميع الأنواع
stock.allocation_shipment,شحنة التخصيص
stock.auto_generate_purchase_orders,توليد أوامر الشراء تلقائيًا
stock.auto_generate_shipments,توليد الشحنات تلقائيًا
stock.automation,الأتمتة
stock.available_stock,المخزون المتاح
stock.calculate_generate_shipments,حساب وتوليد الشحنات
stock.calculate_requirements,حساب المتطلبات
stock.calculating,جارٍ الحساب...
stock.cancelled,ملغى
stock.change,تغيير:
stock.clear_filters,مسح الفلاتر
stock.clear_filters_to_see_all_alerts,امسح الفلاتر لعرض جميع التنبيهات
stock.confirm_adjustment,تأكيد التعديل
stock.confirm_order,تأكيد الطلب
stock.confirm_receipt,تأكيد الاستلام
stock.confirm_shipment,تأكيد الشحنة
stock.confirmed_shipments,الشحنات المؤكدة
stock.critical,حرج
stock.current_quantity,الكمية الحالية
stock.current_regulator_stock,المخزون الحالي للمنظم
stock.current_stock,المخزون الحالي
stock.date,التاريخ
stock.delete_selected,حذف {count} المحدد(ة)
stock.edit_quantity,تعديل الكمية
stock.edit_shipment_quantity,تعديل كمية الشحنة
stock.enable_stock_control,تمكين مراقبة المخزون
stock.end_date,تاريخ الانتهاء
stock.enter_new_absolute_quantity,أدخل الكمية المطلقة الجديدة
stock.expected,متوقع
stock.expected_date,تاريخ المتوقع
stock.explain_the_reason_for_this_adjustment,اشرح سبب هذا التعديل...
stock.export_csv,تصدير CSV
stock.failed_to_adjust_stock,فشل في تعديل المخزون
stock.feature_not_available_in_current_version,هذه الميزة غير متوفرة في النسخة الحالية من الوحدة.
stock.filters,مرشحات
stock.from,من
stock.last_updated,آخر تحديث
stock.lead_times,أوقات التنفيذ
stock.loading,جاري تحميل بيانات المخزون...
stock.loading_alerts,جارٍ تحميل التنبيهات...
stock.loading_movements,جارٍ تحميل الحركات...
stock.loading_panelist_stock,جارٍ تحميل مخزون المشاركين...
stock.loading_settings,جارٍ تحميل الإعدادات...
stock.loading_stock,جارٍ تحميل المخزون...
stock.location,الموقع
stock.low_stock,مخزون منخفض
stock.low_stock_only,المخزون المنخفض فقط
stock.manage_description,إدارة متطلبات المواد
stock.mark_as_ordered,وضع علامة {count} كمطلوب(ة) الطلب
stock.material,المادة
stock.material_movements,حركات المواد
stock.material_requirements_help,عرض متطلبات المواد المحسوبة
stock.material_requirements_tab,متطلبات المواد
stock.materials,المواد
stock.materials_to_send,المواد للإرسال
stock.maximum_stock,الحد الأقصى للمخزون
stock.metrics_overview,نظرة عامة على المقاييس
stock.minimum,الحد الأدنى
stock.minimum_stock,الحد الأدنى للمخزون
stock.movement_type,نوع الحركة
stock.movements_help,تتبع حركات المخزون
stock.movements_tab,الحركات
stock.net_quantity,الكمية الصافية
stock.new_quantity,الكمية الجديدة
stock.no_stock_alerts_found,لم يتم العثور على تنبيهات مخزون
stock.no_stock_data,لا توجد بيانات مخزون
stock.no_stock_data_to_export,لا توجد بيانات مخزون للتصدير
stock.no_stock_records_found,لم يتم العثور على سجلات مخزون
stock.node,العقدة
stock.normal,عادي
stock.not_applicable_purchase_orders_are_not_used,غير قابل للتطبيق - لا يتم استخدام أوامر الشراء
stock.notes,ملاحظات
stock.only_panelists_with_allocation_plans,ملاحظة: فقط المشاركون الذين لديهم خطط تخصيص معينة سيتم إنشاء شحنات لهم
stock.order,طلب
stock.order_material,طلب مادة
stock.ordered,تم الطلب
stock.out_of_stock,نفاد المخزون
stock.packing_list_pdf,قائمة التعبئة بصيغة PDF
stock.panelist,عضو اللجنة
stock.panelist_code_materials_count,الرمز: {code} • {count} مادة(مواد)
stock.panelist_issue,مشكلة في المشارك في اللجنة
stock.panelist_issues,مشاكل في المشاركين في اللجنة
stock.panelist_negative,المشارك سلبي
stock.panelist_stock_help,عرض مخزون الأعضاء
stock.panelist_stock_tab,مخزون الأعضاء
stock.pending,قيد الانتظار
stock.pending_requirements,المتطلبات المعلقة
stock.pending_shipments,الشحنات المعلقة
stock.period,الفترة
stock.please_enter_quantity_and_note,يرجى إدخال الكمية الجديدة وملاحظة التعديل
stock.please_enter_valid_quantity,يرجى إدخال كمية صالحة
stock.please_select_dates,يرجى اختيار تواريخ البدء والانتهاء
stock.please_select_requirements_export,يرجى اختيار المتطلبات للتصدير
stock.please_select_requirements_po,يرجى اختيار المتطلبات لإنشاء أمر الشراء
stock.preview_shipments_will_be_generated,معاينة: سيتم إنشاء {count} شحنة(شحنات)
stock.promise,الوعد
stock.purchase_lead_time_days,مدة الشراء (أيام)
stock.purchase_order_pdf,طلب شراء بصيغة PDF
stock.quantity,الكمية
stock.quantity_needed,الكمية المطلوبة
stock.quantity_ordered,الكمية المطلوبة في الطلب
stock.quantity_received,الكمية المستلمة
stock.quantity_to_order,الكمية المطلوب طلبها
stock.quantity_to_send,الكمية المطلوب إرسالها
stock.quick_month_selection,اختيار سريع للشهر
stock.receive,استلام
stock.receive_purchase_order,استلام طلب الشراء
stock.received,تم الاستلام
stock.regulator_insufficient,المنظم غير كافٍ
stock.regulator_issue,مشكلة في المنظم
stock.regulator_issues,مشاكل في المنظم
stock.regulator_stock_help,عرض مخزون المنظم
stock.regulator_stock_tab,مخزون المنظم
stock.removed_materials_will_create_new_pending_shipment,المواد المُزالة (سيتم إنشاء شحنة معلقة جديدة)
stock.reorder_point,نقطة إعادة الطلب
stock.reset_filters,إعادة تعيين الفلاتر
stock.restore,استعادة
stock.save_settings,حفظ الإعدادات
stock.search_by_material_or_code,البحث حسب المادة أو الرمز...
stock.search_by_material_or_panelist,البحث حسب المادة أو المشارك...
stock.search_material,البحث عن مادة...
stock.send,إرسال
stock.send_selected,إرسال {count} المحدد(ة)
stock.sent,تم الإرسال
stock.sent_date,تاريخ الإرسال
stock.settings_help,تكوين معلمات المخزون
stock.settings_tab,الإعدادات
stock.shipment,رقم الشحنة
stock.shipment_lead_time_days,مدة تسليم الشحنة (بالأيام)
stock.shipments,الشحنات
stock.shipments_help,عرض شحنات المخزون
stock.shipments_tab,الشحنات
stock.showing,عرض
stock.showing_alerts_count,عرض {showing} من أصل {total} تنبيه
stock.start_date,تاريخ البدء
stock.stock_adjusted_successfully,تم تعديل المخزون بنجاح
stock.stock_alert,تنبيه المخزون
stock.stock_alerts_help,عرض تنبيهات المخزون المنخفض
stock.stock_alerts_tab,تنبيهات المخزون
stock.stock_control,مراقبة المخزون
stock.stock_status,حالة المخزون
stock.system_will_automatically_create_shipments,سيقوم النظام تلقائيًا بإنشاء شحنات معلقة عند اكتشاف أن مشاركًا يحتاج إلى مواد.
stock.tab_alerts,تنبيهات المخزون
stock.tab_movements,الحركات
stock.tab_panelist_stock,مخزون المشاركين
stock.tab_regulator_stock,مخزون المنظم
stock.tab_requirements,احتياجات المواد
stock.tab_settings,الإعدادات
stock.tab_shipments,الشحنات
stock.this_feature_is_not_available_in_the_current_versi,هذه الميزة غير متوفرة في النسخة الحالية من الوحدة.
stock.title,إدارة المخزون
stock.total_items_pending,إجمالي العناصر المعلقة
stock.total_movements,إجمالي الحركات:
stock.total_records,إجمالي السجلات:
stock.type,النوع
stock.unit,الوحدة
stock.unknown_panelist,عضو لجنة غير معروف
stock.used_to_calculate_expected_delivery_dates,يُستخدم لحساب تواريخ التسليم المتوقعة
stock.warning,تحذير
stock.warning_nodes_without_panelists,تحذير: {count} عقدة(عقد) بدون مشاركين معينين وسيتم تجاهلها
stock.when_enabled_system_will_monitor,عند التفعيل
stock.with_assigned_panelists,مع المشاركين المعينين
stock.without_panelist_will_be_skipped,بدون مشارك (سيتم تجاهله)
stock.year,السنة
stockmanagement.stock_alerts,تنبيهات المخزون
stockmanagement.stock_management_alerts,إدارة وتنبيهات المخزون
stockmanagement.tabs,علامات التبويب
topology.3_7038,-3.7038
topology.40_4168,40.4168
topology.add_city,إضافة مدينة
topology.add_node,إضافة عقدة
topology.add_region,إضافة منطقة
topology.all_cities,جميع المدن
topology.all_nodes,جميع العقد
topology.all_nodes_have_panelists,جميع العقد تحتوي على أعضاء لجنة!
topology.all_regions,جميع المناطق
topology.cities,المدن
topology.city,المدينة
topology.city_code,رمز المدينة *
topology.city_name,اسم المدينة *
topology.class,الفئة
topology.collapse_city,طي المدينة
topology.country_code,رمز الدولة *
topology.create_city,إنشاء مدينة
topology.create_node,إنشاء عقدة
topology.create_region,إنشاء منطقة
topology.delete_city,حذف المدينة
topology.delete_city_confirm,هل تريد حذف هذه المدينة وجميع عقدها؟
topology.delete_node,حذف العقدة
topology.delete_node_confirm,هل تريد حذف هذه العقدة؟
topology.delete_region,حذف المنطقة
topology.description,الوصف
topology.download_csv,تحميل CSV
topology.e_g_3200000,مثال: 3200000
topology.e_g_es_fr,مثال: ES، FR
topology.e_g_mad_bcn,على سبيل المثال، MAD، BCN
topology.e_g_madrid_barcelona,على سبيل المثال، مدريد، برشلونة
topology.e_g_spain_france,على سبيل المثال، إسبانيا، فرنسا
topology.edit_city,تعديل المدينة
topology.edit_node,تعديل العقدة
topology.edit_region,تعديل المنطقة
topology.every_node_assigned,تم تعيين عضو لجنة لكل عقدة في الطوبولوجيا الخاصة بك
topology.expand_all,توسيع الكل
topology.expand_all_cities_in_this_region,توسيع جميع المدن في هذه المنطقة
topology.expand_city,توسيع المدينة
topology.latitude,خط العرض
topology.loading,جاري تحميل الطوبولوجيا...
topology.longitude,خط الطول
topology.no_cities_in_this_region_yet,لا توجد مدن في هذه المنطقة حتى الآن
topology.no_nodes_in_this_city_yet,لا توجد عقد في هذه المدينة حتى الآن
topology.no_nodes_yet,لا توجد عقد في هذه المدينة حتى الآن
topology.no_regions,لم يتم العثور على مناطق
topology.no_topology_yet,لم يتم تعريف طوبولوجيا بعد
topology.node,العقدة
topology.nodes,العقد
topology.nodes_need_assignment,هذه العقد تحتاج إلى تعيين عضو لجنة لتكون عملية
topology.nodes_without_panelists,عقد بدون أعضاء لجنة
topology.panelist_assigned,المشارك المعين
topology.panelists,الأعضاء
topology.pending_panelist,المشارك المعلق
topology.population,السكان
topology.promise,الوعد
topology.region_code,رمز المنطقة *
topology.region_name,اسم المنطقة *
topology.regions,المناطق
topology.search_placeholder,ابحث عن المناطق
topology.status,الحالة *
topology.title,طوبولوجيا البلد
topology.topology_tab,الطوبولوجيا
topology.topology_tree,شجرة الطوبولوجيا
topology.total_nodes,إجمالي العقد
topology.total_population_of_the_city_used_for_impact_analy,إجمالي سكان المدينة (يُستخدم لتحليل التأثير في التقارير)
topology.with_panelists,مع أعضاء اللجنة
topology.without_panelists,بدون أعضاء اللجنة
topology.without_panelists_tab,بدون أعضاء
unavailability.actions,إجراءات
unavailability.activate,تفعيل
unavailability.add_period,+ إضافة فترة عدم توفر
unavailability.add_period_modal,إضافة فترة عدم توفر
unavailability.adjust_filters,حاول تعديل الفلاتر الخاصة بك.
unavailability.all_panelists,جميع المشاركين
unavailability.all_periods,جميع الفترات
unavailability.all_reasons,جميع الأسباب
unavailability.cancel,إلغاء
unavailability.cancel_periods,إلغاء الفترات
unavailability.click_to_create,"انقر على ""إضافة فترة عدم توفر"" لإنشاء واحدة."
unavailability.confirm_cancel,هل أنت متأكد من رغبتك في إلغاء {count} فترة/فترات عدم توفر؟
unavailability.confirm_delete,هل أنت متأكد من رغبتك في حذف {count} فترة/فترات عدم توفر؟ لا يمكن التراجع عن هذا الإجراء.
unavailability.confirm_delete_single,هل أنت متأكد من رغبتك في حذف هذه الفترة من عدم التوفر؟
unavailability.current_periods,الحالية (نشطة الآن)
unavailability.date_range,نطاق التواريخ
unavailability.day,يوم
unavailability.days,أيام
unavailability.delete,حذف
unavailability.description,إدارة فترات عدم توفر المشاركين لإعادة تخصيص العينات تلقائيًا
unavailability.duration,المدة
unavailability.edit,تعديل
unavailability.edit_period,تعديل فترة عدم التوفر
unavailability.end_date,تاريخ الانتهاء
unavailability.no_periods_found,لم يتم العثور على أي فترة عدم توفر.
unavailability.notes,ملاحظات
unavailability.panelist,عضو اللجنة
unavailability.past_periods,الماضية
unavailability.reason,السبب
unavailability.reason_other,أخرى
unavailability.reason_personal,شخصي
unavailability.reason_sick,إجازة مرضية
unavailability.reason_training,تدريب
unavailability.reason_vacation,إجازة
unavailability.required,مطلوب
unavailability.search_placeholder,اسم المشارك
unavailability.select_panelist,اختر عضو لجنة
unavailability.start_date,تاريخ البدء
unavailability.status,الحالة
unavailability.title,فترات عدم التوفر
unavailability.upcoming_periods,القادمة
users.account,الحساب
users.deactivate,تعطيل
users.email,البريد الإلكتروني
users.full_name,الاسم الكامل
users.name,الاسم
users.no_users_found,لم يتم العثور على مستخدمين
users.password,كلمة المرور
users.promise,الوعد
users.role,الدور
users.select_account,اختر الحساب
menu.journey_segments,أقسام الرحلة
menu.journey_segments.tooltip,إعادة بناء كاملة للرحلة مع أوقات العبور والامتثال لاتفاقية مستوى الخدمة
journey_segments.title,أقسام الرحلة
journey_segments.description,إعادة بناء كاملة للرحلة مع أوقات العبور والامتثال لاتفاقية مستوى الخدمة
journey_segments.loading,جاري تحميل الأقسام...
journey_segments.error,خطأ في تحميل الأقسام
journey_segments.run_reconstruction,تشغيل إعادة البناء
journey_segments.run_reconstruction_tooltip,إعادة بناء أقسام الرحلة من الأحداث المعالجة
journey_segments.export_csv,تصدير CSV
journey_segments.export_tooltip,تصدير الأقسام المحددة إلى CSV
journey_segments.export_selected,تصدير المحدد
journey_segments.clear_selection,مسح التحديد
journey_segments.selected_count,{{count}} أقسام محددة
journey_segments.error_no_account,لم يتم العثور على حساب نشط
journey_segments.reconstruction_success,اكتملت إعادة البناء: تم إنشاء {{segments}} قسم من {{events}} حدث في {{time}} مللي ثانية
journey_segments.reconstruction_no_data,لم يتم إنشاء أقسام جديدة
journey_segments.reconstruction_error,خطأ في إعادة البناء: {{message}}
journey_segments.kpi.total,الإجمالي
journey_segments.kpi.segments,الأقسام
journey_segments.kpi.on_time,في الوقت المحدد
journey_segments.kpi.warning,تحذير
journey_segments.kpi.critical,حرج
journey_segments.kpi.avg_time,متوسط الوقت
journey_segments.kpi.minutes,دقائق
journey_segments.filters.title,المرشحات
journey_segments.filters.search,بحث
journey_segments.filters.search_placeholder,معرف العلامة أو المركز البريدي...
journey_segments.filters.segment_type,نوع القسم
journey_segments.filters.all_types,جميع الأنواع
journey_segments.filters.operational,تشغيلي
journey_segments.filters.distribution,توزيع
journey_segments.filters.postal_center,المركز البريدي
journey_segments.filters.all_centers,جميع المراكز
journey_segments.filters.from_center,من المركز
journey_segments.filters.to_center,إلى المركز
journey_segments.filters.sla_compliance,الامتثال لاتفاقية مستوى الخدمة
journey_segments.filters.all_compliance,جميع الحالات
journey_segments.filters.on_time,في الوقت المحدد
journey_segments.filters.warning,تحذير
journey_segments.filters.critical,حرج
journey_segments.filters.violated,منتهك
journey_segments.filters.no_sla,بدون اتفاقية مستوى خدمة
journey_segments.filters.date_from,من تاريخ
journey_segments.filters.date_to,إلى تاريخ
journey_segments.filters.apply,تطبيق المرشحات
journey_segments.filters.clear,مسح المرشحات
journey_segments.table.tag_id,معرف العلامة
journey_segments.table.type,النوع
journey_segments.table.centers,المراكز
journey_segments.table.entry_time,وقت الدخول
journey_segments.table.exit_time,وقت الخروج
journey_segments.table.duration,المدة
journey_segments.table.actual,الفعلي
journey_segments.table.sla,اتفاقية مستوى الخدمة
journey_segments.table.compliance,الامتثال
journey_segments.table.no_segments,لم يتم العثور على أقسام
journey_segments.table.no_sla,بدون اتفاقية مستوى خدمة
journey_segments.type.operational,تشغيلي
journey_segments.type.distribution,توزيع
journey_segments.compliance.on_time,في الوقت المحدد
journey_segments.compliance.warning,تحذير
journey_segments.compliance.critical,حرج
journey_segments.compliance.violated,منتهك
journey_segments.compliance.no_sla,بدون اتفاقية مستوى خدمة
menu.complete_journeys,الرحلات الكاملة
complete_journeys.title,رحلات كاملة
complete_journeys.description,إعادة بناء الرحلة بالكامل مع أوقات العبور والالتزام باتفاقية مستوى الخدمة
complete_journeys.run_assembly,تشغيل التجميع
complete_journeys.assembling,جاري التحميل...
complete_journeys.export_csv,تصدير ملف CSV ({count})
complete_journeys.kpi.total,المجموع
complete_journeys.kpi.journeys,مسار الشحنة
complete_journeys.kpi.on_time,في الموعد المحدد
complete_journeys.kpi.warning,تحذير
complete_journeys.kpi.critical,حرِج
complete_journeys.kpi.avg_time,متوسط الوقت
complete_journeys.kpi.minutes,دقائق
complete_journeys.filters.title,فلاتر
complete_journeys.filters.search,بحث
complete_journeys.filters.search_placeholder,رقم التتبع
complete_journeys.filters.sla_compliance,الالتزام باتفاقية مستوى الخدمة
complete_journeys.filters.all_status,جميع الحالات
complete_journeys.filters.min_segments,الحد الأدنى من المقاطع
complete_journeys.filters.max_segments,الحد الأقصى من المقاطع
complete_journeys.filters.date_from,تاريخ البداية
complete_journeys.filters.date_to,تاريخ النهاية
complete_journeys.filters.apply,تطبيق الفلاتر
complete_journeys.filters.clear,إعادة ضبط الفلاتر
complete_journeys.compliance.on_time,في الوقت
complete_journeys.compliance.warning,تحذير
complete_journeys.compliance.critical,حرِج
complete_journeys.compliance.violated,تمت المخالفة
complete_journeys.compliance.no_sla,خارج اتفاقية مستوى الخدمة
complete_journeys.compliance.mixed,مختلط
complete_journeys.table.no_journeys,لم يتم العثور على أي مسار
complete_journeys.table.selected,{count} محدد
complete_journeys.table.clear_selection,إلغاء التحديد
complete_journeys.table.tag_id,رقم التتبع
complete_journeys.table.segments,مقاطع
complete_journeys.table.centers,المراكز التي تمت زيارتها
complete_journeys.table.start_time,وقت البدء
complete_journeys.table.total_time,الوقت الإجمالي
complete_journeys.table.compliance,الامتثال
complete_journeys.error_no_account,لم يتم تحديد أي حساب
complete_journeys.assembly_success,اكتمل التجميع: تم إنشاء {created}
complete_journeys.assembly_no_data,لم يتم إرجاع أي بيانات من التجميع
complete_journeys.assembly_error,خطأ في التجميع: {message}
menu.cutoff_times,أوقات القطع
menu.non_working_days,أيام العطل
cutoff_times.title,أوقات القطع
cutoff_times.description,تكوين أوقات القطع وساعات العمل لكل مركز بريدي
cutoff_times.add_cutoff,إضافة وقت
cutoff_times.edit_cutoff,تعديل وقت
cutoff_times.confirm_delete,هل أنت متأكد من حذف وقت القطع هذا؟
cutoff_times.table.center,المركز
cutoff_times.table.cutoff_time,وقت القطع
cutoff_times.table.working_hours,ساعات العمل
cutoff_times.table.working_days,أيام العمل
cutoff_times.table.timezone,المنطقة الزمنية
cutoff_times.form.postal_center,المركز البريدي
cutoff_times.form.cutoff_time,وقت القطع
cutoff_times.form.working_hours_start,بداية الدوام
cutoff_times.form.working_hours_end,نهاية الدوام
cutoff_times.form.working_days,أيام العمل
cutoff_times.form.timezone,المنطقة الزمنية
non_working_days.title,أيام العطل
non_working_days.description,تقويم العطلات وأيام الإغلاق
non_working_days.add_day,إضافة يوم
non_working_days.edit_day,تعديل يوم
non_working_days.confirm_delete,هل أنت متأكد من حذف يوم العطلة هذا؟
non_working_days.all_centers,جميع المراكز
non_working_days.specific_centers,مراكز محددة
non_working_days.table.date,التاريخ
non_working_days.table.name,الاسم
non_working_days.table.type,النوع
non_working_days.table.scope,النطاق
non_working_days.table.recurring,متكرر
non_working_days.form.date,التاريخ
non_working_days.form.name,الاسم
non_working_days.form.name_placeholder,مثال: عيد الميلاد
non_working_days.form.description,الوصف
non_working_days.form.type,النوع
non_working_days.form.applies_to_all,ينطبق على جميع المراكز
non_working_days.form.recurring,متكرر سنوياً
menu.mobile_readers,أجهزة القراءة المحمولة
menu.mobile_readers.tooltip,إدارة أجهزة القراءة المتنقلة والمؤقتة
mobile_readers.description,إدارة أجهزة القراءة التي يمكن تعيينها إلى مراكز بريدية مختلفة عبر الزمن
mobile_readers.create_reader,إنشاء جهاز قارئ متنقل
mobile_readers.total_readers,إجمالي أجهزة القراءة
mobile_readers.mobile,محمول
mobile_readers.current_location,الموقع الحالي
mobile_readers.since,منذ
mobile_readers.unassigned,غير مُعيَّن
mobile_readers.assignments,التعيينات
mobile_readers.reassign,إعادة التعيين
mobile_readers.assign,تعيين إلى مركز
mobile_readers.view_history,عرض التاريخ
mobile_readers.no_readers,لا توجد أجهزة قراءة متنقلة حتى الآن
mobile_readers.no_readers_description,أنشئ أول جهاز قارئ متنقل لديك لبدء تتبع الإسنادات
mobile_readers.create_first_reader,إنشاء أول قارئ
mobile_readers.no_location_history,لا يتوفر أي سجل لمواقع التتبع.
mobile_readers.location_history,سجل المواقع
mobile_readers.less_than_day,أقل من يوم
mobile_readers.one_day,يوم واحد
mobile_readers.days,أيام
mobile_readers.current,حالي
mobile_readers.assigned,مُسنَد
mobile_readers.currently_active,نشط حالياً
mobile_readers.duration,المدة
mobile_readers.notes,ملاحظات
mobile_readers.assign_reader,تعيين القارئ إلى المركز
mobile_readers.postal_center,مركز بريدي
mobile_readers.select_center,اختر مركزًا…
mobile_readers.select_center_help,اختر المركز البريدي الذي سيتم تعيين هذا القارئ فيه
mobile_readers.select_center_error,يرجى اختيار مركز بريدي
mobile_readers.assigned_at,تاريخ التعيين
mobile_readers.assigned_at_help,الوقت الذي سيتم فيه تعيين القارئ في هذا المركز
mobile_readers.unassigned_at,تاريخ إلغاء التعيين
mobile_readers.unassigned_at_help,اختياري: الوقت الذي سيتم فيه إلغاء تعيين القارئ (اتركه فارغًا لغير محدد المدة)
mobile_readers.notes_placeholder,مثال:
mobile_readers.notes_help,ملاحظات اختيارية حول هذا التعيين
mobile_readers.confirm_delete,هل أنت متأكد أنك تريد حذف هذا القارئ؟
menu.readers_management,إدارة القرّاء
menu.readers_management.tooltip,إدارة جميع القرّاء وسجل مواقعهم
readers_management.description,إدارة جميع القرّاء وتتبع سجل مواقعهم
readers_management.total_readers,إجمالي عدد القرّاء
readers_management.with_history,مع سجل المواقع
menu.rfid_data_consolidation,دمج بيانات RFID
menu.rfid_data_consolidation.tooltip,قم بدمج ومعالجة أحداث RFID إلى مقاطع رحلات ورحلات مكتملة
menu.rfid_events_consolidation_numbered,1.دمج أحداث RFID
menu.journey_segments_numbered,2. مقاطع الرحلة
menu.complete_journeys_numbered,3. الرحلات المكتملة
menu.center_working_days,أيام عمل المركز
menu.center_working_days.tooltip,تكوين أيام العمل والعطلات للمراكز البريدية
readers_management.filters,المرشحات
readers_management.active,نشط
readers_management.reset,إعادة تعيين
readers_management.search,بحث
readers_management.search_placeholder,البحث بالاسم أو الرمز…
readers_management.postal_center,مركز بريدي
readers_management.all_centers,جميع المراكز
readers_management.unassigned,غير مخصص
readers_management.reader_type,نوع القارئ
readers_management.all_types,جميع الأنواع
readers_management.entry,إدخال
readers_management.exit,خروج
readers_management.mixed,مختلط
readers_management.assignment_status,حالة التعيين
readers_management.all_statuses,جميع الحالات
readers_management.assigned,مُعيَّن
readers_management.mobility_status,حالة التنقل
readers_management.all_mobility,الكل
readers_management.has_history,لديه سجل
readers_management.no_history,لا يوجد سجل
readers_management.showing,عرض
readers_management.total,الإجمالي
readers_management.no_readers_found,لا يوجد قراء تطابق المرشحات الخاصة بك
readers_management.create_reader,إنشاء قارئ
readers_management.confirm_delete,هل أنت متأكد أنك تريد حذف هذا القارئ؟
readers_management.since,منذ
readers_management.assignments,التعيينات
readers_management.reassign,إعادة التعيين
readers_management.assign,تعيين
readers_management.view_history,عرض السجل
readers_management.location_history,سجل المواقع
readers_management.current,الحالي
readers_management.assigned_at,مُعيّن
readers_management.unassigned_at,غير مخصص
readers_management.duration,المدة
readers_management.notes,ملاحظات
readers_management.currently_active,نشط حاليًا
readers_management.less_than_day,أقل من يوم واحد
readers_management.one_day,يوم واحد
readers_management.days,أيام
readers_management.no_location_history,لا يوجد سجل مواقع متاح
readers_management.reader_name,اسم القارئ
readers_management.code,الرمز
readers_management.type,النوع
readers_management.status,الحالة
readers_management.current_location,الموقع الحالي
readers_management.carrier,الناقل
readers_management.all_carriers,جميع الناقلين
readers_management.movement_date,تاريخ الحركة
readers_management.movement_date_help,تاريخ سريان هذا التعيين/إلغاء التعيين
readers_management.assign_help,اختر مركزًا لتعيينه أو اتركه فارغًا لإلغاء التعيين.
readers_management.edit_reader,تعديل القارئ
menu.diagnosis,التشخيص
menu.diagnosis.tooltip,أدوات تشخيص وتحليل أداء الشبكة
menu.network_overview,نظرة عامة على الشبكة
menu.network_overview.tooltip,تقييم شامل للصحة وملخص أداء الشبكة البريدية
menu.route_analysis,تحليل المسارات
menu.route_analysis.tooltip,تحليل مفصل للأداء حسب المسار والناقل
menu.center_analysis,تحليل المراكز
menu.center_analysis.tooltip,تحليل الأداء التشغيلي حسب المركز
menu.segment_deep_dive,تحليل معمق للقطع
menu.segment_deep_dive.tooltip,تحليل مفصل لقطع الرحلة حسب النوع والأداء
menu.jk_performance_segments,أداء J+K (القطع)
menu.jk_performance_segments.tooltip,تحليل أداء J+K على مستوى القطع مع مقاييس بالأيام
accounts.default_language,اللغة الافتراضية
accounts.default_language_hint,اللغة التي يرثها المشاركون من هذا الحساب
panelists.language,اللغة
menu.e2e,من البداية إلى النهاية
menu.diagnosis_section,قياس التشخيص
menu.system_setup,إعداد النظام
menu.country_topology,طوبولوجيا البلدان
menu.carriers_products,الناقلون والمنتجات
menu.allocation,تخصيص
menu.materials,المواد
menu.database,قاعدة البيانات
menu.e2e_database,قاعدة بيانات من البداية إلى النهاية
menu.e2e_database_api,واجهة برمجة تطبيقات قاعدة بيانات من البداية إلى النهاية
menu.segment_analysis,تحليل القطاعات
menu.epcis_pipeline_api,واجهة برمجة تطبيقات خط أنابيب EPCIS
menu.rfid_events_database,قاعدة بيانات أحداث RFID
menu.account_working_days,أيام العمل للحساب
menu.e2e_onedb_generator,مولّد OneDB
menu.e2e_country_topology,من البداية إلى النهاية: طوبولوجيا البلدان
menu.e2e_carriers_products,من البداية إلى النهاية: الناقلون والمنتجات
menu.e2e_panelists,من البداية إلى النهاية: المشاركون
menu.e2e_sla,من البداية إلى النهاية: اتفاقية مستوى الخدمة
menu.e2e_allocation_generator,من البداية إلى النهاية: مولّد التخصيص
menu.e2e_load_balancing,من البداية إلى النهاية: موازنة الأحمال
menu.e2e_material_catalog,من البداية إلى النهاية: فهرس المواد
menu.diag_postal_centers,التشخيص: المراكز البريدية
menu.diag_readers_management,التشخيص: إدارة القارئات
menu.diag_segment_sla,التشخيص: اتفاقية مستوى خدمة القطاعات
menu.account_working_days.tooltip,تكوين أيام العمل للحساب
menu.e2e_onedb_generator.tooltip,توليد بيانات OneDB
menu.e2e_country_topology.tooltip,تكوين طوبولوجيا البلدان والشبكة البريدية
menu.e2e_carriers_products.tooltip,إدارة الناقلين ومنتجاتهم
menu.setup.tooltip,إعداد الشبكة وتكوينها
menu.allocation.tooltip,إدارة التخصيصات
menu.materials.tooltip,إدارة المواد
menu.reporting.tooltip,التقارير والتحليلات
menu.database.tooltip,الوصول إلى قاعدة البيانات
menu.e2e_database.tooltip,الوصول إلى قاعدة بيانات من البداية إلى النهاية
menu.e2e_database_api.tooltip,واجهة برمجة تطبيقات قاعدة بيانات من البداية إلى النهاية
menu.segment_analysis.tooltip,تحليل أداء القطاعات
menu.epcis_pipeline_api.tooltip,واجهة برمجة تطبيقات خط أنابيب EPCIS
menu.rfid_events_database.tooltip,قاعدة بيانات أحداث RFID
common.no_data,لا توجد بيانات متاحة
common.items,عناصر
common.avg_time,متوسط الوقت
common.on_time,في الوقت المحدد
common.status.on_time,في الوقت المحدد
common.status.warning,تحذير
common.status.critical,حرج
diagnosis.network.kpi_description,المتوسط المرجح لمؤشرات الأداء الرئيسية
diagnosis.network.score_breakdown,تفصيل النتيجة
diagnosis.network.automatic_findings,النتائج التلقائية
diagnosis.network.summary,ملخص الشبكة
diagnosis.network.route,مسار
diagnosis.network.total_items,إجمالي العناصر
diagnosis.network.active_routes,المسارات النشطة
diagnosis.network.postal_centers,المراكز البريدية
diagnosis.network.top5_routes,أفضل 5 مسارات
diagnosis.network.bottom5_routes,أسوأ 5 مسارات
diagnosis.network.top5_centers,أفضل 5 مراكز
diagnosis.network.bottom5_centers,أسوأ 5 مراكز
diagnosis.metric.on_time_delivery,التسليم في الوقت المحدد
diagnosis.metric.avg_transit_time,متوسط زمن النقل
diagnosis.metric.avg_processing_time,متوسط زمن المعالجة
diagnosis.metric.data_quality,جودة البيانات
diagnosis.metric.data_completeness,اكتمال البيانات
diagnosis.metric.sla_violations,انتهاكات اتفاقية مستوى الخدمة
diagnosis.pipeline.title,مراقب خط أنابيب EPCIS
diagnosis.pipeline.raw_events,الأحداث الخام
diagnosis.pipeline.processed,تمت المعالجة
diagnosis.pipeline.segments,القطاعات
diagnosis.pipeline.routes,المسارات
diagnosis.pipeline.phases,مراحل خط الأنابيب
diagnosis.pipeline.recent_incidents,الحوادث الأخيرة
diagnosis.pipeline.last10_unresolved,آخر 10 غير محلولة
diagnosis.pipeline.no_incidents,لا توجد حوادث حديثة
diagnosis.pipeline.execution_log,سجل التنفيذ
diagnosis.center.center,مركز
diagnosis.center.items,عناصر
diagnosis.center.avg_time,متوسط الوقت
diagnosis.center.p95_time,النسبة المئوية 95 للوقت
diagnosis.center.throughput,معدل الإنتاجية
diagnosis.center.efficiency,الكفاءة
diagnosis.segment.total_count,العدد الإجمالي
diagnosis.segment.sla_compliance,الامتثال لاتفاقية مستوى الخدمة
diagnosis.segment.avg_duration,متوسط المدة:
diagnosis.segment.p50_duration,المدة عند النسبة المئوية 50:
diagnosis.segment.p95_duration,المدة عند النسبة المئوية 95:
diagnosis.segment.range,النطاق:
diagnosis.route.route,مسار
diagnosis.route.journeys,رحلات
diagnosis.route.on_time_rate,معدل الالتزام بالوقت
diagnosis.route.avg_transit,متوسط النقل
diagnosis.route.p95_transit,النسبة المئوية 95 للنقل
diagnosis.route.missroute_rate,معدل سوء التوجيه
diagnosis.route.total_segments,إجمالي القطاعات
settings.change_password,تغيير كلمة المرور
settings.security,الأمن
settings.password_hint,اختر كلمة مرور قوية لحماية حسابك
settings.password_tips,نصائح لكلمة المرور:
admin.all_users_title,جميع المستخدمين
reporting.compliance.samples,عينات
reporting.compliance.jk_std,J+K قياسي
reporting.compliance.jk_actual,J+K الفعلي
reporting.compliance.std_pct,STD %
reporting.compliance.actual_pct,النسبة الفعلية %
reporting.compliance.deviation,الانحراف (الفرق عن القيمة المرجعية)
reporting.compliance.download_csv,تنزيل عينات CSV
load_balancing.total,الإجمالي
load_balancing.avg_per_node,متوسط/عقدة:
load_balancing.optimal,مثالي:
load_balancing.urgent,عاجل:
load_balancing.preventive,وقائي:
load_balancing.balance_not_needed,لا حاجة لإعادة التوازن
menu.ondb_generator, مولّد قاعدة بيانات ONEDB
menu.ondb_generator.tooltip, إنشاء بيانات اختبار ONEDB
menu.country_topology.tooltip,طوبولوجيا الدولة والشبكة البريدية
menu.e2e_sla.tooltip,معايير التسليم الشاملة من البداية إلى النهاية
menu.segment_sla,اتفاقية مستوى الخدمة للقطاع
menu.segment_sla.tooltip,اتفاقيات مستوى الخدمة للقطاع
menu.territory_equity,العدالة الإقليمية
menu.territory_equity.tooltip,إعداد تقارير العدالة الإقليمية
menu.compliance,الامتثال
menu.compliance.tooltip,تقارير الامتثال
menu.e2e_db.tooltip,قاعدة بيانات شاملة من البداية إلى النهاية
menu.operations,العمليات
menu.setup_view,الإعداد
menu.account,حساب
menu.all_accounts,جميع الحسابات
menu.sign_out,تسجيل الخروج
incidents.menu_group,الحوادث
incidents.panelist_availability,توفر المحكّمين
incidents.title,حوادث توفر المحكّمين
incidents.pending_badge_tooltip,حالات عدم توفر بانتظار المراجعة
incidents.inbox.panelist,المحكّم
incidents.inbox.node,العقدة / المدينة
incidents.inbox.dates,تواريخ عدم التوفر
incidents.inbox.affected,العينات المتأثرة
incidents.inbox.breakdown,الإرسال / الاستلام
incidents.inbox.pending,قيد الانتظار
incidents.inbox.review,مراجعة
incidents.inbox.empty,لا توجد حوادث معلقة
incidents.detail.back,العودة إلى القائمة
incidents.detail.mark_reviewed,اعتبارها مدروسة
incidents.detail.mark_reviewed_disabled,يجب حل كل اقتراح أولاً
incidents.detail.sample,العينة
incidents.detail.role,الدور
incidents.detail.role_origin,الإرسال
incidents.detail.role_destination,الاستلام
incidents.detail.sample_status,حالة العينة
incidents.detail.suggested_action,الإجراء المقترح
incidents.detail.suggestion,اقتراح
incidents.detail.reason,السبب
incidents.detail.proposal_status,الحالة
incidents.detail.actions,الإجراءات
incidents.action.confirm,تأكيد
incidents.action.change,تغيير…
incidents.action.dismiss,تجاهل
incidents.action.confirm_selected,تأكيد المحدد
incidents.action.dismiss_selected,تجاهل المحدد
incidents.action.selected_count,{count} محددة
incidents.override.title,تغيير الحل
incidents.override.choose_action,الإجراء النهائي
incidents.override.reroute,إعادة التوجيه إلى عقدة أخرى
incidents.override.shift_date,تغيير التاريخ
incidents.override.cancel_sample,إلغاء العينة
incidents.override.target_node,العقدة المستهدفة
incidents.override.node_unavailable,(لا يوجد محكّم متاح)
incidents.override.new_date,تاريخ جديد
incidents.override.apply,تطبيق
incidents.override.cancel,إلغاء
incidents.act.reroute,إعادة توجيه
incidents.act.shift_date,تغيير التاريخ
incidents.act.cancel,إلغاء
incidents.act.none,معلوماتي
incidents.status.pending,قيد الانتظار
incidents.status.confirmed,مؤكدة
incidents.status.dismissed,مرفوضة
incidents.reason.alt_node_same_city,عقدة بديلة مع محكّم متاح في نفس المدينة
incidents.reason.shift_same_month,النقل إلى تاريخ متاح ضمن نفس الشهر
incidents.reason.no_alt_no_date,لا توجد عقدة بديلة ولا تاريخ متاح هذا الشهر
incidents.reason.reroute_reception,إعادة توجيه الاستلام إلى عقدة أخرى مع محكّم متاح
incidents.reason.no_alt_reception,لا توجد عقدة بديلة للاستلام
incidents.reason.in_transit,قيد النقل بالفعل؛ سيصل متأخراً أو قد لا يُسجَّل في الوقت المناسب
incidents.detail.cause,السبب
incidents.balance.title,توازن المدينة
incidents.balance.node,العقدة
incidents.balance.status,الحالة
incidents.balance.load,الحِمل
incidents.balance.saturation_normal,عادي
incidents.balance.saturation_high,مرتفع
incidents.balance.saturation_saturated,مشبع
incidents.balance.freed,يُحرَّر
incidents.balance.suggested,مقترح
incidents.balance.no_data,لا توجد بيانات توازن لهذه الفترة
incidents.balance.week_prefix,أ
incidents.balance.total,الإجمالي
incidents.balance.affected_week,الأسبوع المتأثر
incidents.balance.send,صادر
incidents.balance.receive,وارد
incidents.balance.send_full,الصادرة
incidents.balance.receive_full,الواردة
incidents.balance.week_filter_hint,انقر على أسبوع لتصفية العينات
incidents.balance.week_filter_active,تصفية الأسبوع
incidents.balance.week_filter_empty,لا توجد عينات معلقة في هذا الأسبوع
