key,translation
account_config.calculation_mode,Calculation Mode
account_config.calculation_mode_help,Choose how to calculate transit times: natural days (24/7) or working days (excluding non-working hours)
account_config.confirm_delete_holiday,Are you sure you want to delete this holiday?
account_config.cutoff,Cut-off
account_config.description,Configure global settings for your account
account_config.download_template,Download Template
account_config.fill_all_fields,Please fill all fields
account_config.global_settings,Global Settings
account_config.holiday_reason,Reason (e.g.
account_config.import_csv,Import CSV
account_config.imported_successfully,Successfully imported {count} holidays
account_config.mixed_reader_gap,Mixed Reader Gap (minutes)
account_config.mixed_reader_gap_help,Time gap to separate entry and exit events for mixed readers
account_config.natural_days,Natural Days
account_config.no_holidays,No holidays configured
account_config.no_valid_holidays,No valid holidays found in CSV
account_config.non_working_days,Non-Working Days (Holidays)
account_config.opening,Opening
account_config.saved_successfully,Configuration saved successfully
account_config.title,Account Configuration
account_config.weekly_schedule,Weekly Schedule
account_config.working_day,Working Day
account_config.working_days,Working Days
accounts.account_name,Account Name
accounts.created,Created
accounts.name,Name
accounts.no_accounts_found,No accounts found
accounts.promise,Promise
accounts.slug,Slug
accounts.unique_identifier_lowercase_no_spaces,"Unique identifier (lowercase, no spaces)"
admin.about_account_reset,About Account Reset
admin.all_allocation_plans_and_details,All allocation plans and details
admin.all_balancing_history,All balancing history
admin.all_configuration_data,all configuration data (topology
admin.all_material_shipments_and_movements,All material shipments and movements
admin.all_material_stocks,All material stocks
admin.all_operational_data,all operational data (plans
admin.all_purchase_orders,All purchase orders
admin.an_unexpected_error_occurred,An unexpected error occurred
admin.cannot_be_undone,Cannot be undone
admin.configuration_data_nodes_panelists_materials_etc_w,"Configuration data (nodes, panelists, materials, etc.) will be preserved."
admin.confirm_reset,Confirm reset
admin.create_user,Create User
admin.created,Created:
admin.deleted_records,Deleted records:
admin.demo2_account_not_found,DEMO2 account not found
admin.demo_reset,Demo Reset
admin.loading,Loading...
admin.loading_accounts,Loading accounts...
admin.preserve,Preserve
admin.promise,Promise
admin.reset_data,Reset Data
admin.resetting,Resetting...
admin.the_demo2_account_is_not_available_please_contact_,The DEMO2 account is not available. Please contact the administrator.
admin.this_will_permanently_delete,This will permanently delete:
admin.use_this_feature_to_prepare_accounts,Use this feature to prepare accounts for training sessions or demonstrations. The reset process will:
admin.use_with_caution,use with caution
admin.user_management,User Management
admin.warning_this_action_cannot_be_undone,Warning: This action cannot be undone
allocation_generator.1st_semester,1st Semester
allocation_generator.2nd_semester,2nd Semester
allocation_generator.about,About the Allocation Generator
allocation_generator.about_description,Automatically generate sample allocation plans based on distribution patterns
allocation_generator.actions,Actions
allocation_generator.applied,Applied
allocation_generator.applied_date,Applied Date
allocation_generator.applied_plans,Applied Plans
allocation_generator.applied_plans_historical,Applied Plans (Historical)
allocation_generator.apply,Apply
allocation_generator.april,April
allocation_generator.august,August
allocation_generator.auto_fill,Auto-fill 100%
allocation_generator.automatic_generator,Automatic Generator
allocation_generator.carrier,Carrier
allocation_generator.city_distribution_matrix,City Distribution Matrix (A-B-C)
allocation_generator.clear,Clear
allocation_generator.confirm_apply,Apply this plan? It will be moved to the applied plans.
allocation_generator.confirm_delete,Delete this plan?
allocation_generator.csv_import_coming_soon,CSV import functionality coming soon!
allocation_generator.date_placeholder,dd/mm/yyyy
allocation_generator.december,December
allocation_generator.delete,Delete
allocation_generator.description,Generate sample allocation plans automatically based on distribution patterns
allocation_generator.distribution_matrix,City distribution matrix (A-B-C)
allocation_generator.download_csv,Download CSV
allocation_generator.download_template,Download CSV template
allocation_generator.end_date,End Date
allocation_generator.error,Error
allocation_generator.error_downloading,Error downloading plan
allocation_generator.february,February
allocation_generator.generate_plan,Generate Plan
allocation_generator.generated,Generated
allocation_generator.generated_plans,Generated Plans
allocation_generator.generated_plans_title,Generated Plans
allocation_generator.generator,Generator
allocation_generator.import_csv,Import CSV
allocation_generator.january,January
allocation_generator.july,July
allocation_generator.june,June
allocation_generator.loading,Loading...
allocation_generator.manual_import,Manual Import
allocation_generator.march,March
allocation_generator.may,May
allocation_generator.no_applied_plans,No applied plans yet
allocation_generator.no_details_found,No details found for this plan
allocation_generator.no_generated_plans,No generated plans yet
allocation_generator.november,November
allocation_generator.october,October
allocation_generator.period,Period
allocation_generator.plan_applied_success,Plan applied successfully!
allocation_generator.plan_deleted_success,Plan deleted successfully!
allocation_generator.plan_name,Plan Name
allocation_generator.product,Product
allocation_generator.quick_period,Quick period selection
allocation_generator.quick_period_selection,Quick Period Selection
allocation_generator.samples,Samples
allocation_generator.seasonal_distribution,Seasonal Distribution
allocation_generator.select_carrier,Select carrier
allocation_generator.select_product,Select product
allocation_generator.september,September
allocation_generator.start_date,Start Date
allocation_generator.status,Status
allocation_generator.tab_applied_plans,Applied Plans
allocation_generator.tab_generated_plans,Generated Plans
allocation_generator.tab_generator,Generator
allocation_generator.title,Allocation Plan Generator
allocation_generator.to,to
allocation_generator.tooltip_how_it_works,How it works:
allocation_generator.tooltip_how_it_works_text,"Define total samples, date range, carrier/product, and distribution matrices. The system will create a detailed plan with origin-destination pairs and scheduled dates."
allocation_generator.tooltip_purpose,Purpose:
allocation_generator.tooltip_purpose_text,Automatically generate sample allocation plans based on city distribution patterns and seasonal variations.
allocation_generator.tooltip_title,Allocation Plan Generator
allocation_generator.tooltip_usage,Usage:
allocation_generator.tooltip_usage_text,"Generate plans, review them in ""Generated Plans"" tab, then apply them to activate sample allocations."
allocation_generator.total_samples,Total Samples
allocation_generator.user_not_authenticated,User not authenticated
allocation_generator.year,Year
allocation_plans.add_record,Add record
allocation_plans.all_carriers,All Carriers
allocation_plans.all_cities,All Cities
allocation_plans.all_nodes,All Nodes
allocation_plans.all_plans,All Plans
allocation_plans.all_products,All Products
allocation_plans.all_records,All Records
allocation_plans.all_status,All Status
allocation_plans.auto_fill_to_100,Auto-fill to 100%
allocation_plans.availability_issues,Availability Issues
allocation_plans.availability_issues_filter,Availability issues
allocation_plans.availability_issues_title,Availability issues
allocation_plans.available,Available
allocation_plans.bulk_operations,Bulk Operations
allocation_plans.cancel_selected,Cancel Selected
allocation_plans.cancelled,Cancelled
allocation_plans.carrier,Carrier
allocation_plans.change_destination_node,Change Destination Node
allocation_plans.change_origin_node,Change Origin Node
allocation_plans.change_scheduled_date,Change Scheduled Date
allocation_plans.city_distribution_matrix,City Distribution Matrix
allocation_plans.city_distribution_matrix_a_b_c,City Distribution Matrix (A-B-C)
allocation_plans.clear_selection,Clear selection
allocation_plans.completed,Completed
allocation_plans.create_record,Create record
allocation_plans.delayed_shipments,Delayed shipments
allocation_plans.delete_selected,Delete Selected
allocation_plans.dest_city,Dest. city
allocation_plans.dest_node,Dest. node
allocation_plans.dest_panelist,Dest. panelist
allocation_plans.dest_panelist_header,Destination panelist
allocation_plans.dest_status,Dest. status
allocation_plans.dest_status_header,Destination status
allocation_plans.destination,Destination:
allocation_plans.destination_city,Destination City
allocation_plans.destination_node,Destination Node
allocation_plans.details,Allocation plan details
allocation_plans.download_csv_template,Download CSV Template
allocation_plans.edit_record,Edit record
allocation_plans.end_date,End Date
allocation_plans.enter_tag_id,Enter tag ID
allocation_plans.error,Error:
allocation_plans.event_id,Event ID
allocation_plans.example,Example:
allocation_plans.filters,Filters
allocation_plans.first_day_of_the_allocation_period_samples_will_be,First day of the allocation period. Samples will be scheduled from this date.
allocation_plans.import_csv,Import CSV
allocation_plans.inactive,Inactive
allocation_plans.invalid,Invalid
allocation_plans.last_day_of_the_allocation_period_samples_will_be_,Last day of the allocation period. Samples will be scheduled until this date.
allocation_plans.loading,Loading allocation plans...
allocation_plans.no_panelist,No Panelist
allocation_plans.no_panelist_assigned_to_destination_node,No panelist assigned to destination node
allocation_plans.no_panelist_assigned_to_origin_node,No panelist assigned to origin node
allocation_plans.no_records,No allocation plans found
allocation_plans.notified,Notified
allocation_plans.optional,Optional
allocation_plans.optional_distribute_samples_unevenly_across_months,Optional: Distribute samples unevenly across months to reflect seasonal patterns.
allocation_plans.origin,Origin:
allocation_plans.origin_city,Origin City
allocation_plans.origin_city_filter,Origin city
allocation_plans.origin_node,Origin Node
allocation_plans.origin_node_filter,Origin node
allocation_plans.origin_panelist,Origin panelist
allocation_plans.origin_panelist_header,Origin panelist
allocation_plans.origin_status,Origin status
allocation_plans.origin_status_header,Origin status
allocation_plans.pending,Pending
allocation_plans.pending_lowercase,pending
allocation_plans.plan,Plan
allocation_plans.plan_details,Allocation plan details
allocation_plans.plan_name,Plan Name *
allocation_plans.please_ensure_destination_panelist,Please ensure destination panelist is assigned
allocation_plans.please_ensure_origin_panelist,Please ensure origin panelist is assigned
allocation_plans.please_enter_tag_id,Please enter a Tag ID
allocation_plans.please_select_datetime,Please select a date and time
allocation_plans.product,Product
allocation_plans.promise,Promise
allocation_plans.quick_period_selection,Quick Period Selection
allocation_plans.receive,Receive
allocation_plans.received,Received
allocation_plans.received_at_time,Received at
allocation_plans.received_by,Received by
allocation_plans.received_date_time,Received Date & Time
allocation_plans.register_reception,Register reception
allocation_plans.register_shipment,Register shipment
allocation_plans.registered_by,Registered By
allocation_plans.reprocess_errors,Reprocess Errors
allocation_plans.reset_filters,Reset filters
allocation_plans.scheduled_date,Scheduled Date
allocation_plans.search_by_event_id,Search by Event ID...
allocation_plans.search_by_tag_id,Search by Tag ID...
allocation_plans.search_event_id,Search by event ID...
allocation_plans.search_tag_id,Search by tag ID...
allocation_plans.seasonal_distribution,Seasonal Distribution
allocation_plans.select_carrier,Select carrier
allocation_plans.select_city,Select City
allocation_plans.select_node,Select node...
allocation_plans.select_plan,Select Plan
allocation_plans.select_product,Select product
allocation_plans.selected_count,{count} selected
allocation_plans.send,Send
allocation_plans.sent,Sent
allocation_plans.sent_at,Sent at:
allocation_plans.sent_at_time,Sent at
allocation_plans.sent_by,Sent by
allocation_plans.sent_date_time,Sent Date & Time
allocation_plans.sent_lowercase,sent
allocation_plans.shipment_status,Shipment status
allocation_plans.show_id,Show ID
allocation_plans.start_date,Start Date
allocation_plans.status,Status
allocation_plans.tag_id,Tag ID
allocation_plans.title,Allocation Plans
allocation_plans.total,Total
allocation_plans.total_and_pending,Total and Pending
allocation_plans.total_delayed,Total delayed
allocation_plans.total_issues,Total issues
allocation_plans.total_pending,Total and pending
allocation_plans.total_samples,Total Samples *
allocation_plans.transfer_error,Transfer Error
allocation_plans.unavailable,Unavailable
allocation_plans.update_record,Update record
allocation_plans.validation_errors,Validation Errors:
allocation_plans.view_and_manage,View and manage generated allocation plans
allocation_plans.waiting,Waiting
allocation_plans.week,Week
allocation_plans.year,Year
allocationplangenerator.allocation_plan_generator,Allocation Plan Generator
allocationplangenerator.applied_date,Applied Date
allocationplangenerator.applied_plans_historical,Applied Plans (Historical)
allocationplangenerator.automatic_generator,Automatic Generator
allocationplangenerator.carrier,Carrier
allocationplangenerator.download_csv,Download CSV
allocationplangenerator.generate_sample_allocation_plans_automatically_bas,Generate sample allocation plans automatically based on distribution patterns
allocationplangenerator.generated_plans,Generated Plans
allocationplangenerator.generator,Generator
allocationplangenerator.how_it_works,How it works:
allocationplangenerator.loading,Loading...
allocationplangenerator.manual_import,Manual Import
allocationplangenerator.no_applied_plans_yet,No applied plans yet
allocationplangenerator.no_generated_plans_yet,No generated plans yet
allocationplangenerator.period,Period
allocationplangenerator.plan_name,Plan Name
allocationplangenerator.product,Product
allocationplangenerator.purpose,Purpose:
allocationplangenerator.samples,Samples
allocationplangenerator.usage,Usage:
allocationplans.add_record,Add Record
allocationplans.allocation_plans,Allocation Plans
allocationplans.availability_issues,Availability Issues
allocationplans.carrier,Carrier
allocationplans.delayed_shipments,Delayed Shipments
allocationplans.dest_city,Dest. City
allocationplans.dest_node,Dest. Node
allocationplans.dest_panelist,Dest. Panelist
allocationplans.dest_status,Dest. Status
allocationplans.event_id,Event ID
allocationplans.loading,Loading...
allocationplans.no_records_found,No records found
allocationplans.origin_city,Origin City
allocationplans.origin_node,Origin Node
allocationplans.origin_panelist,Origin Panelist
allocationplans.origin_status,Origin Status
allocationplans.pending,Pending
allocationplans.plan,Plan
allocationplans.product,Product
allocationplans.received,Received
allocationplans.scheduled_date,Scheduled Date
allocationplans.sent,Sent
allocationplans.shipment_status,Shipment Status
allocationplans.tag_id,Tag ID
allocationplans.total_delayed,Total Delayed
allocationplans.total_issues,Total Issues
allocationplans.total_pending,Total & Pending
allocationplans.view_and_manage_generated_allocation_plans,View and manage generated allocation plans
allocationplans.week,Week
auth.click_autofill_demo,Click here to autofill demo credentials
auth.click_here_to_auto_fill_demo_credentials,Click here to auto-fill demo credentials
auth.email,Email:
auth.email_address,Email Address
auth.email_placeholder,your@email.com
auth.enter_your_password,Enter your password
auth.for_regulators,for Regulators
auth.loading,Loading...
auth.password,Password:
auth.password_placeholder,Enter your password
auth.secure_auth_supabase,Secure authentication by Supabase
auth.secure_authentication_powered_by_supabase,Secure authentication powered by Supabase
auth.sign_in,Sign In
auth.signing_in,Signing in...
auth.try_demo_account,Try Demo Account
auth.wherequalitystarts,WhereQualityStarts
auth.your_email_com,your@email.com
bulk.cancelled_records,Cancelled {count} records
bulk.confirm_cancel,Cancel {count} selected records?
bulk.confirm_delete,Are you sure you want to delete {count} records? This cannot be undone.
bulk.confirm_reprocess,Reprocess {count} records with transfer errors?
bulk.deleted_records,Deleted {count} records
bulk.please_select_date,Please select a date
bulk.please_select_destination_node,Please select a destination node
bulk.please_select_origin_node,Please select an origin node
bulk.reprocessed_records,Reprocessed {count} records
bulk.retry_errors,Retry {count} errors
bulk.selected,selected
bulk.updated_records,Updated {count} records
carriers.add_a_new_material_to_catalog_and_assign_to_produc,Add a new material to catalog and assign to product
carriers.add_carrier,Add Carrier
carriers.add_material,Add a material
carriers.add_product,Add Product
carriers.additional_details,Additional details...
carriers.all_carriers,All Carriers
carriers.all_products,All Products
carriers.all_products_have_materials,All products have materials!
carriers.all_status,All Status
carriers.cancel,Cancel
carriers.carrier,Carrier
carriers.carrier_details,Carrier Details
carriers.carriers,Carriers
carriers.carriers_products,Carriers & Products
carriers.choose_an_existing_material_from_your_catalog,Choose an existing material from your catalog
carriers.choose_how_to_add,Choose how to add a material to this product:
carriers.choose_how_to_add_material_to_this_product,Choose how to add material to this product:
carriers.clear_filters,Clear Filters
carriers.code,Code *
carriers.collapse_all,Collapse All
carriers.collapse_product,Collapse product
carriers.create,Create
carriers.create_carrier,Create Carrier
carriers.create_new_material,Create New Material
carriers.create_new_material_desc,Add a new material to the catalog and assign it to the product
carriers.days,Days
carriers.delete_carrier,Delete carrier
carriers.delete_product,Delete product
carriers.delivery_hours,Delivery Hours
carriers.description,Description
carriers.description_field,Description
carriers.download_csv,Download CSV
carriers.e_g_24,"e.g., 24"
carriers.e_g_dhl_exp_24,"e.g., DHL-EXP-24"
carriers.e_g_dhl_express,"e.g., DHL Express"
carriers.e_g_dhl_ups,"e.g., DHL, UPS"
carriers.e_g_express_delivery_24_hours,"e.g., Express delivery 24 hours"
carriers.e_g_express_standard_economy,"e.g., express, standard, economy"
carriers.edit_carrier,Edit carrier
carriers.edit_product,Edit product
carriers.edit_quantity,Edit quantity
carriers.enter_new_quantity,"Enter the new quantity for ""{name}"":"
carriers.every_product_has_materials_assigned_from_the_cata,Every product has materials assigned from the catalog
carriers.expand_all,Expand All
carriers.expand_all_products,Expand all products in this carrier
carriers.expand_all_products_in_this_carrier,Expand all products in this carrier
carriers.expand_carrier,Expand the carrier
carriers.expand_product,Expand product
carriers.expand_products,Expand all products of this carrier
carriers.heures,Hours
carriers.hours,Hours
carriers.jours,Days
carriers.loading,Loading carriers...
carriers.loading_carriers,Loading carriers...
carriers.manage_description,Manage shipping carriers
carriers.manage_shipping_carriers_products_and_material_req,"Manage shipping carriers, products, and material requirements"
carriers.mat_001,MAT-001
carriers.material,Material
carriers.materials,Materials
carriers.materials_assigned,Assigned materials
carriers.materiels,Materials
carriers.name,Name *
carriers.no_active_materials_in_catalog_create_a_new_one_in,No active materials in catalog. Create a new one instead.
carriers.no_carriers,No carriers found
carriers.no_carriers_defined_yet,No carriers defined yet
carriers.no_carriers_yet,No carriers defined yet
carriers.no_materials,No materials assigned yet
carriers.no_materials_assigned_yet,No materials assigned yet
carriers.no_products,No products
carriers.no_products_for_this_carrier_yet,No products for this carrier yet
carriers.no_results_found,No results found
carriers.pending_materials,Pending Materials
carriers.product,Product
carriers.product_code,Product Code
carriers.products,Products
carriers.products_count,{count} products
carriers.products_need_materials,These products require material assignments to be operational
carriers.products_without_materials,Products without Materials
carriers.products_without_materials_title,Products without materials
carriers.produits,Products
carriers.promise,Promise
carriers.qty,Qty.
carriers.quantity,Quantity *
carriers.remove_material,Remove material
carriers.remove_material_confirm,"Remove the material ""{name}"" from this product?"
carriers.rfid_tag,RFID Tag
carriers.search_carriers_or_products,Search carriers or products...
carriers.search_placeholder,Search carriers or products...
carriers.select_from_catalog,Select from Catalog
carriers.select_from_catalog_desc,Choose an existing material from your catalog
carriers.select_material,Select Material *
carriers.standard_delivery_time,Standard Delivery Time *
carriers.start_by_creating_your_first_carrier_to_manage_shi,Start by creating your first carrier to manage shipping products
carriers.status,Status *
carriers.tab_carriers_products,Carriers and products
carriers.tab_products_without_materials,Products without materials
carriers.these_products_need_material_assignments_to_be_ope,These products need material assignments to be operational
carriers.time_unit,Time Unit *
carriers.title,Carriers and products
carriers.transporteurs,Carriers
carriers.try_adjusting_your_search_or_filters,Try adjusting your search or filters
carriers.type,Type
carriers.unit_measure,Unit Measure
carriers.units_kg_etc,"units, kg, etc."
carriers.update_quantity,Update quantity
carriers.with_materials,With Materials
carriers.without_materials,Without Materials
catalog.add_material,Add Material
catalog.material_code,Material Code
catalog.material_name,Material Name
catalog.title,Material Catalog
cityform.cancel,Cancel
cityform.city_class,City Class
cityform.city_code,City Code
cityform.city_name,City Name
cityform.class_a,Class A
cityform.class_b,Class B
cityform.class_c,Class C
cityform.create,Create
cityform.latitude,Latitude
cityform.longitude,Longitude
cityform.optional,optional
cityform.population,Population
cityform.population_description,Total city population (used for impact analysis in reports)
cityform.saving,Saving...
cityform.update,Update
common.1st_semester,1st Semester
common.2nd_semester,2nd Semester
common.about,About
common.actions,Actions
common.active,Active
common.active_only,Active Only
common.add_record,Add a record
common.all,All
common.all_cities,All Cities
common.all_nodes,All Nodes
common.all_status,All Statuses
common.apply,Apply
common.available,available
common.bulk_edit,Bulk Edit
common.bulk_edit_description,Editing {count} selected records. Leave fields empty to skip.
common.calculate,Calculate
common.cancel,Cancel
common.city,City
common.clear,Clear
common.close,Close
common.collapse_all,Collapse All
common.confirm,Confirm
common.confirm_delete,Delete this record?
common.create,Create
common.created_successfully,Created successfully
common.creating,Creating...
common.cutoff,Cut-off
common.days,days
common.delete,Delete
common.delete_selected,Delete Selected
common.deleted_successfully,Deleted successfully
common.description,Description
common.deselect_all,Deselect All
common.download,Download
common.edit,Edit
common.end_date,End date
common.error,Error
common.expand_all,Expand All
common.export,Export
common.export_csv,Export CSV
common.export_to_csv,Export to CSV
common.filters,Filters
common.first_semester,1st Semester
common.friday,Friday
common.generate_plan,Generate Plan
common.generating,Generating...
common.hide,Hide
common.hide_filters,Hide Filters
common.hours,hours
common.import,Import
common.inactive,Inactive
common.info,Information
common.information,Information
common.language,Language
common.leave_empty_to_skip,Leave empty to skip
common.loading,Loading...
common.loading_carriers,Loading carriers...
common.loading_data,Loading data...
common.loading_topology,Loading topology...
common.material,Material
common.minutes,minutes
common.monday,Monday
common.no,No
common.no_panelist,No Panelist
common.no_results_found,No results found
common.node,Node
common.of,of
common.opening,Opening
common.pending,Pending
common.please_select_at_least_one,Please select at least one record
common.promise,Promise
common.quick_month_selection,Quick Month Selection
common.records,records
common.refresh,Refresh
common.region,Region
common.register,Register
common.remove,Remove
common.reset,Reset
common.reset_filters,Reset Filters
common.saturday,Saturday
common.save,Save
common.saving,Saving...
common.search,Search
common.second_semester,2nd Semester
common.select,Select
common.select_all,Select All
common.show,Show
common.show_filters,Show Filters
common.show_id,Show ID
common.sign_out,Sign out
common.start_date,Start date
common.status,Status
common.success,Success
common.sunday,Sunday
common.thursday,Thursday
common.to,To
common.total,Total
common.tuesday,Tuesday
common.type,Type
common.unavailable,Unavailable
common.unit,Unit
common.update,Update
common.updated_successfully,Updated successfully
common.updating,Updating...
common.warning,Warning
common.wednesday,Wednesday
common.year,Year
common.yes,Yes
countrytopology.all_cities,All Cities
countrytopology.all_nodes,All Nodes
countrytopology.all_nodes_have_panelists,All nodes have panelists!
countrytopology.all_regions,All Regions
countrytopology.cities,Cities
countrytopology.city,City
countrytopology.clear_filters,Clear Filters
countrytopology.collapse_all,Collapse All
countrytopology.country_topology,Country Topology
countrytopology.create_region,Create Region
countrytopology.define_and_manage_your_country_network_infrastruct,Define and manage your country network infrastructure hierarchy
countrytopology.download_csv,Download CSV
countrytopology.every_node_in_your_topology_has_a_panelist_assigne,Every node in your topology has a panelist assigned
countrytopology.expand_all,Expand All
countrytopology.loading_topology,Loading topology...
countrytopology.no_results_found,No results found
countrytopology.no_topology_defined_yet,No topology defined yet
countrytopology.node_id,Node ID
countrytopology.nodes_without_panelists,Nodes without Panelists
countrytopology.pending_panelist,Pending Panelist
countrytopology.region,Region
countrytopology.regions,Regions
countrytopology.search_regions_cities_or_nodes,"Search regions, cities, or nodes..."
countrytopology.start_by_creating_your_first_region_to_build_your_,Start by creating your first region to build your country topology
countrytopology.these_nodes_need_panelist_assignment_to_be_operati,These nodes need panelist assignment to be operational
countrytopology.topology_tree,Topology Tree
countrytopology.total_nodes,Total Nodes
countrytopology.try_adjusting_your_search_or_filters,Try adjusting your search or filters
countrytopology.with_panelist,With Panelist
countrytopology.with_panelists,With Panelists
countrytopology.without_panelist,Without Panelist
countrytopology.without_panelists,Without Panelists
dashboard.active,active
dashboard.active_carriers,Active Carriers
dashboard.active_products,Active Products
dashboard.active_resources,Active Resources
dashboard.allocation_plans,Allocation Plans
dashboard.availability_issues,Availability Issues
dashboard.availability_rate,Availability Rate
dashboard.available,available
dashboard.available_combinations,Available combinations
dashboard.carrier_product_pairs,Carrier-Product Pairs
dashboard.carriers_products,Carriers & Products
dashboard.configured_routes,Configured routes
dashboard.coverage_rate,Coverage Rate
dashboard.critical_alerts,Critical Alerts
dashboard.current_alerts,Current Alerts
dashboard.current_month,Current Month
dashboard.currently_unavailable,Currently unavailable
dashboard.delayed_shipments,Delayed Shipments
dashboard.delivery_standards,Delivery Standards
dashboard.inactive,Inactive
dashboard.inactive_lowercase,inactive
dashboard.incomplete_standards,Incomplete standards
dashboard.issues_delays,Issues & Delays
dashboard.last_30_days,Last 30 days
dashboard.last_60_days,Last 60 days
dashboard.last_90_days,Last 90 days
dashboard.loading_dashboard,Loading dashboard...
dashboard.management_dashboard,Management Dashboard
dashboard.management_tip,Management Tip
dashboard.management_tip_text,Use the period selector to display statistics for the current month or plan for the next month. Click any card to access the detailed view. Check critical alerts daily to maintain operational excellence. Monitor panelists' vacations and material needs to avoid allocation conflicts.
dashboard.material_management,Material Management
dashboard.material_requirements,Material Requirements
dashboard.needing_review,Needing Review
dashboard.needs_review,Needs Review
dashboard.next_30_days,Next 30 days
dashboard.next_month,Next Month
dashboard.no_panelist,No panelist
dashboard.of,of
dashboard.on_leave,On leave
dashboard.on_vacation,On Vacation
dashboard.panelist_status,Panelist Status
dashboard.panelist_stock,Panelist Stock
dashboard.panelists_availability,Panelists & Availability
dashboard.pending,Pending
dashboard.pending_items,Pending Items
dashboard.pending_shipments,Pending Shipments
dashboard.purchase_orders,Purchase Orders
dashboard.received,Received
dashboard.regulator_stock,Regulator Stock
dashboard.selected_period,Selected period:
dashboard.sent,Sent
dashboard.shipments_to_panelists,Shipments to Panelists
dashboard.standards_configuration,Standards Configuration
dashboard.stock_alerts,Stock Alerts
dashboard.tooltip_active_carriers,Number of active carriers available for shipments
dashboard.tooltip_active_products,Number of active products configured across all carriers
dashboard.tooltip_coverage_rate,Percentage of standards with complete configuration
dashboard.tooltip_delayed_shipments,Shipments scheduled before today but not yet received
dashboard.tooltip_management_dashboard,"Management Dashboard: Overview of operational metrics, resource status, and critical alerts. Use the period selector to view current or upcoming month statistics."
dashboard.tooltip_material_requirements,Pending material requirements from regulators
dashboard.tooltip_needs_review,Standards missing time or success percentage configuration
dashboard.tooltip_panelist_stock,Stock alerts in panelist locations
dashboard.tooltip_pending_shipments,Stock shipments pending dispatch
dashboard.tooltip_received_plans,Plans successfully received
dashboard.tooltip_sent_plans,Plans sent and in transit
dashboard.tooltip_shipments_to_panelists,Pending shipments of materials to panelists
dashboard.tooltip_total_panelists,Total number of panelists in the system
dashboard.tooltip_total_plans,Total allocation plans in selected period
dashboard.tooltip_total_standards,Total number of delivery standards configured
dashboard.total,total
dashboard.total_and_status,Total and Status
dashboard.total_panelists,Total Panelists
dashboard.total_plans,Total Plans
dashboard.total_standards,Total Standards
dashboard.total_status,Total & Status
dashboard.unassigned,Unassigned
dashboard.unavailable,Unavailable
dashboard.upcoming_vacations,Upcoming Vacations
delivery_standards.about_text,Configure expected delivery times between cities for each carrier-product combination
delivery_standards.absolute,Absolute
delivery_standards.add_standard,Add Standard
delivery_standards.all_carriers,All Carriers
delivery_standards.all_destinations,All Destinations
delivery_standards.all_origins,All Origins
delivery_standards.all_products,All Products
delivery_standards.bulk_update,Bulk Update
delivery_standards.carrier,Carrier *
delivery_standards.clear_all_selections,Clear All Selections
delivery_standards.confirm_delete,Delete this delivery standard?
delivery_standards.create_standard,Create Standard
delivery_standards.created,Delivery standard created successfully
delivery_standards.critical_percent,Critical %
delivery_standards.critical_threshold,Critical Threshold
delivery_standards.days,Days
delivery_standards.delete_selected,Delete Selected
delivery_standards.deleted,Delivery standard deleted successfully
delivery_standards.description,Configure expected delivery times and tolerances
delivery_standards.destination,Destination
delivery_standards.destination_city,Destination City *
delivery_standards.destination_classification,Destination Classification
delivery_standards.e_g_24,"e.g., 24"
delivery_standards.e_g_85,"e.g., 85"
delivery_standards.edit_standard,Edit Standard
delivery_standards.estimated_combinations,Estimated combinations:
delivery_standards.expected_days,Expected Days
delivery_standards.generate_combinations,Generate Combinations
delivery_standards.generate_delivery_standards,Generate Delivery Standards
delivery_standards.generation_complete,Generation Complete
delivery_standards.hours,Hours
delivery_standards.jk,J+K
delivery_standards.loading_standards,Loading delivery standards...
delivery_standards.no_products_for_this_carrier,No products for this carrier
delivery_standards.origin,Origin
delivery_standards.origin_city,Origin City *
delivery_standards.origin_classification,Origin Classification
delivery_standards.pending_only,Pending Only
delivery_standards.product,Product *
delivery_standards.promise,Promise
delivery_standards.relative,Relative
delivery_standards.select_carrier,Select carrier
delivery_standards.select_destination,Select destination
delivery_standards.select_origin,Select origin
delivery_standards.select_product,Select product
delivery_standards.smart_generation,Smart Generation:
delivery_standards.standard_time,Standard Time
delivery_standards.std_percent,Std %
delivery_standards.success,Success %
delivery_standards.success_percentage,Success %
delivery_standards.threshold_type,Threshold Type
delivery_standards.time_unit,Time Unit *
delivery_standards.title,Delivery Standards
delivery_standards.tolerance_days,Tolerance Days
delivery_standards.unit,Unit
delivery_standards.updated,Delivery standard updated successfully
delivery_standards.warning_percent,Warning %
delivery_standards.warning_threshold,Warning Threshold
deliverystandards.about_delivery_standards,About Delivery Standards
deliverystandards.absoluto,Absoluto:
deliverystandards.absoluto_del_100,Absoluto (% del 100%)
deliverystandards.all_carriers,All Carriers
deliverystandards.all_cities,All Cities
deliverystandards.all_products,All Products
deliverystandards.all_types,All Types
deliverystandards.carrier,Carrier
deliverystandards.carrier_s_product_service_type_e_g_express_standar,"Carrier's product/service type (e.g., Express, Standard, Economy)"
deliverystandards.city_where_the_package_is_delivered_destination_ci,City where the package is delivered (destination city)
deliverystandards.city_where_the_package_is_picked_up_origin_city,City where the package is picked up (origin city)
deliverystandards.configured,Configured
deliverystandards.create_delivery_standard,Create Delivery Standard
deliverystandards.critical,Critical %
deliverystandards.critical_threshold,Critical Threshold (%)
deliverystandards.days,Days
deliverystandards.delivery_standards,Delivery Standards
deliverystandards.destination,Destination
deliverystandards.destination_city,Destination City
deliverystandards.destination_type,Destination Type
deliverystandards.e_g_10,"e.g., 10"
deliverystandards.e_g_20,"e.g., 20"
deliverystandards.e_g_24,"e.g., 24"
deliverystandards.e_g_85,"e.g., 85"
deliverystandards.edit_delivery_standard,Edit Delivery Standard
deliverystandards.edit_or_delete_this_delivery_standard,Edit or delete this delivery standard
deliverystandards.ejemplo_success_95_warning_10_l_mite_90_100_10,"Ejemplo: Success=95%, Warning=10% → Límite=90% (100% - 10%)"
deliverystandards.ejemplo_success_95_warning_5_l_mite_90_25_95_95_5,"Ejemplo: Success=95%, Warning=5% → Límite=90.25% (95% - 95%×5%)"
deliverystandards.filters,Filters
deliverystandards.hours,Hours
deliverystandards.j_k,J+K:
deliverystandards.key_metrics,Key Metrics:
deliverystandards.loading_delivery_standards,Loading delivery standards...
deliverystandards.logistics_carrier_responsible_for_delivery_e_g_dhl,"Logistics carrier responsible for delivery (e.g., DHL, FedEx)"
deliverystandards.los_thresholds_se_calculan_como_del_100,Los thresholds se calculan como % del 100%.
deliverystandards.los_thresholds_se_calculan_como_del_success,Los thresholds se calculan como % del Success %.
deliverystandards.manage_delivery_time_standards_between_cities_for_,Manage delivery time standards between cities for each carrier and product
deliverystandards.no_delivery_standards_found_generate_combinations_,No delivery standards found. Generate combinations to get started.
deliverystandards.origin,Origin
deliverystandards.origin_city,Origin City
deliverystandards.origin_type,Origin Type
deliverystandards.pending,Pending
deliverystandards.pending_only,Pending Only
deliverystandards.product,Product
deliverystandards.purpose,Purpose:
deliverystandards.relativo,Relativo:
deliverystandards.relativo_del_success,Relativo (% del Success %)
deliverystandards.reset_all_filters,Reset all filters
deliverystandards.selected,Selected
deliverystandards.standard_delivery_time_e_g_j_2_means_2_days_from_p,"Standard delivery time (e.g., J+2 means 2 days from pickup)"
deliverystandards.standard_time,Standard Time
deliverystandards.std,Std %:
deliverystandards.success,Success %
deliverystandards.target_percentage_of_deliveries_meeting_the_j_k_st,Target percentage of deliveries meeting the J+K standard
deliverystandards.threshold_calculation_type_relative_percentage_bas,Threshold calculation type: Relative (percentage-based) or Absolute (fixed value)
deliverystandards.threshold_type,Threshold Type
deliverystandards.thresholds,Thresholds:
deliverystandards.time_unit,Time Unit
deliverystandards.time_unit_for_the_j_k_value_hours_or_days,Time unit for the J+K value (hours or days)
deliverystandards.tipo_de_c_lculo_de_thresholds,Tipo de Cálculo de Thresholds:
deliverystandards.total_standards,Total Standards
deliverystandards.type,Type
deliverystandards.type_a,Type A
deliverystandards.type_b,Type B
deliverystandards.type_c,Type C
deliverystandards.unit,Unit
deliverystandards.usage,Usage:
deliverystandards.warning,Warning %
deliverystandards.warning_and_critical_deviation_levels_for_performa,Warning and critical deviation levels for performance monitoring
deliverystandards.warning_threshold,Warning Threshold (%)
diagnosis.consolidation.actions.create_reader,Create Reader
diagnosis.consolidation.actions.mark_resolved,Mark as Resolved
diagnosis.consolidation.actions.reprocess,Reprocess
diagnosis.consolidation.actions.view_history,View History
diagnosis.consolidation.columns.description,Description
diagnosis.consolidation.columns.detected_at,Detected At
diagnosis.consolidation.columns.incident_type,Type
diagnosis.consolidation.columns.postal_center,Postal Center
diagnosis.consolidation.columns.status,Status
diagnosis.consolidation.columns.tag_id,Tag ID
diagnosis.consolidation.description,Process raw RFID events and detect system anomalies
diagnosis.consolidation.details.affected_events,Affected Events
diagnosis.consolidation.details.created_at,Created At
diagnosis.consolidation.details.detected_at,Detected At
diagnosis.consolidation.details.event_id,Event ID
diagnosis.consolidation.details.event_of,Event {current} of {total}
diagnosis.consolidation.details.incident_summary,Incident Summary
diagnosis.consolidation.details.internal_id,Internal ID
diagnosis.consolidation.details.is_processed,Is Processed
diagnosis.consolidation.details.no,No
diagnosis.consolidation.details.no_raw_events,No raw events available
diagnosis.consolidation.details.quick_actions,Quick Actions
diagnosis.consolidation.details.raw_events,Raw EPCIS Events
diagnosis.consolidation.details.read_datetime,Read DateTime
diagnosis.consolidation.details.reader_code,Reader Code
diagnosis.consolidation.details.reader_id,Reader ID
diagnosis.consolidation.details.severity,Severity
diagnosis.consolidation.details.tag_id_epc,Tag ID (EPC)
diagnosis.consolidation.details.yes,Yes
diagnosis.consolidation.error,Consolidation error: {message}
diagnosis.consolidation.error_no_session,No active session
diagnosis.consolidation.incident_resolved,Incident marked as resolved successfully
diagnosis.consolidation.incident_types.data_quality,Data Quality
diagnosis.consolidation.incident_types.missing_exit,Missing Exit
diagnosis.consolidation.incident_types.unknown_reader,Unknown Reader
diagnosis.consolidation.incidents_table_title,Detected Incidents
diagnosis.consolidation.last_consolidation,Last Consolidation
diagnosis.consolidation.never,Never
diagnosis.consolidation.no_incidents,No incidents detected
diagnosis.consolidation.pending_events,Pending Events
diagnosis.consolidation.run_button,Run Consolidation
diagnosis.consolidation.status.pending,Pending
diagnosis.consolidation.status.resolved,Resolved
diagnosis.consolidation.success,Consolidation completed: {processed} events processed - {incidents} incidents detected
diagnosis.consolidation.title,Event Consolidation
diagnosis.consolidation.total_incidents,Total Incidents
layout.all_accounts,All Accounts
layout.sign_out,Sign Out
layout.view_as_account,View as account:
load_balancing.about_text,Balance panelist allocation across nodes to optimize workload distribution
load_balancing.apply_balance,Apply Balance
load_balancing.applying,Applying balance...
load_balancing.calculating,Calculating balance...
load_balancing.confirm_apply,Apply these changes to panelist assignments?
load_balancing.current_distribution,Current Distribution
load_balancing.current_load,Current Load
load_balancing.current_panelists,Current Panelists
load_balancing.description,Balance workload across nodes
load_balancing.difference,Difference
load_balancing.loading,Loading load balancing data...
load_balancing.node,Node
load_balancing.preview_changes,Preview Changes
load_balancing.rebalance,Rebalance
load_balancing.reset_preview,Reset Preview
load_balancing.success,Balance applied successfully
load_balancing.target_load,Target Load
load_balancing.target_panelists,Target Panelists
load_balancing.title,Load Balancing
material.add_material,Add a material
material_catalog.additional_details,Additional details...
material_catalog.code,Code *
material_catalog.description,Description
material_catalog.mat_001,MAT-001
material_catalog.minimum_stock_safety_stock,Minimum Stock (Safety Stock)
material_catalog.name,Name *
material_catalog.promise,Promise
material_catalog.rfid_tag,RFID Tag
material_catalog.title,Material Catalog
material_catalog.unit_measure,Unit Measure
material_catalog.units_kg_etc,"units, kg, etc."
material_requirements.about,About Material Requirements
material_requirements.about_description,Calculate material needs based on assignment plans
material_requirements.all_materials,All Materials
material_requirements.all_nodes,All Nodes
material_requirements.assigned,Assigned
material_requirements.calculate,Calculate
material_requirements.calculating,Calculating...
material_requirements.calculation_period,Calculation Period
material_requirements.carrier,Carrier
material_requirements.city,City
material_requirements.clear_filters,Clear Filters
material_requirements.description,Calculate material needs based on allocation plans
material_requirements.end_date,End Date
material_requirements.export_csv,Export CSV
material_requirements.filters,Filters
material_requirements.items_needed,items needed
material_requirements.loading,Loading material requirements...
material_requirements.material_code,Material Code
material_requirements.material_name,Material Name
material_requirements.node,Node
material_requirements.panelist,Panelist
material_requirements.panelist_distribution,Panelist Distribution
material_requirements.panelist_requirements,Panelist Requirements
material_requirements.panelists_needing,Panelists Needing
material_requirements.pending,Pending
material_requirements.plans,Plans
material_requirements.please_select_dates,Please select both start and end dates
material_requirements.product,Product
material_requirements.purchase_orders,Purchase Orders
material_requirements.purchase_requirements,Purchase Requirements
material_requirements.quantity,Quantity
material_requirements.quantity_needed,Quantity Needed
material_requirements.quick_period_selection,Quick Period Selection
material_requirements.region,Region
material_requirements.shipments,Shipments
material_requirements.start_date,Start Date
material_requirements.status,Status
material_requirements.title,Material Requirements
material_requirements.to_send,to send
material_requirements.total_materials,Total Materials
material_requirements.total_requirements,Total Requirements
material_requirements.unit,Unit
materialcatalog.code,Code
materialcatalog.description,Description
materialcatalog.loading,Loading...
materialcatalog.manage_reusable_materials_for_all_products,Manage reusable materials for all products
materialcatalog.material_catalog,Material Catalog
materialcatalog.min_stock,Min Stock
materialcatalog.name,Name
materialcatalog.no_materials_in_catalog_create_your_first_material,No materials in catalog. Create your first material to get started.
materialcatalog.promise,Promise
materialcatalog.unit,Unit
materialrequirements.all_materials,All Materials
materialrequirements.all_nodes,All Nodes
materialrequirements.calculate_material_needs_based_on_allocation_plans,Calculate material needs based on allocation plans
materialrequirements.end_date,End Date
materialrequirements.error_calculating_requirements,Error calculating requirements
materialrequirements.export_to_csv,Export to CSV
materialrequirements.filters,Filters
materialrequirements.material,Material
materialrequirements.material_code,Material Code
materialrequirements.material_name,Material Name
materialrequirements.material_requirements,Material Requirements
materialrequirements.node,Node
materialrequirements.panelist_requirements,Panelist Requirements
materialrequirements.panelists_needing,Panelists Needing
materialrequirements.plans,Plans
materialrequirements.purchase_requirements,Purchase Requirements
materialrequirements.quantity,Quantity
materialrequirements.quantity_needed,Quantity Needed
materialrequirements.quick_period_selection,Quick Period Selection
materialrequirements.reset_all_filters,Reset all filters
materialrequirements.shipments,Shipments
materialrequirements.start_date,Start Date
materialrequirements.total_materials,Total Materials
materialrequirements.unit,Unit
materialrequirements.year,Year
materials.all_materials,All materials
materials.all_nodes,All nodes
materials.calculate,Calculate
materials.calculate_description,Calculate material requirements based on assignment plans
materials.date_placeholder,dd/mm/yyyy
materials.end_date,End date
materials.first_semester,1st Semester
materials.material,Material
materials.month_apr,Apr
materials.month_aug,Aug
materials.month_dec,Dec
materials.month_feb,Feb
materials.month_jan,Jan
materials.month_jul,Jul
materials.month_jun,Jun
materials.month_mar,Mar
materials.month_may,May
materials.month_nov,Nov
materials.month_oct,Oct
materials.month_sep,Sep
materials.no_materials_selected,No materials selected
materials.node,Node
materials.quick_period_selection,Quick period selection
materials.requirements_title,Material requirements
materials.search_materials,Search materials...
materials.second_semester,2nd Semester
materials.select_materials,Select Materials
materials.selected_materials,Selected Materials
materials.start_date,Start date
materials.year,Year
menu.account_configuration,Account Configuration
menu.account_configuration.tooltip,Configure account-level settings for diagnostics
menu.accounts,Accounts
menu.accounts.tooltip,Manage all accounts in the system
menu.administration,Administration
menu.all_users,All Users
menu.all_users.tooltip,View and manage all users across accounts
menu.allocation_generator,Allocation Generator
menu.allocation_generator.tooltip,Automatically create allocation plans based on requirements
menu.allocation_management,Allocation Management
menu.allocation_plans,Allocation Plans
menu.allocation_plans.tooltip,Manage all shipment allocations
menu.carriers,Carriers & Products
menu.carriers.tooltip,Manage carriers and their product catalog
menu.dashboard,Dashboard
menu.dashboard.tooltip,Overview of operational metrics and critical alerts
menu.databases_section,DATA BASES
menu.databases_section.tooltip,Database management and API access
menu.delivery_standards,Delivery Standards
menu.delivery_standards.tooltip,Define expected delivery times and success rates by carrier and product
menu.demo_reset,Demo Reset
menu.demo_reset.tooltip,Reset demo account data
menu.e2e_db,E2E DB
menu.event_consolidation.tooltip,Process RFID events and detect anomalies
menu.extract_e2e_db_api,Extract E2E DB API
menu.extract_e2e_db_api.tooltip,Extract E2E data via REST API
menu.load_balancing,Load Balancing
menu.load_balancing.tooltip,Visualize and rebalance shipment distribution across nodes
menu.material_catalog,Material Catalog
menu.material_catalog.tooltip,Master catalog of all materials
menu.material_requirements,Material Requirements
menu.material_requirements.tooltip,Calculate material needs based on allocation plans
menu.materials_management,Materials Management
menu.onedb_api,ONE DB API
menu.onedb_api.tooltip,Access ONE DB through REST API
menu.onedb_generator,ONEDB Generator
menu.onedb_generator.tooltip,Generate receive records for allocation plans
menu.overview,Overview
menu.panelists,Panelists
menu.panelists.tooltip,Register and manage panelist availability
menu.postal_centers,Postal Centers
menu.postal_centers.tooltip,Configure postal centers and RFID readers
menu.processed_events,Consolidated RFID Events
menu.processed_events.tooltip,View and analyze processed RFID events
menu.reporting,Reporting
menu.reporting_compliance,Compliance
menu.reporting_compliance.tooltip,Monitor compliance with delivery standards
menu.reporting_dashboard,Dashboard
menu.reporting_dashboard.tooltip,Overview of key performance indicators
menu.reporting_e2e,E2E
menu.reporting_e2e.tooltip,End-to-end analytics and performance metrics
menu.reporting_equity,Territory Equity
menu.reporting_equity.tooltip,Analyze equity in shipment distribution
menu.reporting_jk,J+K Performance
menu.reporting_jk.tooltip,Analyze performance against delivery standards
menu.reporting_onedb.tooltip,Complete record of all received shipments
menu.rfid_events_consolidation,RFID Events Consolidation
menu.rfid_events_db,RFID Events DB
menu.rfid_events_db.tooltip,Processed RFID events database with consolidated events
menu.setup,Setup
menu.setup_diagnosis,Diagnosis Network
menu.setup_diagnosis.tooltip,Configure postal network diagnosis settings
menu.setup_e2e,E2E Network
menu.setup_e2e.tooltip,Configure E2E monitoring network settings
menu.slas_configuration,Sites SLA
menu.slas_configuration.tooltip,Configure Sites SLA
menu.stock_management,Stock Management
menu.stock_management.tooltip,Monitor inventory levels and alerts
menu.superadmin,Superadmin
menu.topology,Country Topology
menu.topology.tooltip,Define the geographical structure with countries
menu.translations,Translations
menu.translations.tooltip,Manage application translations
menu.users,Users
menu.users.tooltip,Manage user accounts and permissions
months.apr,Apr
months.aug,Aug
months.dec,Dec
months.feb,Feb
months.jan,Jan
months.jul,Jul
months.jun,Jun
months.mar,Mar
months.may,May
months.nov,Nov
months.oct,Oct
months.sep,Sep
nodeLoadBalancing.after,After
nodeLoadBalancing.applyBalance,Apply balance
nodeLoadBalancing.balancePreview,Balance preview
nodeLoadBalancing.before,Before
nodeLoadBalancing.cancel,Cancel
nodeLoadBalancing.highLoadNodes,High load nodes
nodeLoadBalancing.highLoadNodesDesc,Nodes with 120-150% average load
nodeLoadBalancing.loadDistributionMatrix,Load distribution matrix
nodeLoadBalancing.loadLevel,Load level
nodeLoadBalancing.loading,Loading...
nodeLoadBalancing.matrixView,Matrix view
nodeLoadBalancing.saturatedNodes,Saturated nodes
nodeLoadBalancing.saturatedNodesDesc,Nodes above 150% average load
nodeLoadBalancing.stdDevAfter,Standard deviation after
nodeLoadBalancing.stdDevBefore,Standard deviation before
nodeLoadBalancing.totalShipments,Total shipments
nodeLoadBalancing.totalShipmentsDesc,All shipments in the period
node_load_balancing.acceptable_deviation_tooltip,Acceptable deviation from reference
node_load_balancing.deviation_tolerance,Deviation Tolerance (%)
node_load_balancing.deviation_tolerance_label,Deviation Tolerance
node_load_balancing.expected_average_tooltip,Expected average samples per node
node_load_balancing.no_data_message,No data available for the selected period. Try selecting a different month.
node_load_balancing.quick_selection,Quick Selection
node_load_balancing.reference_load,Reference Load
node_load_balancing.reference_samples_node,Reference Samples/Node
node_load_balancing.subtitle,Optimize shipment distribution across nodes and weeks
node_load_balancing.title,Node Load Balancing
nodeloadbalancing.acceptable_deviation_from_reference,Acceptable deviation from reference
nodeloadbalancing.actualiza_fecha_programada_y_node_id_en_allocation,Actualiza fecha_programada y node_id en allocation_plan_details
nodeloadbalancing.additional_nodes_required,Additional Nodes Required
nodeloadbalancing.after,After
nodeloadbalancing.all_shipments_in_period,All shipments in period
nodeloadbalancing.avg_node,Avg/Node:
nodeloadbalancing.balance_not_needed,Balance Not Needed
nodeloadbalancing.before,Before
nodeloadbalancing.c_lculo_del_objetivo,Cálculo del objetivo:
nodeloadbalancing.calculating_balance_preview,Calculating balance preview...
nodeloadbalancing.clasificaci_n,Clasificación:
nodeloadbalancing.con_ref_63_y_20_normal_lt_75_6_high_75_6_saturated,"Con Ref=63 y %=20, Normal &lt; 75.6, High ≥ 75.6, Saturated ≥ 81.9"
nodeloadbalancing.concepto,Concepto:
nodeloadbalancing.critical,Critical:
nodeloadbalancing.deviation_tolerance,Deviation Tolerance (%)
nodeloadbalancing.ejemplo,Ejemplo:
nodeloadbalancing.ejemplo_305_shipments_1_nodo_5_semanas_61_por_celd,Ejemplo: 305 shipments / (1 nodo × 5 semanas) = 61 por celda
nodeloadbalancing.end_date,End Date
nodeloadbalancing.even_after_optimal_balancing_the_average_load_per_,"Even after optimal balancing, the average load per node ("
nodeloadbalancing.expected_average_samples_per_node,Expected average samples per node
nodeloadbalancing.filters,Filters
nodeloadbalancing.high_load,High Load:
nodeloadbalancing.high_load_nodes,High Load Nodes
nodeloadbalancing.how_it_works,How it works:
nodeloadbalancing.identifica_celdas_sobrecargadas_gt_objetivo_1_2,Identifica celdas sobrecargadas (&gt; objetivo × 1.2)
nodeloadbalancing.identifica_celdas_subcargadas_lt_objetivo_0_9,Identifica celdas subcargadas (&lt; objetivo × 0.9)
nodeloadbalancing.improvement,Improvement
nodeloadbalancing.load_distribution_matrix,Load Distribution Matrix
nodeloadbalancing.load_level,Load Level:
nodeloadbalancing.loading_node_load_data,Loading node load data...
nodeloadbalancing.matrix_balancing_algorithm,Matrix Balancing Algorithm
nodeloadbalancing.matrix_data_not_available,Matrix data not available
nodeloadbalancing.minimiza_la_desviaci_n_est_ndar_de_toda_la_matriz,Minimiza la desviación estándar de toda la matriz
nodeloadbalancing.monthly_avg,Monthly Avg
nodeloadbalancing.movements,Movements
nodeloadbalancing.mueve_shipments_de_celdas_sobrecargadas_a_subcarga,Mueve shipments de celdas sobrecargadas a subcargadas
nodeloadbalancing.no_action_required_all_cells_are_within_acceptable,No action required. All cells are within acceptable range.
nodeloadbalancing.no_data_available_for_the_selected_period_try_sele,No data available for the selected period. Try selecting a different month.
nodeloadbalancing.node,Node
nodeloadbalancing.node_load_balancing,Node Load Balancing
nodeloadbalancing.nodes_at_120_150_avg_load,Nodes at 120-150% avg load
nodeloadbalancing.nodes_over_150_avg_load,Nodes over 150% avg load
nodeloadbalancing.normal,Normal:
nodeloadbalancing.optimal,Optimal:
nodeloadbalancing.optimize_shipment_distribution_across_nodes_and_we,Optimize shipment distribution across nodes and weeks
nodeloadbalancing.porcentaje_de_desviaci_n_aceptable_respecto_al_val,Porcentaje de desviación aceptable respecto al valor de referencia.
nodeloadbalancing.preventive,Preventive:
nodeloadbalancing.proceso,Proceso:
nodeloadbalancing.promedio_objetivo_total_shipments_nodos_semanas,Promedio objetivo = Total shipments / (Nodos × Semanas)
nodeloadbalancing.purpose,Purpose:
nodeloadbalancing.quick_selection,Quick Selection
nodeloadbalancing.reference_load,Reference Load
nodeloadbalancing.reference_samples_node,Reference Samples/Node
nodeloadbalancing.resultado,Resultado:
nodeloadbalancing.saturated,Saturated:
nodeloadbalancing.saturated_nodes,Saturated Nodes
nodeloadbalancing.si_esperas_63_samples_por_nodo_este_ser_tu_valor_d,"Si esperas 63 samples por nodo, este será tu valor de referencia."
nodeloadbalancing.start_date,Start Date
nodeloadbalancing.std_dev_after,Std Dev After
nodeloadbalancing.std_dev_before,Std Dev Before
nodeloadbalancing.summary,Summary
nodeloadbalancing.total,Total:
nodeloadbalancing.total_shipments,Total Shipments
nodeloadbalancing.urgent,Urgent:
nodeloadbalancing.usage,Usage:
nodeloadbalancing.use_the_auto_balance_button_below_to_redistribute_,"Use the ""Auto-Balance"" button below to redistribute load automatically."
nodeloadbalancing.warning,Warning:
nodeloadbalancing.year,Year
one_db.title,ONE DB
onedb.all_carriers,All Carriers
onedb.all_cities,All Cities
onedb.all_products,All Products
onedb.all_records,All Records
onedb.all_shipment_records,All shipment records
onedb.avg_transit_days,Avg Transit Days
onedb.business_days,Business Days
onedb.business_days_average,Business days average
onedb.carrier,Carrier
onedb.delayed,Delayed
onedb.destination,Destination:
onedb.destination_city,Destination City
onedb.exceeded_standard,Exceeded standard
onedb.export_csv,Export CSV
onedb.filters,Filters
onedb.from_date,From Date
onedb.loading_records,Loading records...
onedb.met_delivery_standard,Met delivery standard
onedb.no_records_to_display,No records to display
onedb.on_time,On Time
onedb.on_time_delivery,On-Time Delivery
onedb.one_db,ONE DB
onedb.origin,Origin:
onedb.origin_city,Origin City
onedb.plan,Plan
onedb.product,Product
onedb.received,Received
onedb.reset_filters,Reset filters
onedb.route,Route
onedb.search,Search
onedb.sent,Sent
onedb.showing_records,Showing {{filtered}} of {{total}} total records
onedb.tag_id,Tag ID
onedb.tag_id_or_plan,Tag ID or Plan...
onedb.title,ONE DB
onedb.to_date,To Date
onedb.total_records,Total Records
onedb.transit_days,Transit Days
onedb.validated_postal_quality_analytics_repository,Validated postal quality analytics repository
onedb_api.api_key_label,Your API Key
onedb_api.api_tester_title,API Tester
onedb_api.auth_note,"Note: The Authorization header uses the Supabase anon key (provided by the system), while X-API-Key contains your personal API key."
onedb_api.authentication_description,All API requests must include your API key in the Authorization header using Bearer authentication.
onedb_api.authentication_title,Authentication
onedb_api.base_url,Base URL
onedb_api.calls_last_hour,Calls in Last Hour
onedb_api.confirm_regenerate,Are you sure you want to regenerate your API key? The old key will be deactivated immediately.
onedb_api.copied,Copied!
onedb_api.copy,Copy
onedb_api.created_at,Created
onedb_api.credentials_section,API Credentials
onedb_api.description,"REST API for querying and extracting ONE DB data. Read-only access with date filtering and pagination. Limited to 10,000 records per request and 10 requests per minute."
onedb_api.end_date,End Date
onedb_api.end_date_desc,End date for filtering records (format: YYYY-MM-DD)
onedb_api.endpoint_description,Retrieve ONE DB records filtered by date range
onedb_api.endpoint_section,API Endpoint
onedb_api.endpoints_title,Available Endpoints
onedb_api.error_codes_title,HTTP Status Codes
onedb_api.examples_title,Request Examples
onedb_api.generate_key,Generate API Key
onedb_api.generate_key_first,Please generate an API key first to use the tester.
onedb_api.generating,Generating...
onedb_api.last_call,Last API Call
onedb_api.limit,Limit
onedb_api.limit_10_per_minute,Limit: 10 per minute
onedb_api.limit_desc,Maximum number of records to return (default: 100
onedb_api.loading_stats,Loading statistics...
onedb_api.max_records_note,"Note: The API returns a maximum of 10,000 records total. Use more specific date ranges if you need to access more data."
onedb_api.never,Never
onedb_api.no,No
onedb_api.no_api_key,You don't have an active API key yet. Generate one to start using the API.
onedb_api.offset,Offset
onedb_api.offset_desc,Number of records to skip for pagination (default: 0)
onedb_api.parameter,Parameter
onedb_api.query_parameters,Query Parameters
onedb_api.rate_limit_info,Rate Limit: 10 requests per minute
onedb_api.rate_limiting_description,To ensure fair usage and system stability
onedb_api.rate_limiting_title,Rate Limiting
onedb_api.regenerate_key,Regenerate API Key
onedb_api.required,Required
onedb_api.response,Response
onedb_api.response_format,Response Format
onedb_api.security_warning_text,Keep your API key secure. Do not share it publicly or commit it to version control. Anyone with this key can access your ONE DB data.
onedb_api.security_warning_title,Security Warning
onedb_api.start_date,Start Date
onedb_api.start_date_desc,Start date for filtering records (format: YYYY-MM-DD)
onedb_api.status_200,Success - Request completed successfully
onedb_api.status_400,Bad Request - Invalid parameters or date format
onedb_api.status_401,Unauthorized - Invalid or missing API key
onedb_api.status_429,Too Many Requests - Rate limit exceeded
onedb_api.status_500,Internal Server Error - Something went wrong on our end
onedb_api.status_code,Status Code
onedb_api.tab_documentation,Documentation
onedb_api.tab_overview,Overview
onedb_api.tab_testing,Testing
onedb_api.tab_usage,Usage
onedb_api.test_api,Test API Request
onedb_api.testing,Testing...
onedb_api.title,GET API - ONE DB
onedb_api.total_calls_month,Total Calls This Month
onedb_api.type,Type
onedb_api.usage_statistics,Usage Statistics
onedb_api.yes,Yes
panelists.activate,Activate
panelists.active_lowercase,active
panelists.add_panelist,Add Panelist
panelists.add_unavailability,Add an unavailability period
panelists.address_line_1,Address Line 1
panelists.address_line_2,Address Line 2
panelists.all_cities,All Cities
panelists.all_in_system,Total in system
panelists.all_nodes,All Nodes
panelists.all_panelists,All panelists
panelists.all_panelists_in_system,All panelists in system
panelists.all_periods,All periods
panelists.all_reasons,All reasons
panelists.all_status,All Status
panelists.allocation_plan_city,Allocation Plan City
panelists.apartment_suite_etc_optional,"Apartment, suite, etc. (optional)"
panelists.available_for_deliveries,Available for deliveries
panelists.bulk_actions,Bulk Actions
panelists.choose_an_action_to_apply_to_all_selected_items,Choose an action to apply to all selected items
panelists.city,City
panelists.city_address,City Address
panelists.clear_selection_btn,Clear
panelists.code,Code
panelists.code_name_email,"Code, name, email..."
panelists.country,Country
panelists.current_active,Current (Active now)
panelists.date_range,Date range
panelists.deactivate,Deactivate
panelists.deactivate_tooltip,Deactivate panelist
panelists.delete_panelist,Delete panelist
panelists.delete_tooltip,Delete panelist
panelists.duration,Duration
panelists.edit_panelist,Edit panelist
panelists.edit_tooltip,Edit panelist
panelists.email,Email
panelists.end_date,End date
panelists.filters,Filters
panelists.leave_empty_to_auto_generate,Leave empty to auto-generate
panelists.loading,Loading...
panelists.loading_panelists,Loading panelists...
panelists.manage_availability,Manage panelist availability
panelists.manage_panelist_profiles_and_assignments,Manage panelist profiles and assignments
panelists.manage_panelists_and_their_availability_for_delive,Manage panelists and their availability for deliveries
panelists.manage_profiles,Manage panelist profiles and assignments
panelists.manage_unavailability,Manage panelist unavailability periods for automatic sample reassignment
panelists.management,Panelist Management
panelists.mobile,Mobile
panelists.name,Name
panelists.no_panelists,No panelists found
panelists.no_panelists_found,No panelists found
panelists.node,Node
panelists.not_available,Not available
panelists.notes,Notes
panelists.one_day,1 day
panelists.panelist_code,Panelist Code
panelists.panelist_details,Panelist Details
panelists.panelists,Panelists
panelists.panelists_management,Panelists Management
panelists.panelists_tab,Panelists
panelists.past,Past
panelists.personal,Personal
panelists.postal_code,Postal Code
panelists.reason,Reason
panelists.reset_all_filters,Reset all filters
panelists.search_placeholder,"Search by code, name, email..."
panelists.search_unavailability_placeholder,Panelist name
panelists.select_a_node,Select a node
panelists.selected_count,{count} selected
panelists.sick_leave,Sick leave
panelists.start_date,Start date
panelists.status,Status
panelists.street_address,Street address
panelists.tab_panelists,Panelists
panelists.tab_unavailability,Unavailability periods
panelists.telegram_id,Telegram ID
panelists.total_panelists,Total Panelists
panelists.training,Training
panelists.unavailability_periods,Unavailability Periods
panelists.unavailability_tab,Unavailability
panelists.upcoming,Upcoming
panelists.username_or_numeric_id,@username or numeric ID
panelists.vacation,vacation
panelistunavailability.tsx.additional_information_about_this_unavailability_p,Additional information about this unavailability period...
panelistunavailability.tsx.all_panelists,All Panelists
panelistunavailability.tsx.all_periods,All Periods
panelistunavailability.tsx.all_reasons,All Reasons
panelistunavailability.tsx.all_status,All Status
panelistunavailability.tsx.cancel_periods,Cancel Periods
panelistunavailability.tsx.cancelled,Cancelled
panelistunavailability.tsx.clear_selection,Clear Selection
panelistunavailability.tsx.current_active_now,Current (Active Now)
panelistunavailability.tsx.date_range,Date Range
panelistunavailability.tsx.duration,Duration
panelistunavailability.tsx.end_date,End Date
panelistunavailability.tsx.filters,Filters
panelistunavailability.tsx.loading,Loading...
panelistunavailability.tsx.manage_panelist_unavailability_periods_for_automat,Manage panelist unavailability periods for automatic sample reassignment
panelistunavailability.tsx.notes,Notes
panelistunavailability.tsx.other,Other
panelistunavailability.tsx.panelist,Panelist
panelistunavailability.tsx.panelist_name_notes,"Panelist name, notes..."
panelistunavailability.tsx.past,Past
panelistunavailability.tsx.personal,Personal
panelistunavailability.tsx.reason,Reason
panelistunavailability.tsx.reset_all_filters,Reset all filters
panelistunavailability.tsx.select_a_panelist,Select a panelist
panelistunavailability.tsx.sick_leave,Sick Leave
panelistunavailability.tsx.start_date,Start Date
panelistunavailability.tsx.training,Training
panelistunavailability.tsx.unavailability_periods,Unavailability Periods
panelistunavailability.tsx.upcoming,Upcoming
panelistunavailability.tsx.vacation,Vacation
postal_centers.active_centers,Active Centers
postal_centers.basic_info,Basic Information
postal_centers.calculation_mode,Calculation Mode
postal_centers.center_holidays,Center-Specific Holidays
postal_centers.code,Code
postal_centers.configuration,Configuration
postal_centers.confirm_delete_center,Are you sure you want to delete this postal center? All associated readers will also be deleted.
postal_centers.create_center,Create Postal Center
postal_centers.cutoff_time,Cutoff Time
postal_centers.description,Description
postal_centers.edit_center,Edit Postal Center
postal_centers.from_account,From Account
postal_centers.holiday_reason,Reason
postal_centers.holidays,Holidays (Non-Working Days)
postal_centers.holidays_inherited_help,Non-working days are managed at account level and automatically inherited by all postal centers
postal_centers.hours,Hours
postal_centers.inherit_from_account,Inherit from Account
postal_centers.inherited,Inherited
postal_centers.inherited_from_account,Inherited from Account
postal_centers.inherited_holidays,Inherited from Account
postal_centers.inheriting_from_account,Inheriting from account
postal_centers.is_active,Active
postal_centers.minutes,minutes
postal_centers.mixed_reader_gap_help,Time gap to separate entry/exit events in Mixed readers (leave empty to inherit from account)
postal_centers.mixed_reader_gap_minutes,Mixed Reader Gap (minutes)
postal_centers.mode,Mode
postal_centers.name,Name
postal_centers.natural_days,Natural Days
postal_centers.no_account_holidays,No holidays defined at account level
postal_centers.no_center_holidays,No center-specific holidays defined
postal_centers.no_centers_found,No postal centers found
postal_centers.opening_hour,Opening Hour
postal_centers.override,Override
postal_centers.postal_center,Postal Center
postal_centers.search_placeholder,Search postal centers or readers...
postal_centers.specific,Specific
postal_centers.status,Status
postal_centers.tab_centers,Centers
postal_centers.tab_readers,Readers
postal_centers.title,Postal Centers
postal_centers.total_centers,Total Centers
postal_centers.weekly_schedule,Weekly Schedule
postal_centers.weekly_schedule_help,Customize opening hours for this center or inherit from account configuration
postal_centers.working_days,Working Days
processed_events.active,active
processed_events.adjusted_time,Adjusted Time
processed_events.all_centers,All Centers
processed_events.all_pairing,All statuses
processed_events.all_types,All Types
processed_events.analysis_time,Analysis Time
processed_events.avg_adjusted,Avg. Adjusted Time
processed_events.avg_raw_count,Avg. Raw Count
processed_events.avg_transit,Average Time
processed_events.business_hours_avg,business hours average
processed_events.by_type,By Type
processed_events.clear_selection,Clear selection
processed_events.consolidated,Consolidated
processed_events.consolidated_events,Consolidated events
processed_events.consolidated_status,Consolidation Status
processed_events.consolidation_progress,Consolidation progress
processed_events.date_from,Date From
processed_events.date_to,Date To
processed_events.description,View and analyze all successfully processed RFID events
processed_events.deselect_all,Deselect all
processed_events.done,Done
processed_events.entry_reader,Entry Reader
processed_events.entry_short,Entry
processed_events.entry_time,Entry Time
processed_events.error,Error loading events
processed_events.event_type,Event Type
processed_events.event_type_tooltip,Event type: ENTRY (entering the center) or EXIT (leaving the center)
processed_events.event_types,Event types
processed_events.exit_reader,Exit Reader
processed_events.exit_short,Exit
processed_events.exit_time,Exit Time
processed_events.export_csv,Export CSV
processed_events.export_selected,Export selected records
processed_events.filters,Filters
processed_events.has_pair,Has pair
processed_events.loading,Loading events...
processed_events.minutes_avg,minutes average
processed_events.mixed_short,Mixed
processed_events.no_pair,No pair
processed_events.no_records,No consolidated events found
processed_events.pairing,Pairing
processed_events.pairing_description,Entry + Exit
processed_events.pairing_filter,Pairing
processed_events.pairing_rate,Pairing Rate
processed_events.pairing_rate_description,% of events with pair
processed_events.pairing_status,Pairing Status
processed_events.pairing_tooltip,Indicates if the event has its corresponding pair (entry with exit or vice versa) in the same postal center
processed_events.pending,Pending
processed_events.postal_center,Postal Center
processed_events.postal_center_tooltip,Postal center where the RFID event was registered
processed_events.processed_events,Processed events
processed_events.raw_count,Raw Events
processed_events.raw_count_tooltip,Number of raw reads consolidated into this processed event
processed_events.raw_events_per_processed,raw events per processed
processed_events.reader_id,Reader ID
processed_events.reader_id_tooltip,Code of the RFID reader that detected the tag
processed_events.reader_type,Reader Type
processed_events.reader_type_tooltip,Reader type: Entry (only entries)
processed_events.reader_types,Reader types
processed_events.reset,Reset
processed_events.search,Search
processed_events.search_placeholder,Search by Tag ID
processed_events.segmentation_description,Journey Segments created
processed_events.segmentation_status,Segmentation Status
processed_events.select_all,Select all
processed_events.selected_of,selected of
processed_events.showing_records,Showing {filtered} of {total} events
processed_events.tag_id,Tag ID
processed_events.tag_id_tooltip,Unique identifier of the RFID tag detected by the reader
processed_events.timestamp,Timestamp
processed_events.timestamp_tooltip,Exact date and time when the RFID event was registered
processed_events.title,Consolidated RFID Events
processed_events.tooltip,This screen shows all RFID events that have been successfully consolidated. Includes transit information and times adjusted for business hours.
processed_events.total_events,Total Events
processed_events.transit_time,Transit Time
processed_events.type_entry,Entry
processed_events.type_exit,Exit
processed_events.type_mixed,Mixed
productform.cancel,Cancel
productform.code,Code
productform.create,Create
productform.description,Description
productform.saving,Saving...
productform.standard_delivery_time,Standard delivery time
productform.time_unit,Time unit
productform.update,Update
readers.activate,Activate
readers.active_readers,Active Readers
readers.add_first_reader,Add First Reader
readers.add_new,Add New Reader
readers.add_reader,Add Reader
readers.confirm_bulk_delete,Are you sure you want to delete {{count}} readers?
readers.confirm_delete,Are you sure you want to delete this reader?
readers.confirm_delete_reader,Are you sure you want to delete this reader?
readers.create_reader,Create Reader
readers.deactivate,Deactivate
readers.description,Description
readers.edit_reader,Edit Reader
readers.entry_readers,Entry Readers
readers.exit_readers,Exit Readers
readers.filter_by_center,Filter by Postal Center
readers.filter_by_status,Filter by Status
readers.filter_by_type,Filter by Type
readers.from_account,From Account
readers.gap,Gap
readers.gap_threshold,Gap Threshold
readers.inherited,Inherited
readers.inheriting_from_account,Inheriting from account
readers.is_active,Active
readers.minutes,minutes
readers.mixed_reader_gap_help,Override gap threshold for this reader (leave empty to inherit)
readers.mixed_reader_gap_minutes,Gap Threshold (minutes)
readers.mixed_readers,Mixed Readers
readers.name,Name
readers.no_readers_found,No readers found
readers.postal_center,Postal Center
readers.postal_center_help,Assign this reader to a postal center
readers.reader,Reader
readers.reader_id,Reader ID
readers.reader_id_help,Must match the ReaderId in EPCIS events
readers.reader_type,Reader Type
readers.readers,Readers
readers.search_placeholder,Search by Reader ID or Name
readers.selected_count,{{count}} selected
readers.status,Status
readers.status_active,Active
readers.status_inactive,Inactive
readers.status_offline,Offline
readers.status_unknown,Unknown
readers.title,Readers
readers.total_count,Total: {{count}} readers
readers.total_readers,Total Readers
readers.type,Type
readers.type_entry,Entry
readers.type_entry_help,Uses MIN(timestamp) - earliest reading
readers.type_exit,Exit
readers.type_exit_help,Uses MAX(timestamp) - latest reading
readers.type_mixed,Mixed
readers.type_mixed_help,Separates entry/exit based on time gap
receive.description,Generate receive transactions
receive.generate,Generate
receive.title,Receive Generator
receive_generator.advance_variance_days,Advance variance (days)
receive_generator.carriers,Carriers
receive_generator.delay_variance_days,Delay variance (days)
receive_generator.demo_account_only,Demo account only - This feature is only available for testing
receive_generator.end_date,End date
receive_generator.example_out_of_sla_records_can_arrive_up_to,📊 Example: Out of SLA records can arrive up to {{max}} days (SLA: {{sla}} days
receive_generator.example_records_can_arrive_between,📊 Example: Records can arrive between {{min}} and {{max}} days (SLA: {{sla}} days)
receive_generator.failed_records,({{count}} failed)
receive_generator.generate_records,Generate records
receive_generator.generating,Generating... {{progress}}%
receive_generator.generation_complete,Generation complete
receive_generator.generation_summary,Generation summary
receive_generator.generator_configuration,Generator configuration
receive_generator.maximum_days_records_can_arrive_early,Maximum number of days records can arrive early
receive_generator.maximum_days_records_can_be_delayed_beyond_sla,Maximum number of days records can be delayed beyond SLA
receive_generator.number_of_records,Number of records
receive_generator.out_of_sla_percentage,Out of SLA percentage (%)
receive_generator.products,Products
receive_generator.select_all,Select all
receive_generator.selected_carriers,Selected: {{count}} carrier(s)
receive_generator.selected_products,Selected: {{count}} product(s)
receive_generator.start_date,Start date
receive_generator.subtitle,Generate synthetic receipt records for testing and demonstrations
receive_generator.successfully_created_records,Successfully created {{success}} records{{failed}}
receive_generator.summary_combinations,• <strong>{{products}}</strong> product(s) × <strong>{{carriers}}</strong> carrier(s) = <strong>{{total}}</strong> combinations
receive_generator.summary_date_range,• Date range: <strong>{{start}}</strong> to <strong>{{end}}</strong>
receive_generator.summary_records_per_combination,• <strong>{{count}}</strong> records per combination
receive_generator.summary_total_records,• <strong>~{{count}}</strong> total records will be generated
receive_generator.title,ONE DB Record Generator
receivegenerator.advance_variance_days,Advance Variance (days)
receivegenerator.carriers,Carriers
receivegenerator.delay_variance_days,Delay Variance (days)
receivegenerator.demo_account_only_this_feature_is_only_available_f,Demo Account Only - This feature is only available for testing purposes
receivegenerator.end_date,End Date
receivegenerator.generate_records,Generate Records
receivegenerator.generate_synthetic_receive_records_for_testing_and,Generate synthetic receive records for testing and demo purposes
receivegenerator.generation_complete,Generation Complete
receivegenerator.generation_summary,Generation Summary
receivegenerator.generator_configuration,Generator Configuration
receivegenerator.maximum_days_records_can_arrive_early,Maximum days records can arrive early
receivegenerator.maximum_days_records_can_be_delayed_beyond_sla,Maximum days records can be delayed beyond SLA
receivegenerator.number_of_records,Number of Records
receivegenerator.out_of_sla_percentage,Out of SLA Percentage (%)
receivegenerator.products,Products
receivegenerator.receive_generator,Receive Generator
receivegenerator.select_all,Select All
receivegenerator.start_date,Start Date
reporting.above_standard_good,Above standard (good)
reporting.above_target,Above target
reporting.across_all_carriers,Across all carriers
reporting.actual,Actual %:
reporting.actual_days,Actual (days)
reporting.actual_percent,Actual %
reporting.actual_standard,Actual ≥ Standard %
reporting.after_standard,After standard
reporting.all_carriers,All Carriers
reporting.all_destinations,All Destinations
reporting.all_origins,All Origins
reporting.all_products,All Products
reporting.all_regions,All Regions
reporting.all_statuses,All Statuses
reporting.analyze_inbound_quality_to_one_city_from_all_origi,Analyze inbound quality to one city from all origins
reporting.analyze_inbound_vs_outbound_service_quality_separa,Analyze inbound vs outbound service quality separately
reporting.analyze_outbound_quality_from_one_city_to_all_dest,Analyze outbound quality from one city to all destinations
reporting.analyze_service_equity_across_cities_and_regions,Analyze service equity across cities and regions
reporting.analyze_specific_route_performance_origin_destinat,Analyze specific route performance (origin → destination)
reporting.analyze_trends_over_specific_time_periods,Analyze trends over specific time periods
reporting.average_business_days_for_all_shipments,Average business days for all shipments
reporting.average_samples_week,Average {{count}} samples/week
reporting.avg_j_k_actual,Avg J+K Actual
reporting.avg_jk_actual,Avg. J+K Actual
reporting.avg_standard,Average standard ({percent} %)
reporting.avg_transit_days,Avg Transit Days
reporting.basic_information,Basic Information
reporting.below_critical_threshold_with_penalty,Below critical threshold (with penalty)
reporting.below_standard_but_above_critical_no_penalty,Below standard but above critical (no penalty)
reporting.below_standard_deviation,Below standard (deviation)
reporting.below_target,Below target
reporting.both_cities,Both cities:
reporting.both_cities_desc,Analyze the performance of a specific route (origin → destination)
reporting.both_directions,Both Directions
reporting.business_days,Business days
reporting.carrier,Carrier
reporting.carrier_product,Carrier / Product
reporting.carrier_product_breakdown,Carrier & Product Breakdown
reporting.carrier_product_desc,Further refine the analysis to specific service providers or types
reporting.carrier_product_level,Carrier/Product Level:
reporting.carrier_product_overview,Carrier & Product Overview
reporting.carrier_product_performance,Carrier → Product Performance ({{count}} carriers)
reporting.carrier_product_route,Carrier / Product / Route
reporting.carrier_product_tab,Carrier → Product
reporting.chart_view,Chart View
reporting.circle_size_population,Circle size = Population
reporting.cities,Cities
reporting.citizens_affected,Citizens Affected
reporting.citizens_count,{count} citizens
reporting.city,City
reporting.city_analysis,City Analysis
reporting.city_equity_details,City Equity Details
reporting.city_equity_details_table,City Equity Details Table
reporting.city_performance,City performance ({{count}} entries)
reporting.city_service_equity_treemap,City Service Equity Treemap
reporting.class,Class
reporting.classification,Classification:
reporting.compl,Compl.
reporting.compliance,Compliance:
reporting.compliance_analysis_by_carrier_product_route,Compliance analysis by Carrier → Product → Route
reporting.compliance_by_carrier_product_route,Compliance by Carrier → Product → Route
reporting.compliance_percent,% compliance
reporting.compliance_status,Compliance Status
reporting.compliance_status_based_on_dynamic_thresholds,Compliance status based on dynamic thresholds:
reporting.compliant,Compliant:
reporting.compliant_abbr,Compl.
reporting.compliant_routes,Compliant Routes
reporting.compliant_shipments_total_shipments_100,Compliant shipments / Total shipments × 100%
reporting.critical,Critical
reporting.critical_limit,Critical Limit:
reporting.critical_routes,Critical Routes
reporting.cumulative,Cumulative:
reporting.cumulative_distribution_analysis,Cumulative Distribution Analysis
reporting.cumulative_percent,Cumulative %
reporting.cumulative_percentage_desc,Cumulative percentage of deliveries by transit days. Green bars indicate days within the standard
reporting.cumulative_percentage_of_deliveries_by_transit_day,Cumulative percentage of deliveries by transit days.
reporting.current_week,Current Week
reporting.date_range,Date Range:
reporting.days,days
reporting.delayed,Delayed
reporting.description,Description:
reporting.destination_city,Destination City
reporting.destination_only,Destination only:
reporting.destination_only_desc,Analyze inbound quality to a city from all origins
reporting.deviation,Deviation
reporting.difference_between_actual_and_standard,Difference between Actual % and Standard %
reporting.direct_value_from_delivery_standards,Direct value from delivery_standards
reporting.direction,Direction
reporting.direction_gap,Direction Gap:
reporting.directional_analysis,Directional Analysis
reporting.distribution_of_shipments_by_actual_transit_time,Distribution of shipments by actual transit time compared to delivery standard
reporting.distribution_of_shipments_by_actual_transit_time_v,Distribution of shipments by actual transit time vs delivery standard
reporting.end_date,End Date
reporting.equity_status,Equity Status
reporting.export_audit_report,Export Audit Report
reporting.export_csv,Export CSV
reporting.export_filtered_data_to_csv,Export filtered data to CSV
reporting.filter_analysis_guide,Filter Analysis Guide
reporting.filter_carrier_product_desc_narrow,Limit analysis to specific providers or service types
reporting.filter_carrier_product_label,Carrier/Product:
reporting.filter_date_range_desc,Analyze trends over specific periods
reporting.filter_date_range_label,Period:
reporting.filter_direction_desc,Analyze inbound vs outbound service quality separately
reporting.filter_direction_label,Direction:
reporting.filter_equity_status_desc,Identify cities with specific compliance levels
reporting.filter_equity_status_label,Equity status:
reporting.filter_no_filters,No filters:
reporting.filter_region_label,Region:
reporting.filters,Filters
reporting.focus_analysis_on_specific_geographic_areas,Focus analysis on specific geographic areas
reporting.further_narrow_analysis_to_specific_service_provid,Further narrow analysis to specific service providers or types
reporting.general_performance_dashboard,General Performance Dashboard
reporting.generating,Generating...
reporting.geographic_distribution,Geographic Distribution
reporting.geographic_view,Geographic View
reporting.green,Green
reporting.identify_cities_with_specific_compliance_levels,Identify cities with specific compliance levels
reporting.in_critical_cities,in critical cities
reporting.in_standard_delayed,On standard/Delayed
reporting.inb,Inb.
reporting.inbound,Inbound %
reporting.inbound_abbr,Inb.
reporting.inbound_arrivals,Inbound (Arrivals)
reporting.inbound_arrow,↓ inbound
reporting.inbound_direction,Inbound
reporting.inbound_percent,% inbound
reporting.inbound_vs_outbound_comparison_top_10_by_direction,Inbound vs Outbound Comparison (Top 10 by Direction Gap)
reporting.inbound_vs_outbound_compliance_chart,Inbound vs Outbound Compliance Chart
reporting.interpretation,Interpretation:
reporting.j_k_actual,J+K Actual
reporting.j_k_performance_report,J+K Performance Report
reporting.j_k_std,J+K Std
reporting.jk_actual,J+K Actual
reporting.jk_performance_report,J+K Performance Report
reporting.jk_std,J+K Std
reporting.last_12_weeks,Last 12 weeks
reporting.legend,Legend
reporting.loading,Loading...
reporting.loading_compliance_data,Loading compliance data...
reporting.loading_j_k_performance_data,Loading J+K performance data...
reporting.loading_performance_data,Loading performance data...
reporting.loading_territory_equity_data,Loading territory equity data...
reporting.map_interactive_description,Interactive map showing service equity in cities. Circle size represents population
reporting.mapa_de_localidades_treemap,Mapa de Localidades (Treemap)
reporting.meeting_standard,Meeting standard
reporting.narrow_analysis_to_specific_service_providers_or_t,Narrow analysis to specific service providers or types
reporting.negative,Negative:
reporting.no_compliance_data_available,No compliance data available
reporting.no_data,No data
reporting.no_data_available,No data available
reporting.no_data_available_for_treemap,No data available for treemap
reporting.no_distribution_data_available,No distribution data available
reporting.no_filters,No filters:
reporting.no_filters_desc,View overall ecosystem performance across all routes and carriers
reporting.no_penalty,No penalty
reporting.no_performance_data_available,No performance data available
reporting.no_shipment_data_available,No shipment data available
reporting.no_shipment_data_available_for_timeline,No shipment data available for timeline
reporting.no_underserved_cities,No underserved cities
reporting.no_weekly_data_available,No weekly data available
reporting.of_cities,about {count} cities
reporting.of_routes,of {{count}} routes
reporting.on_standard,On standard
reporting.on_time,On-Time %
reporting.on_time_count,{{count}} on time
reporting.on_time_percent,% On time
reporting.openstreetmap,OpenStreetMap
reporting.origin_city,Origin City
reporting.origin_only,Origin only:
reporting.origin_only_desc,Analyze the outgoing quality of a city to all destinations
reporting.outb,Outb.
reporting.outbound,Outbound %
reporting.outbound_abbr,Outb.
reporting.outbound_arrow,↑ outbound
reporting.outbound_departures,Outbound (Departures)
reporting.outbound_direction,Outbound
reporting.outbound_percent,% outbound
reporting.overall_compliance,Overall Compliance
reporting.overall_compliance_and_transit_time_metrics,Overall compliance and transit time metrics
reporting.percentage_of_shipments_delivered_successfully,Percentage of shipments delivered successfully
reporting.performance_distribution,Performance Distribution
reporting.performance_metrics,Performance Metrics
reporting.performance_trend,Performance Trend
reporting.population,Population:
reporting.population_weighted,Population-weighted
reporting.population_weighted_compliance,Population-Weighted Compliance
reporting.positive,Positive:
reporting.problem_routes,Problem Routes
reporting.problem_routes_column,Problematic routes
reporting.product,Product
reporting.received_at,Received At
reporting.region,Region:
reporting.region_analysis,Region analysis
reporting.region_performance,Region performance ({{count}} entries)
reporting.regional_analysis,Regional Analysis
reporting.regional_equity_analysis_table,Regional Equity Analysis Table
reporting.regional_equity_comparison,Regional Equity Comparison
reporting.regional_equity_comparison_chart,Regional Equity Comparison Chart
reporting.regional_equity_details,Regional Equity Details
reporting.regional_summary,Regional Summary
reporting.regulatory_compliance_report,Regulatory Compliance Report
reporting.regulatory_use,Regulatory Use:
reporting.require_intervention,Requires intervention
reporting.reset_all_filters,Reset all filters
reporting.route,Route
reporting.route_analysis,Route analysis
reporting.route_level,Route Level:
reporting.route_performance,Route performance ({{count}} routes)
reporting.routes,Routes
reporting.samples,Samples
reporting.search_by_tag_id_origin_or_destination,"Search by TAG ID, origin, or destination..."
reporting.sent_at,Sent At
reporting.service_equity_index,Service Equity Index
reporting.shipments,Shipments:
reporting.shipments_count,{{count}} shipment(s)
reporting.standard,Standard:
reporting.standard_days,Standard (days)
reporting.standard_percent,% standard
reporting.start_date,Start Date
reporting.statistical_significance,Statistical significance
reporting.status,Status:
reporting.std,Std %
reporting.std_abbr,Std.
reporting.std_percent,% Standard
reporting.table_view,Table View
reporting.tag_id,TAG ID
reporting.target_1_day,Target: 1 day
reporting.territory_equity_filter_guide,Territory Equity Filter Guide
reporting.territory_equity_report,Territory Equity Report
reporting.top_3_best_served_cities,Top 3 Best Served Cities
reporting.top_3_worst_served_cities,Top 3 Worst Served Cities
reporting.total,Total:
reporting.total_cities,Total Cities:
reporting.total_routes,Total Routes
reporting.total_samples,Total Samples
reporting.total_shipments,Total Shipments:
reporting.transit_days_jk,Transit days (J+K)
reporting.transit_time_analysis_and_delivery_performance_tra,Transit time analysis and delivery performance tracking
reporting.transit_time_analysis_and_delivery_performance_tracking,Transit time analysis and delivery performance tracking
reporting.treemap_size_population_color_compliance,Size represents population
reporting.underserved,Underserved
reporting.underserved_cities,Underserved Cities:
reporting.view_overall_ecosystem_performance_across_all_rout,View overall ecosystem performance across all routes and carriers
reporting.view_overall_service_equity_across_all_cities_and_,View overall service equity across all cities and regions
reporting.vs_std,vs Std
reporting.warning,Warning
reporting.warning_limit,Warning Limit:
reporting.warning_routes,Warning Routes
reporting.weekly_sample_volume,Weekly Sample Volume
reporting.weighted_average_by_shipment_count,Weighted average by shipment count
reporting.with_penalty,With penalty
settings.account_management,Account Management
settings.account_reporting_configuration,Account Reporting Configuration
settings.all_users,All Users
settings.capital,Capital
settings.changes_to_thresholds_will_affect_all_reporting_vi,Changes to thresholds will affect all reporting views
settings.city_classifications,City Classifications
settings.city_classifications_override_default_classificati,City classifications override default classifications from the topology
settings.city_name,City Name
settings.classification,Classification
settings.compliance_critical_threshold,Compliance Critical Threshold
settings.compliance_warning_threshold,Compliance Warning Threshold
settings.configuration_notes,Configuration Notes:
settings.configuration_saved_successfully,Configuration saved successfully
settings.configure_reporting_thresholds_and_city_classifica,Configure reporting thresholds and city classifications for this account
settings.create_account,Create Account
settings.create_user,Create User
settings.default_report_period,Default Report Period
settings.default_time_period_for_generating_reports,Default time period for generating reports
settings.error_saving_configuration,Error saving configuration
settings.general_settings,General Settings
settings.loading,Loading...
settings.loading_configuration,Loading configuration...
settings.major,Major
settings.minor,Minor
settings.monthly,Monthly
settings.no_city_classifications_found,No city classifications found
settings.only_superadmin_users_can_modify_these_settings,Only superadmin users can modify these settings
settings.promise,Promise
settings.quarterly,Quarterly
settings.search_cities,Search cities...
settings.warning_threshold_must_be_greater_than_critical_th,Warning threshold must be greater than critical threshold
settings.weekly,Weekly
slas.active_postal_centers,Active Postal Centers
slas.all_center_pairs,all center pairs: A→B
slas.already_exist,already exist
slas.combinations_generated,Generated {inserted} new SLAs ({skipped} skipped as duplicates)
slas.create_sla,Create SLA
slas.critical_threshold,Critical Threshold
slas.default_values,Default Values
slas.description,Configure Service Level Agreements for operational and distribution routes
slas.distribution,Distribution
slas.distribution_slas_to_generate,Distribution SLAs to generate
slas.edit_sla,Edit SLA
slas.expected_time,Expected Time
slas.from_postal_center,From Postal Center
slas.from_postal_centers,From Postal Centers
slas.from_reader,From Reader
slas.generate_combinations,Generate Combinations
slas.generate_network_slas,Generate Network SLAs
slas.generate_pending_slas,Generate Pending SLAs
slas.generate_selected_slas,Generate Selected SLAs
slas.network_summary,Network Summary
slas.on_time_percentage,On-Time %
slas.one_per_center,one per center: Entry → Exit
slas.operational,Operational
slas.operational_combinations_hint,Will generate SLAs for all reader pairs within each selected center
slas.operational_sla_description,Entry → Exit within this postal center
slas.operational_slas_to_generate,Operational SLAs to generate
slas.pending_distribution,Pending Distribution
slas.pending_operational,Pending Operational
slas.pending_slas_summary,Pending SLAs Summary
slas.postal_center,Postal Center
slas.route,Route
slas.select_centers_for_operational,Select Centers for Operational SLAs
slas.select_postal_centers,Select Postal Centers
slas.select_routes_for_distribution,Select Routes for Distribution SLAs
slas.select_sla_types,Select SLA Types to Generate
slas.selected_to_generate,Selected to Generate
slas.sla_type,SLA Type
slas.slas_created,SLAs created
slas.slas_skipped,SLAs skipped
slas.time_unit,Time Unit
slas.title,SLAs Configuration
slas.to_postal_center,To Postal Center
slas.to_postal_centers,To Postal Centers
slas.to_reader,To Reader
slas.warning_threshold,Warning Threshold
stock.about,About Inventory Management
stock.about_description,Manage inventory levels and stock alerts
stock.add_to_stock,Add to Stock
stock.adjust_stock,Adjust Stock
stock.adjusting,Adjusting...
stock.adjustment_note,Adjustment Note
stock.alert_type,Alert Type
stock.alerts,Alerts
stock.all_materials,All Materials
stock.all_nodes,All Nodes
stock.all_panelists,All panelists
stock.all_status,All Status
stock.all_statuses,All Statuses
stock.all_types,All types
stock.allocation_shipment,Allocation shipment
stock.auto_generate_purchase_orders,Auto-generate Purchase Orders
stock.auto_generate_shipments,Auto-generate Shipments
stock.automation,Automation
stock.available_stock,Available Stock
stock.calculate_generate_shipments,Calculate & Generate Shipments
stock.calculate_requirements,Calculate Requirements
stock.calculating,Calculating...
stock.cancelled,Cancelled
stock.change,Change:
stock.clear_filters,Clear Filters
stock.clear_filters_to_see_all_alerts,Clear filters to see all alerts
stock.confirm_adjustment,Confirm adjustment
stock.confirm_order,Confirm Order
stock.confirm_receipt,Confirm Receipt
stock.confirm_shipment,Confirm Shipment
stock.confirmed_shipments,Confirmed Shipments
stock.critical,Critical
stock.current_quantity,Current Quantity
stock.current_regulator_stock,Current Regulator Stock
stock.current_stock,Current Stock
stock.date,Date
stock.delete_selected,Delete {count} selected
stock.edit_quantity,Edit quantity
stock.edit_shipment_quantity,Edit Shipment Quantity
stock.enable_stock_control,Enable Stock Control
stock.end_date,End Date
stock.enter_new_absolute_quantity,Enter new absolute quantity
stock.expected,Expected
stock.expected_date,Expected Date
stock.explain_the_reason_for_this_adjustment,Explain the reason for this adjustment...
stock.export_csv,Export CSV
stock.failed_to_adjust_stock,Failed to adjust stock
stock.feature_not_available_in_current_version,This feature is not available in the current module version.
stock.filters,Filters
stock.from,From
stock.last_updated,Last Updated
stock.lead_times,Lead Times
stock.loading,Loading inventory data...
stock.loading_alerts,Loading alerts...
stock.loading_movements,Loading movements...
stock.loading_panelist_stock,Loading panelist stock...
stock.loading_settings,Loading settings...
stock.loading_stock,Loading stock...
stock.location,Location
stock.low_stock,Low Stock
stock.low_stock_only,Low Stock Only
stock.manage_description,Manage material requirements
stock.mark_as_ordered,Mark {count} as ordered
stock.material,Material
stock.material.blocking,Blocking
stock.material.blocking_hint,A blocking material (e.g. RFID tag) stops any product that requires it from being shipped
stock.material_movements,Material Movements
stock.material_requirements_help,Calculate material requirements from allocation plans. Order materials and receive purchase orders to update regulator stock.
stock.material_requirements_tab,Material Requirements
stock.materials,Materials
stock.materials_to_send,Materials to Send
stock.maximum_stock,Maximum Stock
stock.metrics_overview,Metrics Overview
stock.minimum,Minimum
stock.minimum_stock,Minimum Stock
stock.movement_type,Movement Type
stock.movements_help,"Complete audit trail of all material movements including receipts, dispatches, and transfers with full traceability."
stock.movements_tab,Movements
stock.net_quantity,Net Quantity
stock.new_quantity,New Quantity
stock.no_stock_alerts_found,No stock alerts found
stock.no_stock_data,No stock data available
stock.no_stock_data_to_export,No stock data to export
stock.no_stock_records_found,No stock records found
stock.node,Node
stock.normal,Normal
stock.not_applicable_purchase_orders_are_not_used,Not applicable - Purchase orders are not used
stock.notes,Notes
stock.only_panelists_with_allocation_plans,Note: Only panelists with assigned allocation plans will have shipments generated
stock.order,Order
stock.order_material,Order Material
stock.ordered,Ordered
stock.out_of_stock,Out of Stock
stock.packing_list_pdf,Packing List PDF
stock.panelist,Panelist
stock.panelist_code_materials_count,Code: {code} • {count} material(s)
stock.panelist_issue,Panelist Issue
stock.panelist_issues,Panelist Issues
stock.panelist_negative,Panelist Negative
stock.panelist_stock_help,View current inventory distributed to each panelist. Stock is automatically updated when shipments are sent.
stock.panelist_stock_tab,Panelist Stock
stock.pending,Pending
stock.pending_requirements,Pending Requirements
stock.pending_shipments,Pending Shipments
stock.period,Period
stock.please_enter_quantity_and_note,Please enter the new quantity and adjustment note
stock.please_enter_valid_quantity,Please enter a valid quantity
stock.please_select_dates,Please select start and end dates
stock.please_select_requirements_export,Please select requirements to export
stock.please_select_requirements_po,Please select requirements to generate the purchase order
stock.preview_shipments_will_be_generated,Preview: {count} shipment(s) will be generated
stock.promise,Promise
stock.purchase_lead_time_days,Purchase Lead Time (days)
stock.purchase_order_pdf,Purchase Order PDF
stock.quantity,Quantity
stock.quantity_needed,Quantity Needed
stock.quantity_ordered,Quantity Ordered
stock.quantity_received,Quantity Received
stock.quantity_to_order,Quantity to Order
stock.quantity_to_send,Quantity to Send
stock.quick_month_selection,Quick Month Selection
stock.receive,Receive
stock.receive_purchase_order,Receive Purchase Order
stock.received,Received
stock.regulator_insufficient,Regulator Insufficient
stock.regulator_issue,Regulator Issue
stock.regulator_issues,Regulator Issues
stock.regulator_stock_help,View and manage current inventory in regulator (HAL) warehouse. Stock is updated when receiving purchase orders.
stock.regulator_stock_tab,Regulator Stock
stock.removed_materials_will_create_new_pending_shipment,Removed Materials (Will Create New Pending Shipment)
stock.reorder_point,Reorder Point
stock.reset_filters,Reset Filters
stock.restore,Restore
stock.save_settings,Save Settings
stock.search_by_material_or_code,Search by material or code...
stock.search_by_material_or_panelist,Search by material or panelist...
stock.search_material,Search material...
stock.send,Send
stock.send_selected,Send {count} selected
stock.sent,Sent
stock.sent_date,Sent Date
stock.settings_help,"Configure stock control parameters, automation rules, and lead times for shipments and deliveries."
stock.settings_tab,Settings
stock.shipment,Shipment #
stock.shipment_lead_time_days,Shipment Lead Time (days)
stock.shipments,Shipments
stock.shipments_help,"Generate shipments to panelists based on allocation plans. Create pending shipments, then send them to update stocks automatically."
stock.shipments_tab,Shipments
stock.showing,Showing
stock.showing_alerts_count,Showing {showing} of {total} alerts
stock.start_date,Start Date
stock.stock_adjusted_successfully,Stock adjusted successfully
stock.stock_alert,Stock Alert
stock.stock_alerts_help,View and manage stock alerts for insufficient regulator stock and negative panelist stock. Alerts auto-resolve when stock returns to positive.
stock.stock_alerts_tab,Stock Alerts
stock.stock_control,Stock Control
stock.stock_status,Stock Status
stock.system_will_automatically_create_shipments,The system will automatically create pending shipments when it detects a panelist needs materials.
stock.tab_alerts,Stock Alerts
stock.tab_movements,Movements
stock.tab_panelist_stock,Panelist Stock
stock.tab_regulator_stock,Regulator Stock
stock.tab_requirements,Material Requirements
stock.tab_settings,Settings
stock.tab_shipments,Shipments
stock.this_feature_is_not_available_in_the_current_versi,This feature is not available in the current version of the module.
stock.title,Stock Management & Alerts
stock.total_items_pending,Total Items Pending
stock.total_movements,Total movements:
stock.total_records,Total records:
stock.type,Type
stock.unit,Unit
stock.unknown_panelist,Unknown Panelist
stock.used_to_calculate_expected_delivery_dates,Used to calculate expected delivery dates
stock.warning,Warning
stock.warning_nodes_without_panelists,Attention: {count} node(s) have no assigned panelists and will be ignored
stock.when_enabled_system_will_monitor,When enabled
stock.with_assigned_panelists,with assigned panelists
stock.without_panelist_will_be_skipped,without panelist (will be ignored)
stock.year,Year
stockmanagement.stock_alerts,Stock Alerts
stockmanagement.stock_management_alerts,Stock Management & Alerts
stockmanagement.tabs,Tabs
topology.3_7038,-3.7038
topology.40_4168,40.4168
topology.add_city,Add City
topology.add_node,Add Node
topology.add_region,Add Region
topology.all_cities,All cities
topology.all_nodes,All nodes
topology.all_nodes_have_panelists,All nodes have panelists!
topology.all_regions,All regions
topology.cities,Cities
topology.city,City
topology.city_code,City Code *
topology.city_name,City Name *
topology.class,Class
topology.collapse_city,Collapse city
topology.country_code,Country Code *
topology.create_city,Create a city
topology.create_node,Create a node
topology.create_region,Create a region
topology.delete_city,Delete city
topology.delete_city_confirm,Delete this city and all its nodes?
topology.delete_node,Delete node
topology.delete_node_confirm,Delete this node?
topology.delete_region,Delete region
topology.description,Description
topology.download_csv,Download CSV
topology.e_g_3200000,"e.g., 3200000"
topology.e_g_es_fr,"e.g., ES, FR"
topology.e_g_mad_bcn,"e.g., MAD, BCN"
topology.e_g_madrid_barcelona,"e.g., Madrid, Barcelona"
topology.e_g_spain_france,"e.g., Spain, France"
topology.edit_city,Edit city
topology.edit_node,Edit node
topology.edit_region,Edit region
topology.every_node_assigned,Every node in your topology has an assigned panelist
topology.expand_all,Expand all
topology.expand_all_cities_in_this_region,Expand all cities in this region
topology.expand_city,Expand the city
topology.latitude,Latitude
topology.loading,Loading topology...
topology.longitude,Longitude
topology.no_cities_in_this_region_yet,No cities in this region yet
topology.no_nodes_in_this_city_yet,No nodes in this city yet
topology.no_nodes_yet,There are no nodes in this city yet
topology.no_regions,No regions found
topology.no_topology_yet,No topology defined yet
topology.node,Node
topology.node_id,Node ID
topology.node_status,Node status
topology.assign_panelist,Assign panelist
topology.no_panelist_option,— No panelist —
topology.panelist_current,current
topology.panelist_hint_city,Available panelists from {scope}, with no node assigned.
topology.panelist_hint_region,Available panelists from the region of {scope} (Class C city), with no node assigned.
topology.no_available_panelists,No available panelists match this scope.
topology.nodes,Nodes
topology.nodes_need_assignment,These nodes need a panelist assignment to be operational
topology.nodes_without_panelists,Nodes without panelists
topology.panelist_assigned,Panelist Assigned
topology.panelists,Panelists
topology.pending_panelist,Pending Panelist
topology.population,Population
topology.promise,Promise
topology.region_code,Region Code *
topology.region_name,Region Name *
topology.regions,Regions
topology.search_placeholder,Search regions
topology.status,Status *
topology.title,Country Topology
topology.topology_tab,Topology
topology.topology_tree,Topology tree
topology.total_nodes,Total nodes
topology.total_population_of_the_city_used_for_impact_analy,Total population of the city (used for impact analysis in reporting)
topology.with_panelists,With panelists
topology.without_panelists,Without panelists
topology.without_panelists_tab,Without Panelists
unavailability.actions,Actions
unavailability.activate,Activate
unavailability.add_period,+ Add an unavailability period
unavailability.add_period_modal,Add an unavailability period
unavailability.adjust_filters,Try adjusting your filters.
unavailability.all_panelists,All panelists
unavailability.all_periods,All periods
unavailability.all_reasons,All reasons
unavailability.cancel,Cancel
unavailability.cancel_periods,Cancel periods
unavailability.click_to_create,"Click ""Add an unavailability period"" to create one."
unavailability.confirm_cancel,Are you sure you want to cancel {count} unavailability period(s)?
unavailability.confirm_delete,Are you sure you want to delete {count} unavailability period(s)? This action cannot be undone.
unavailability.confirm_delete_single,Are you sure you want to delete this unavailability period?
unavailability.current_periods,Current (active now)
unavailability.date_range,Date range
unavailability.day,day
unavailability.days,days
unavailability.delete,Delete
unavailability.description,Manage panelists' unavailability periods for automatic sample reassignment
unavailability.duration,Duration
unavailability.edit,Edit
unavailability.edit_period,Edit unavailability period
unavailability.end_date,End date
unavailability.no_periods_found,No unavailability periods found.
unavailability.notes,Notes
unavailability.panelist,Panelist
unavailability.past_periods,Past
unavailability.reason,Reason
unavailability.reason_other,Other
unavailability.reason_personal,Personal
unavailability.reason_sick,Sick leave
unavailability.reason_training,Training
unavailability.reason_vacation,Vacation
unavailability.required,Required
unavailability.search_placeholder,Panelist name
unavailability.select_panelist,Select a panelist
unavailability.start_date,Start date
unavailability.status,Status
unavailability.title,Unavailability periods
unavailability.upcoming_periods,Upcoming
users.account,Account
users.deactivate,Deactivate
users.email,Email
users.full_name,Full Name
users.name,Name
users.no_users_found,No users found
users.password,Password
users.promise,Promise
users.role,Role
users.select_account,Select account
menu.journey_segments,Journey Segments
menu.journey_segments.tooltip,Complete journey reconstruction with transit times and SLA compliance
journey_segments.title,Journey Segments
journey_segments.description,Complete journey reconstruction with transit times and SLA compliance
journey_segments.loading,Loading segments...
journey_segments.error,Error loading segments
journey_segments.run_reconstruction,Run Reconstruction
journey_segments.run_reconstruction_tooltip,Reconstruct journey segments from processed events
journey_segments.export_csv,Export CSV
journey_segments.export_tooltip,Export selected segments to CSV
journey_segments.export_selected,Export Selected
journey_segments.clear_selection,Clear Selection
journey_segments.selected_count,{{count}} segments selected
journey_segments.error_no_account,No active account found
journey_segments.reconstruction_success,Reconstruction completed: {{segments}} segments created from {{events}} events in {{time}}ms
journey_segments.reconstruction_no_data,No new segments created
journey_segments.reconstruction_error,Reconstruction error: {{message}}
journey_segments.kpi.total,Total
journey_segments.kpi.segments,Segments
journey_segments.kpi.on_time,On Time
journey_segments.kpi.warning,Warning
journey_segments.kpi.critical,Critical
journey_segments.kpi.avg_time,Average Time
journey_segments.kpi.minutes,minutes
journey_segments.filters.title,Filters
journey_segments.filters.search,Search
journey_segments.filters.search_placeholder,Tag ID or Postal Center...
journey_segments.filters.segment_type,Segment Type
journey_segments.filters.all_types,All Types
journey_segments.filters.operational,Operational
journey_segments.filters.distribution,Distribution
journey_segments.filters.postal_center,Postal Center
journey_segments.filters.all_centers,All Centers
journey_segments.filters.from_center,From Center
journey_segments.filters.to_center,To Center
journey_segments.filters.sla_compliance,SLA Compliance
journey_segments.filters.all_compliance,All Status
journey_segments.filters.on_time,On Time
journey_segments.filters.warning,Warning
journey_segments.filters.critical,Critical
journey_segments.filters.violated,Violated
journey_segments.filters.no_sla,No SLA
journey_segments.filters.date_from,Date From
journey_segments.filters.date_to,Date To
journey_segments.filters.apply,Apply Filters
journey_segments.filters.clear,Clear Filters
journey_segments.table.tag_id,Tag ID
journey_segments.table.type,Type
journey_segments.table.centers,Centers
journey_segments.table.entry_time,Entry Time
journey_segments.table.exit_time,Exit Time
journey_segments.table.duration,Duration
journey_segments.table.actual,Actual
journey_segments.table.sla,SLA
journey_segments.table.compliance,Compliance
journey_segments.table.no_segments,No segments found
journey_segments.table.no_sla,No SLA
journey_segments.type.operational,Operational
journey_segments.type.distribution,Distribution
journey_segments.compliance.on_time,On Time
journey_segments.compliance.warning,Warning
journey_segments.compliance.critical,Critical
journey_segments.compliance.violated,Violated
journey_segments.compliance.no_sla,No SLA
menu.complete_journeys,Complete Journeys
complete_journeys.title,Complete Journeys
complete_journeys.description,Complete journey reconstruction with transit times and SLA compliance
complete_journeys.run_assembly,Run Assembly
complete_journeys.assembling,Assembling...
complete_journeys.export_csv,Export CSV ({count})
complete_journeys.kpi.total,Total
complete_journeys.kpi.journeys,Journeys
complete_journeys.kpi.on_time,On Time
complete_journeys.kpi.warning,Warning
complete_journeys.kpi.critical,Critical
complete_journeys.kpi.avg_time,Average Time
complete_journeys.kpi.minutes,minutes
complete_journeys.filters.title,Filters
complete_journeys.filters.search,Search
complete_journeys.filters.search_placeholder,Tag ID or Postal Center...
complete_journeys.filters.sla_compliance,SLA Compliance
complete_journeys.filters.all_status,All Status
complete_journeys.filters.min_segments,Min Segments
complete_journeys.filters.max_segments,Max Segments
complete_journeys.filters.date_from,Date From
complete_journeys.filters.date_to,Date To
complete_journeys.filters.apply,Apply Filters
complete_journeys.filters.clear,Clear Filters
complete_journeys.compliance.on_time,On Time
complete_journeys.compliance.warning,Warning
complete_journeys.compliance.critical,Critical
complete_journeys.compliance.violated,Violated
complete_journeys.compliance.no_sla,No SLA
complete_journeys.compliance.mixed,Mixed
complete_journeys.table.no_journeys,No journeys found
complete_journeys.table.selected,{count} selected
complete_journeys.table.clear_selection,Clear selection
complete_journeys.table.tag_id,Tag ID
complete_journeys.table.segments,Segments
complete_journeys.table.centers,Centers Visited
complete_journeys.table.start_time,Start Time
complete_journeys.table.total_time,Total Time
complete_journeys.table.compliance,Compliance
complete_journeys.error_no_account,No account selected
complete_journeys.assembly_success,Assembly completed: {created} created
complete_journeys.assembly_no_data,No data returned from assembly
complete_journeys.assembly_error,Assembly error: {message}
menu.cutoff_times,Cut-off Times
menu.non_working_days,Non-Working Days
cutoff_times.title,Cut-off Times
cutoff_times.description,Cut-off times and working hours configuration per postal center
cutoff_times.add_cutoff,Add Cut-off
cutoff_times.edit_cutoff,Edit Cut-off
cutoff_times.confirm_delete,Are you sure you want to delete this cut-off time?
cutoff_times.table.center,Center
cutoff_times.table.cutoff_time,Cut-off Time
cutoff_times.table.working_hours,Working Hours
cutoff_times.table.working_days,Working Days
cutoff_times.table.timezone,Timezone
cutoff_times.form.postal_center,Postal Center
cutoff_times.form.cutoff_time,Cut-off Time
cutoff_times.form.working_hours_start,Working Hours Start
cutoff_times.form.working_hours_end,Working Hours End
cutoff_times.form.working_days,Working Days
cutoff_times.form.timezone,Timezone
non_working_days.title,Non-Working Days
non_working_days.description,Holidays and closure days calendar
non_working_days.add_day,Add Day
non_working_days.edit_day,Edit Day
non_working_days.confirm_delete,Are you sure you want to delete this non-working day?
non_working_days.all_centers,All Centers
non_working_days.specific_centers,Specific Centers
non_working_days.table.date,Date
non_working_days.table.name,Name
non_working_days.table.type,Type
non_working_days.table.scope,Scope
non_working_days.table.recurring,Recurring
non_working_days.form.date,Date
non_working_days.form.name,Name
non_working_days.form.name_placeholder,e.g. Christmas
non_working_days.form.description,Description
non_working_days.form.type,Type
non_working_days.form.applies_to_all,Applies to all centers
non_working_days.form.recurring,Recurring annually
menu.mobile_readers,Mobile Readers
menu.mobile_readers.tooltip,Manage mobile and temporary readers
mobile_readers.description,Manage readers that can be assigned to different postal centers over time
mobile_readers.create_reader,Create Mobile Reader
mobile_readers.total_readers,total readers
mobile_readers.mobile,Mobile
mobile_readers.current_location,Current Location
mobile_readers.since,Since
mobile_readers.unassigned,Unassigned
mobile_readers.assignments,assignments
mobile_readers.reassign,Reassign
mobile_readers.assign,Assign to Center
mobile_readers.view_history,View History
mobile_readers.no_readers,No mobile readers yet
mobile_readers.no_readers_description,Create your first mobile reader to start tracking assignments
mobile_readers.create_first_reader,Create First Reader
mobile_readers.no_location_history,No location history available
mobile_readers.location_history,Location History
mobile_readers.less_than_day,< 1 day
mobile_readers.one_day,1 day
mobile_readers.days,days
mobile_readers.current,Current
mobile_readers.assigned,Assigned
mobile_readers.currently_active,Currently active
mobile_readers.duration,Duration
mobile_readers.notes,Notes
mobile_readers.assign_reader,Assign Reader to Center
mobile_readers.postal_center,Postal Center
mobile_readers.select_center,Select a center...
mobile_readers.select_center_help,Choose the postal center where this reader will be located
mobile_readers.select_center_error,Please select a postal center
mobile_readers.assigned_at,Assignment Date
mobile_readers.assigned_at_help,When the reader will be assigned to this center
mobile_readers.unassigned_at,Unassignment Date
mobile_readers.unassigned_at_help,Optional: When the reader will be unassigned (leave empty for indefinite)
mobile_readers.notes_placeholder,e.g.
mobile_readers.notes_help,Optional notes about this assignment
mobile_readers.confirm_delete,Are you sure you want to delete this reader?
menu.readers_management,Readers Management
menu.readers_management.tooltip,Manage all readers and their location history
readers_management.description,Manage all readers and track their location history
readers_management.total_readers,total readers
readers_management.with_history,with location history
menu.rfid_data_consolidation,RFID Data Consolidation
menu.rfid_data_consolidation.tooltip,Consolidate and process RFID events into journey segments and complete journeys
menu.rfid_events_consolidation_numbered,1. RFID Events Consolidation
menu.journey_segments_numbered,2. Journey Segments
menu.complete_journeys_numbered,3. Complete Journeys
menu.center_working_days,Center Working Days
menu.center_working_days.tooltip,Configure working days and holidays for postal centers
readers_management.filters,Filters
readers_management.active,active
readers_management.reset,Reset
readers_management.search,Search
readers_management.search_placeholder,Search by name or code...
readers_management.postal_center,Postal Center
readers_management.all_centers,All Centers
readers_management.unassigned,Unassigned
readers_management.reader_type,Reader Type
readers_management.all_types,All Types
readers_management.entry,Entry
readers_management.exit,Exit
readers_management.mixed,Mixed
readers_management.assignment_status,Assignment Status
readers_management.all_statuses,All Statuses
readers_management.assigned,Assigned
readers_management.mobility_status,Mobility Status
readers_management.all_mobility,All
readers_management.has_history,Has History
readers_management.no_history,No History
readers_management.showing,showing
readers_management.total,total
readers_management.no_readers_found,No readers found matching your filters
readers_management.create_reader,Create Reader
readers_management.confirm_delete,Are you sure you want to delete this reader?
readers_management.since,Since
readers_management.assignments,assignments
readers_management.reassign,Reassign
readers_management.assign,Assign
readers_management.view_history,View History
readers_management.location_history,Location History
readers_management.current,Current
readers_management.assigned_at,Assigned
readers_management.unassigned_at,Unassigned
readers_management.duration,Duration
readers_management.notes,Notes
readers_management.currently_active,Currently active
readers_management.less_than_day,Less than 1 day
readers_management.one_day,1 day
readers_management.days,days
readers_management.no_location_history,No location history available
readers_management.reader_name,Reader Name
readers_management.code,Code
readers_management.type,Type
readers_management.status,Status
readers_management.current_location,Current Location
readers_management.carrier,Carrier
readers_management.all_carriers,All Carriers
readers_management.movement_date,Movement Date
readers_management.movement_date_help,Date when this assignment/unassignment takes effect
readers_management.assign_help,Select a center to assign or leave empty to unassign
readers_management.edit_reader,Edit Reader
menu.diagnosis,Diagnosis
menu.diagnosis.tooltip,Network diagnosis and performance analysis tools
menu.network_overview,Network Overview
menu.network_overview.tooltip,Comprehensive health assessment and performance summary of the postal network
menu.route_analysis,Route Analysis
menu.route_analysis.tooltip,Detailed performance analysis by route and carrier
menu.center_analysis,Center Analysis
menu.center_analysis.tooltip,Operational performance analysis by center
menu.segment_deep_dive,Segment Deep Dive
menu.segment_deep_dive.tooltip,Detailed analysis of journey segments by type and performance
menu.jk_performance_segments,J+K Performance (Segments)
menu.jk_performance_segments.tooltip,Segment-level J+K performance analysis with days-based metrics
accounts.default_language,Default Language
accounts.default_language_hint,Language inherited by panelists of this account
panelists.language,Language
menu.e2e,E2E
menu.diagnosis_section,DIAGNOSIS
menu.system_setup,SYSTEM SETUP
menu.country_topology,Country Topology
menu.carriers_products,Carriers & Products
menu.allocation,Allocation
menu.materials,Materials
menu.database,Database
menu.e2e_database,E2E Database
menu.e2e_database_api,E2E Database API
menu.segment_analysis,Segment Analysis
menu.epcis_pipeline_api,EPCIS Pipeline API
menu.rfid_events_database,RFID Events Database
menu.account_working_days,Account Working Days
menu.e2e_onedb_generator,OneDB Generator
menu.e2e_country_topology,E2E: Country Topology
menu.e2e_carriers_products,E2E: Carriers & Products
menu.e2e_panelists,E2E: Panelists
menu.e2e_sla,E2E: SLA
menu.e2e_allocation_generator,E2E: Allocation Generator
menu.e2e_load_balancing,E2E: Load Balancing
menu.e2e_material_catalog,E2E: Material Catalog
menu.diag_postal_centers,Diag: Postal Centers
menu.diag_readers_management,Diag: Readers Management
menu.diag_segment_sla,Diag: Segment SLA
menu.account_working_days.tooltip,Configure account working days
menu.e2e_onedb_generator.tooltip,Generate OneDB data
menu.e2e_country_topology.tooltip,Configure country topology and postal network
menu.e2e_carriers_products.tooltip,Manage carriers and their products
menu.setup.tooltip,Network setup and configuration
menu.allocation.tooltip,Allocation management
menu.materials.tooltip,Materials management
menu.reporting.tooltip,Reporting and analytics
menu.database.tooltip,Database access
menu.e2e_database.tooltip,E2E database access
menu.e2e_database_api.tooltip,E2E database API
menu.segment_analysis.tooltip,Segment performance analysis
menu.epcis_pipeline_api.tooltip,EPCIS pipeline API
menu.rfid_events_database.tooltip,RFID events database
common.no_data,No data available
common.items,Items
common.avg_time,Avg Time
common.on_time,On-time
common.status.on_time,On Time
common.status.warning,Warning
common.status.critical,Critical
diagnosis.network.kpi_description,Weighted average of key performance indicators
diagnosis.network.score_breakdown,Score Breakdown
diagnosis.network.automatic_findings,Automatic Findings
diagnosis.network.summary,Network Summary
diagnosis.network.route,Route
diagnosis.network.total_items,Total Items
diagnosis.network.active_routes,Active Routes
diagnosis.network.postal_centers,Postal Centers
diagnosis.network.top5_routes,Top 5 Routes
diagnosis.network.bottom5_routes,Bottom 5 Routes
diagnosis.network.top5_centers,Top 5 Centers
diagnosis.network.bottom5_centers,Bottom 5 Centers
diagnosis.metric.on_time_delivery,On-time Delivery
diagnosis.metric.avg_transit_time,Avg Transit Time
diagnosis.metric.avg_processing_time,Avg Processing Time
diagnosis.metric.data_quality,Data Quality
diagnosis.metric.data_completeness,Data completeness
diagnosis.metric.sla_violations,SLA Violations
diagnosis.pipeline.title,EPCIS Pipeline Monitor
diagnosis.pipeline.raw_events,Raw Events
diagnosis.pipeline.processed,Processed
diagnosis.pipeline.segments,Segments
diagnosis.pipeline.routes,Routes
diagnosis.pipeline.phases,Pipeline Phases
diagnosis.pipeline.recent_incidents,Recent Incidents
diagnosis.pipeline.last10_unresolved,Last 10 unresolved
diagnosis.pipeline.no_incidents,No recent incidents
diagnosis.pipeline.execution_log,Execution Log
diagnosis.center.center,CENTER
diagnosis.center.items,ITEMS
diagnosis.center.avg_time,AVG TIME
diagnosis.center.p95_time,P95 TIME
diagnosis.center.throughput,THROUGHPUT
diagnosis.center.efficiency,EFFICIENCY
diagnosis.segment.total_count,Total Count
diagnosis.segment.sla_compliance,SLA Compliance
diagnosis.segment.avg_duration,Avg Duration:
diagnosis.segment.p50_duration,P50 Duration:
diagnosis.segment.p95_duration,P95 Duration:
diagnosis.segment.range,Range:
diagnosis.route.route,Route
diagnosis.route.journeys,Journeys
diagnosis.route.on_time_rate,On-time Rate
diagnosis.route.avg_transit,Avg Transit
diagnosis.route.p95_transit,P95 Transit
diagnosis.route.missroute_rate,Missroute Rate
diagnosis.route.total_segments,Total Segments
settings.change_password,Change Password
settings.security,Security
settings.password_hint,Choose a strong password to protect your account
settings.password_tips,Password Tips:
admin.all_users_title,All Users
reporting.compliance.samples,Samples
reporting.compliance.jk_std,J+K STD
reporting.compliance.jk_actual,J+K Actual
reporting.compliance.std_pct,STD %
reporting.compliance.actual_pct,Actual %
reporting.compliance.deviation,Deviation
reporting.compliance.download_csv,Download samples CSV
load_balancing.total,Total:
load_balancing.avg_per_node,Avg/Node:
load_balancing.optimal,Optimal:
load_balancing.urgent,Urgent:
load_balancing.preventive,Preventive:
load_balancing.balance_not_needed,Balance Not Needed
menu.ondb_generator,ONDB Generator
menu.ondb_generator.tooltip,Generate ONDB test data
menu.country_topology.tooltip,Country topology and postal network
menu.e2e_sla.tooltip,End-to-end delivery standards
menu.segment_sla,Segment SLA
menu.segment_sla.tooltip,Segment service level agreements
menu.territory_equity,Territory Equity
menu.territory_equity.tooltip,Territory equity reporting
menu.compliance,Compliance
menu.compliance.tooltip,Compliance reporting
menu.e2e_db.tooltip,End-to-end database
menu.operations,Operations
menu.setup_view,Setup
menu.account,Account
menu.all_accounts,All Accounts
menu.sign_out,Sign Out
incidents.menu_group,Incidents
incidents.panelist_availability,Panelist availability
incidents.title,Panelist availability incidents
incidents.pending_badge_tooltip,Unavailability records pending review
incidents.inbox.panelist,Panelist
incidents.inbox.node,Node / city
incidents.inbox.dates,Unavailability dates
incidents.inbox.affected,Affected samples
incidents.inbox.breakdown,Send / receive
incidents.inbox.pending,Pending
incidents.inbox.review,Review
incidents.inbox.empty,No pending incidents
incidents.detail.back,Back to list
incidents.detail.mark_reviewed,Mark as studied
incidents.detail.mark_reviewed_disabled,Resolve every proposal first
incidents.detail.sample,Sample
incidents.detail.role,Role
incidents.detail.role_origin,Send
incidents.detail.role_destination,Receive
incidents.detail.sample_status,Sample status
incidents.detail.suggested_action,Suggested action
incidents.detail.suggestion,Suggestion
incidents.detail.reason,Reason
incidents.detail.proposal_status,Status
incidents.detail.actions,Actions
incidents.action.confirm,Confirm
incidents.action.change,Change…
incidents.action.dismiss,Dismiss
incidents.action.confirm_selected,Confirm selected
incidents.action.dismiss_selected,Dismiss selected
incidents.action.selected_count,{count} selected
incidents.override.title,Change resolution
incidents.override.choose_action,Final action
incidents.override.reroute,Reroute to another node
incidents.override.shift_date,Change date
incidents.override.cancel_sample,Cancel sample
incidents.override.target_node,Target node
incidents.override.node_unavailable,(no panelist available)
incidents.override.new_date,New date
incidents.override.apply,Apply
incidents.override.cancel,Cancel
incidents.act.reroute,Reroute
incidents.act.shift_date,Shift date
incidents.act.cancel,Cancel
incidents.act.none,Informative
incidents.status.pending,Pending
incidents.status.confirmed,Confirmed
incidents.status.dismissed,Dismissed
incidents.reason.alt_node_same_city,Alternative node with an available panelist in the same city
incidents.reason.shift_same_month,Move to an available date within the same month
incidents.reason.no_alt_no_date,No alternative node or available date this month
incidents.reason.reroute_reception,Reroute reception to another node with an available panelist
incidents.reason.no_alt_reception,No alternative node for the reception
incidents.reason.in_transit,Already in transit; will arrive late or may not be recorded in time
incidents.detail.cause,Cause
incidents.balance.title,City balance
incidents.balance.node,Node
incidents.balance.status,Status
incidents.balance.load,Load
incidents.balance.saturation_normal,Normal
incidents.balance.saturation_high,High
incidents.balance.saturation_saturated,Saturated
incidents.balance.freed,Freed
incidents.balance.suggested,Suggested
incidents.balance.no_data,No balance data for this period
incidents.balance.week_prefix,W
incidents.balance.total,Total
incidents.balance.affected_week,Affected week
incidents.balance.send,Snt
incidents.balance.receive,Rcv
incidents.balance.send_full,Sent
incidents.balance.receive_full,Received
incidents.balance.week_filter_hint,Click a week to filter the samples
incidents.balance.week_filter_active,Filtering week
incidents.balance.week_filter_empty,No pending samples in this week
reported_incidents.menu,Reported incidents
reported_incidents.badge_tooltip,Incidents reported by panelists pending review
reported_incidents.title,Incidents reported by panelists
reported_incidents.open,Open
reported_incidents.empty,No reported incidents
reported_incidents.back,Back
reported_incidents.linked_shipment,Linked shipment
reported_incidents.resolution_note,Resolution note
reported_incidents.reply_to_panelist,Reply to panelist
reported_incidents.resolve,Resolve
reported_incidents.dismiss,Dismiss
reported_incidents.filter.all_categories,All categories
reported_incidents.filter.open_active,Open / active
reported_incidents.col.panelist,Panelist
reported_incidents.col.category,Category
reported_incidents.col.status,Status
reported_incidents.col.reported_at,Reported at
reported_incidents.status.open,Open
reported_incidents.status.in_progress,In progress
reported_incidents.status.resolved,Resolved
reported_incidents.status.dismissed,Dismissed
reported_incidents.category.missing_materials,Missing materials
reported_incidents.category.unreadable_label_receipt,Unreadable label / receipt
reported_incidents.category.parcel_damaged,Damaged parcel
reported_incidents.category.parcel_returned,Returned parcel
reported_incidents.category.how_to_send,How to send
reported_incidents.category.unavailability_request,Unavailability request
reported_incidents.category.tag_photo_problem,Tag photo problem
reported_incidents.category.contact_data_change,Contact data change
reported_incidents.category.other,Other
reported_incidents.action.mark_received,Mark as received
reported_incidents.action.invalidate,Invalidate
reported_incidents.action.support_only,No action available; support only.
reported_incidents.materials.step1_title,Reconcile stock
reported_incidents.materials.real_qty,Real quantity
reported_incidents.materials.step2_title,Recompute needs
reported_incidents.materials.blocking_badge,Blocking
reported_incidents.materials.step3_title,Supply
reported_incidents.materials.from_central,From central stock
reported_incidents.materials.from_donor,From donor {name}
reported_incidents.materials.to_purchase,Needs purchase (manual/PDF)
reported_incidents.materials.execute_supply,Execute supply
reported_incidents.materials.step4_title,Displacement window
reported_incidents.materials.create_baja,Create leave and displace samples
reported_incidents.materials.step5_title,Close on reception
reported_incidents.materials.go_to_availability,Resolve samples in panelist availability
reported_incidents.materials.close_hint,The leave closes automatically when the panelist confirms reception.
reported_incidents.action.new_date,New date
reported_incidents.action.reschedule,Reschedule
reported_incidents.action.cancel_shipment,Cancel shipment
reported_incidents.action.start_date,Start date
reported_incidents.action.end_date,End date
reported_incidents.action.reason,Reason
reported_incidents.action.create_unavailability,Create unavailability
reported_incidents.action.requested_data,Requested data
reported_incidents.action.telegram_id,Telegram ID
reported_incidents.action.phone,Phone
reported_incidents.action.language,Language
reported_incidents.action.apply_contact,Apply contact data change
reported_incidents.done.received,Marked as received
reported_incidents.done.invalidated,Sample invalidated
reported_incidents.done.rescheduled,Shipment rescheduled
reported_incidents.done.cancelled,Shipment cancelled
reported_incidents.done.baja,Unavailability created
reported_incidents.done.contact,Contact data updated
