key,translation
account_config.calculation_mode,Modo de Cálculo
account_config.calculation_mode_help,Elija cómo calcular los tiempos de tránsito: días naturales (24/7) o días laborables (excluyendo horas no laborables)
account_config.confirm_delete_holiday,¿Está seguro de que desea eliminar este festivo?
account_config.cutoff,Corte
account_config.description,Configurar ajustes globales para su cuenta
account_config.download_template,Descargar Plantilla
account_config.fill_all_fields,Por favor complete todos los campos
account_config.global_settings,Configuración Global
account_config.holiday_reason,Motivo (ej: Navidad
account_config.import_csv,Importar CSV
account_config.imported_successfully,Se importaron exitosamente {count} festivos
account_config.mixed_reader_gap,Intervalo de Lector Mixto (minutos)
account_config.mixed_reader_gap_help,Intervalo de tiempo para separar eventos de entrada y salida en lectores mixtos
account_config.natural_days,Días Naturales
account_config.no_holidays,No hay festivos configurados
account_config.no_valid_holidays,No se encontraron festivos válidos en el CSV
account_config.non_working_days,Días No Laborables (Festivos)
account_config.opening,Apertura
account_config.saved_successfully,Configuración guardada exitosamente
account_config.title,Configuración de Cuenta
account_config.weekly_schedule,Horario Semanal
account_config.working_day,Día Laborable
account_config.working_days,Días Laborables
accounts.account_name,Nombre de la cuenta
accounts.created,Creado
accounts.name,Nombre
accounts.no_accounts_found,No se encontraron cuentas
accounts.promise,Promesa
accounts.slug,Identificador
accounts.unique_identifier_lowercase_no_spaces,"Identificador único (minúsculas, sin espacios)"
admin.about_account_reset,Acerca del restablecimiento de cuenta
admin.all_allocation_plans_and_details,Todos los planes y detalles de asignación
admin.all_balancing_history,Todo el historial de balanceo
admin.all_configuration_data,todos los datos de configuración (topología
admin.all_material_shipments_and_movements,Todos los envíos y movimientos de material
admin.all_material_stocks,Todos los inventarios de material
admin.all_operational_data,todos los datos operativos (planes
admin.all_purchase_orders,Todas las órdenes de compra
admin.an_unexpected_error_occurred,Ocurrió un error inesperado
admin.cannot_be_undone,No se puede deshacer
admin.configuration_data_nodes_panelists_materials_etc_w,"Los datos de configuración (nodos, panelistas, materiales, etc.) se conservarán."
admin.confirm_reset,Confirmar reinicio
admin.create_user,Crear usuario
admin.created,Creado:
admin.deleted_records,Registros eliminados:
admin.demo2_account_not_found,Cuenta DEMO2 no encontrada
admin.demo_reset,Restablecer demo
admin.loading,Cargando...
admin.loading_accounts,Cargando cuentas...
admin.preserve,Preservar
admin.promise,Promesa
admin.reset_data,Restablecer datos
admin.resetting,Reiniciando...
admin.the_demo2_account_is_not_available_please_contact_,"La cuenta DEMO2 no está disponible. Por favor, contacte al administrador."
admin.this_will_permanently_delete,Esto eliminará permanentemente:
admin.use_this_feature_to_prepare_accounts,Utilice esta función para preparar las cuentas para sesiones de formación o demostraciones. El proceso de reinicio hará:
admin.use_with_caution,usar con precaución
admin.user_management,Gestión de usuarios
admin.warning_this_action_cannot_be_undone,Advertencia: Esta acción no se puede deshacer
allocation_generator.1st_semester,1er Semestre
allocation_generator.2nd_semester,2do Semestre
allocation_generator.about,Acerca del Generador de Asignaciones
allocation_generator.about_description,Generar planes de asignación de muestras automáticamente basados en patrones de distribución
allocation_generator.actions,Acciones
allocation_generator.applied,Aplicado
allocation_generator.applied_date,Fecha de Aplicación
allocation_generator.applied_plans,Planes Aplicados
allocation_generator.applied_plans_historical,Planes Aplicados (Histórico)
allocation_generator.apply,Aplicar
allocation_generator.april,Abril
allocation_generator.august,Agosto
allocation_generator.auto_fill,Auto-llenar al 100%
allocation_generator.automatic_generator,Generador Automático
allocation_generator.carrier,Transportista
allocation_generator.city_distribution_matrix,Matriz de Distribución por Ciudad (A-B-C)
allocation_generator.clear,Limpiar
allocation_generator.confirm_apply,¿Aplicar este plan? Se moverá a los planes aplicados.
allocation_generator.confirm_delete,¿Eliminar este plan?
allocation_generator.csv_import_coming_soon,¡Funcionalidad de importación CSV próximamente!
allocation_generator.date_placeholder,dd/mm/aaaa
allocation_generator.december,Diciembre
allocation_generator.delete,Eliminar
allocation_generator.description,Generar planes de asignación de muestras automáticamente basados en patrones de distribución
allocation_generator.distribution_matrix,Matriz de distribución por ciudad (A-B-C)
allocation_generator.download_csv,Descargar CSV
allocation_generator.download_template,Descargar plantilla CSV
allocation_generator.end_date,Fecha Final
allocation_generator.error,Error
allocation_generator.error_downloading,Error al descargar el plan
allocation_generator.february,Febrero
allocation_generator.generate_plan,Generar Plan
allocation_generator.generated,Generado
allocation_generator.generated_plans,Planes Generados
allocation_generator.generated_plans_title,Planes Generados
allocation_generator.generator,Generador
allocation_generator.import_csv,Importar CSV
allocation_generator.january,Enero
allocation_generator.july,Julio
allocation_generator.june,Junio
allocation_generator.loading,Cargando...
allocation_generator.manual_import,Importación Manual
allocation_generator.march,Marzo
allocation_generator.may,Mayo
allocation_generator.no_applied_plans,Aún no hay planes aplicados
allocation_generator.no_details_found,No se encontraron detalles para este plan
allocation_generator.no_generated_plans,Aún no hay planes generados
allocation_generator.november,Noviembre
allocation_generator.october,Octubre
allocation_generator.period,Período
allocation_generator.plan_applied_success,¡Plan aplicado exitosamente!
allocation_generator.plan_deleted_success,¡Plan eliminado exitosamente!
allocation_generator.plan_name,Nombre del Plan
allocation_generator.product,Producto
allocation_generator.quick_period,Selección rápida de período
allocation_generator.quick_period_selection,Selección Rápida de Período
allocation_generator.samples,Muestras
allocation_generator.seasonal_distribution,Distribución Estacional
allocation_generator.select_carrier,Seleccionar transportista
allocation_generator.select_product,Seleccionar producto
allocation_generator.september,Septiembre
allocation_generator.start_date,Fecha Inicial
allocation_generator.status,Estado
allocation_generator.tab_applied_plans,Planes Aplicados
allocation_generator.tab_generated_plans,Planes Generados
allocation_generator.tab_generator,Generador
allocation_generator.title,Generador de Planes de Asignación
allocation_generator.to,a
allocation_generator.tooltip_how_it_works,Cómo funciona:
allocation_generator.tooltip_how_it_works_text,"Define el total de muestras, rango de fechas, transportista/producto y matrices de distribución. El sistema creará un plan detallado con pares origen-destino y fechas programadas."
allocation_generator.tooltip_purpose,Propósito:
allocation_generator.tooltip_purpose_text,Generar automáticamente planes de asignación de muestras basados en patrones de distribución por ciudad y variaciones estacionales.
allocation_generator.tooltip_title,Generador de Planes de Asignación
allocation_generator.tooltip_usage,Uso:
allocation_generator.tooltip_usage_text,"Genera planes, revísalos en la pestaña ""Planes Generados"", luego aplícalos para activar las asignaciones de muestras."
allocation_generator.total_samples,Muestras Totales
allocation_generator.user_not_authenticated,Usuario no autenticado
allocation_generator.year,Año
allocation_plans.add_record,Agregar registro
allocation_plans.all_carriers,Todos los operadores
allocation_plans.all_cities,Todas las ciudades
allocation_plans.all_nodes,Todos los nodos
allocation_plans.all_plans,Todos los planes
allocation_plans.all_products,Todos los productos
allocation_plans.all_records,Todos los registros
allocation_plans.all_status,Todos los estados
allocation_plans.auto_fill_to_100,Autocompletar al 100%
allocation_plans.availability_issues,Problemas de disponibilidad
allocation_plans.availability_issues_filter,Problemas de disponibilidad
allocation_plans.availability_issues_title,Problemas de disponibilidad
allocation_plans.available,Disponible
allocation_plans.bulk_operations,Operaciones Masivas
allocation_plans.cancel_selected,Cancelar seleccionados
allocation_plans.cancelled,Cancelado
allocation_plans.carrier,Operador
allocation_plans.change_destination_node,Cambiar nodo de destino
allocation_plans.change_origin_node,Cambiar nodo de origen
allocation_plans.change_scheduled_date,Cambiar fecha programada
allocation_plans.city_distribution_matrix,Matriz de distribución por ciudad
allocation_plans.city_distribution_matrix_a_b_c,Matriz de distribución por ciudad (A-B-C)
allocation_plans.clear_selection,Borrar selección
allocation_plans.completed,Completado
allocation_plans.create_record,Crear registro
allocation_plans.delayed_shipments,Envíos retrasados
allocation_plans.delete_selected,Eliminar seleccionados
allocation_plans.dest_city,Ciudad dest.
allocation_plans.dest_node,Nodo dest.
allocation_plans.dest_panelist,Panelista dest.
allocation_plans.dest_panelist_header,Panelista destino
allocation_plans.dest_status,Estado dest.
allocation_plans.dest_status_header,Estado destino
allocation_plans.destination,Destino:
allocation_plans.destination_city,Ciudad de destino
allocation_plans.destination_node,Nodo de destino
allocation_plans.details,Detalles del plan de asignación
allocation_plans.download_csv_template,Descargar plantilla CSV
allocation_plans.edit_record,Editar registro
allocation_plans.end_date,Fecha de finalización
allocation_plans.enter_tag_id,Ingresar ID de etiqueta
allocation_plans.error,Error:
allocation_plans.event_id,ID del evento
allocation_plans.example,Ejemplo:
allocation_plans.filters,Filtros
allocation_plans.first_day_of_the_allocation_period_samples_will_be,Primer día del período de asignación. Las muestras se programarán a partir de esta fecha.
allocation_plans.import_csv,Importar CSV
allocation_plans.inactive,Inactivo
allocation_plans.invalid,Inválido
allocation_plans.last_day_of_the_allocation_period_samples_will_be_,Último día del período de asignación. Las muestras se programarán hasta esta fecha.
allocation_plans.loading,Cargando planes de asignación...
allocation_plans.no_panelist,Sin panelista
allocation_plans.no_panelist_assigned_to_destination_node,No hay panelista asignado al nodo de destino
allocation_plans.no_panelist_assigned_to_origin_node,No hay panelista asignado al nodo de origen
allocation_plans.no_records,No se encontraron planes de asignación
allocation_plans.notified,Notificado
allocation_plans.optional,Opcional
allocation_plans.optional_distribute_samples_unevenly_across_months,Opcional: Distribuir las muestras de manera desigual a lo largo de los meses para reflejar patrones estacionales.
allocation_plans.origin,Origen:
allocation_plans.origin_city,Ciudad de origen
allocation_plans.origin_city_filter,Ciudad de origen
allocation_plans.origin_node,Nodo de origen
allocation_plans.origin_node_filter,Nodo de origen
allocation_plans.origin_panelist,Panelista de origen
allocation_plans.origin_panelist_header,Panelista de origen
allocation_plans.origin_status,Estado de origen
allocation_plans.origin_status_header,Estado de origen
allocation_plans.pending,Pendiente
allocation_plans.pending_lowercase,en espera
allocation_plans.plan,Plan
allocation_plans.plan_details,Detalles del plan de asignación
allocation_plans.plan_name,Nombre del plan *
allocation_plans.please_ensure_destination_panelist,Por favor asegúrese de que el panelista de destino
allocation_plans.please_ensure_origin_panelist,Por favor asegúrese de que el panelista de origen
allocation_plans.please_enter_tag_id,Por favor ingrese el ID de etiqueta
allocation_plans.please_select_datetime,Por favor seleccione fecha y hora
allocation_plans.product,Producto
allocation_plans.promise,Promesa
allocation_plans.quick_period_selection,Selección rápida de período
allocation_plans.receive,Recibir
allocation_plans.received,Recibido
allocation_plans.received_at_time,Recibido a las
allocation_plans.received_by,Recibido por
allocation_plans.received_date_time,Fecha y hora de recepción
allocation_plans.register_reception,Registrar recepción
allocation_plans.register_shipment,Registrar envío
allocation_plans.registered_by,Registrado por
allocation_plans.reprocess_errors,Reprocesar errores
allocation_plans.reset_filters,Restablecer filtros
allocation_plans.scheduled_date,Fecha programada
allocation_plans.search_by_event_id,Buscar por ID de evento...
allocation_plans.search_by_tag_id,Buscar por ID de etiqueta...
allocation_plans.search_event_id,Buscar por ID de evento...
allocation_plans.search_tag_id,Buscar por ID de etiqueta...
allocation_plans.seasonal_distribution,Distribución estacional
allocation_plans.select_carrier,Seleccionar transportista
allocation_plans.select_city,Seleccionar ciudad
allocation_plans.select_node,Seleccionar nodo...
allocation_plans.select_plan,Seleccionar plan
allocation_plans.select_product,Seleccionar producto
allocation_plans.selected_count,{count} seleccionado(s)
allocation_plans.send,Enviar
allocation_plans.sent,Enviado
allocation_plans.sent_at,Enviado a las:
allocation_plans.sent_at_time,Enviado a las
allocation_plans.sent_by,Enviado por
allocation_plans.sent_date_time,Fecha y hora de envío
allocation_plans.sent_lowercase,enviado
allocation_plans.shipment_status,Estado del envío
allocation_plans.show_id,Mostrar ID
allocation_plans.start_date,Fecha de inicio
allocation_plans.status,Estado
allocation_plans.tag_id,ID de etiqueta
allocation_plans.title,Planes de Asignación
allocation_plans.total,Total
allocation_plans.total_and_pending,Total y Pendiente
allocation_plans.total_delayed,Total retrasado
allocation_plans.total_issues,Total de problemas
allocation_plans.total_pending,Total y pendiente
allocation_plans.total_samples,Total de muestras *
allocation_plans.transfer_error,Error de transferencia
allocation_plans.unavailable,No disponible
allocation_plans.update_record,Actualizar registro
allocation_plans.validation_errors,Errores de validación:
allocation_plans.view_and_manage,Ver y gestionar los planes de asignación generados
allocation_plans.waiting,En espera
allocation_plans.week,Semana
allocation_plans.year,Año
allocationplangenerator.allocation_plan_generator,Generador de Planes de Asignación
allocationplangenerator.applied_date,Fecha aplicada
allocationplangenerator.applied_plans_historical,Planes aplicados (Histórico)
allocationplangenerator.automatic_generator,Generador automático
allocationplangenerator.carrier,Transportista
allocationplangenerator.download_csv,Descargar CSV
allocationplangenerator.generate_sample_allocation_plans_automatically_bas,Generar planes de asignación de muestras automáticamente según patrones de distribución
allocationplangenerator.generated_plans,Planes generados
allocationplangenerator.generator,Generador
allocationplangenerator.how_it_works,Cómo funciona:
allocationplangenerator.loading,Cargando...
allocationplangenerator.manual_import,Importación manual
allocationplangenerator.no_applied_plans_yet,Aún no hay planes aplicados
allocationplangenerator.no_generated_plans_yet,Aún no hay planes generados
allocationplangenerator.period,Período
allocationplangenerator.plan_name,Nombre del plan
allocationplangenerator.product,Producto
allocationplangenerator.purpose,Propósito:
allocationplangenerator.samples,Muestras
allocationplangenerator.usage,Uso:
allocationplans.add_record,Agregar registro
allocationplans.allocation_plans,Planes de asignación
allocationplans.availability_issues,Problemas de disponibilidad
allocationplans.carrier,Transportista
allocationplans.delayed_shipments,Envíos retrasados
allocationplans.dest_city,Ciudad de destino
allocationplans.dest_node,Nodo de destino
allocationplans.dest_panelist,Panelista de destino
allocationplans.dest_status,Estado de destino
allocationplans.event_id,ID del evento
allocationplans.loading,Cargando...
allocationplans.no_records_found,No se encontraron registros
allocationplans.origin_city,Ciudad de origen
allocationplans.origin_node,Nodo de origen
allocationplans.origin_panelist,Panelista de origen
allocationplans.origin_status,Estado de Origen
allocationplans.pending,Pendiente
allocationplans.plan,Plan
allocationplans.product,Producto
allocationplans.received,Recibido
allocationplans.scheduled_date,Fecha Programada
allocationplans.sent,Enviado
allocationplans.shipment_status,Estado del Envío
allocationplans.tag_id,ID de Etiqueta
allocationplans.total_delayed,Total Retrasado
allocationplans.total_issues,Total de Problemas
allocationplans.total_pending,Total y Pendiente
allocationplans.view_and_manage_generated_allocation_plans,Ver y gestionar planes de asignación generados
allocationplans.week,Semana
auth.click_autofill_demo,Haga clic aquí para completar automáticamente las credenciales de demostración
auth.click_here_to_auto_fill_demo_credentials,Haga clic aquí para autocompletar credenciales de demostración
auth.email,Correo electrónico:
auth.email_address,Dirección de correo electrónico
auth.email_placeholder,su@email.com
auth.enter_your_password,Ingrese su contraseña
auth.for_regulators,para los Reguladores
auth.loading,Cargando...
auth.password,Contraseña:
auth.password_placeholder,Ingrese su contraseña
auth.secure_auth_supabase,Autenticación segura por Supabase
auth.secure_authentication_powered_by_supabase,Autenticación segura impulsada por Supabase
auth.sign_in,Iniciar sesión
auth.signing_in,Iniciando sesión...
auth.try_demo_account,Probar cuenta de demostración
auth.wherequalitystarts,DondeComienzaLaCalidad
auth.your_email_com,tu@correo.com
bulk.cancelled_records,Registros cancelados
bulk.confirm_cancel,¿Cancelar los registros seleccionados?
bulk.confirm_delete,¿Eliminar los registros seleccionados?
bulk.confirm_reprocess,¿Reprocesar los registros seleccionados?
bulk.deleted_records,Registros eliminados
bulk.please_select_date,Por favor seleccione una fecha
bulk.please_select_destination_node,Por favor seleccione un nodo de destino
bulk.please_select_origin_node,Por favor seleccione un nodo de origen
bulk.reprocessed_records,Registros reprocesados
bulk.retry_errors,Reintentar Errores
bulk.selected,Seleccionado(s)
bulk.updated_records,Registros actualizados
carriers.add_a_new_material_to_catalog_and_assign_to_produc,Agregar un nuevo material al catálogo y asignarlo al producto
carriers.add_carrier,Agregar Transportista
carriers.add_material,Agregar un material
carriers.add_product,Agregar Producto
carriers.additional_details,Detalles adicionales...
carriers.all_carriers,Todos los transportistas
carriers.all_products,Todos los productos
carriers.all_products_have_materials,¡Todos los productos tienen materiales!
carriers.all_status,Todos los estados
carriers.cancel,Cancelar
carriers.carrier,Transportista
carriers.carrier_details,Detalles del Transportista
carriers.carriers,Transportistas
carriers.carriers_products,Transportistas y productos
carriers.choose_an_existing_material_from_your_catalog,Elige un material existente de tu catálogo
carriers.choose_how_to_add,Elija cómo agregar un material a este producto:
carriers.choose_how_to_add_material_to_this_product,Elige cómo agregar material a este producto:
carriers.clear_filters,Borrar filtros
carriers.code,Código *
carriers.collapse_all,Contraer todo
carriers.collapse_product,Colapsar producto
carriers.create,Crear
carriers.create_carrier,Crear transportista
carriers.create_new_material,Crear nuevo material
carriers.create_new_material_desc,Agregar un nuevo material al catálogo y asignarlo al producto
carriers.days,Días
carriers.delete_carrier,Eliminar transportista
carriers.delete_product,Eliminar producto
carriers.delivery_hours,Horas de entrega
carriers.description,Descripción
carriers.description_field,Descripción
carriers.download_csv,Descargar CSV
carriers.e_g_24,"p. ej., 24"
carriers.e_g_dhl_exp_24,"p. ej., DHL-EXP-24"
carriers.e_g_dhl_express,"p. ej., DHL Express"
carriers.e_g_dhl_ups,"p. ej., DHL, UPS"
carriers.e_g_express_delivery_24_hours,"p. ej., entrega exprés 24 horas"
carriers.e_g_express_standard_economy,"p. ej., exprés, estándar, económico"
carriers.edit_carrier,Editar transportista
carriers.edit_product,Editar producto
carriers.edit_quantity,Editar cantidad
carriers.enter_new_quantity,"Introduzca la nueva cantidad para ""{name}"":"
carriers.every_product_has_materials_assigned_from_the_cata,Cada producto tiene materiales asignados del catálogo
carriers.expand_all,Expandir todo
carriers.expand_all_products,Expandir todos los productos en este transportista
carriers.expand_all_products_in_this_carrier,Expandir todos los productos en este transportista
carriers.expand_carrier,Expandir el operador
carriers.expand_product,Expandir producto
carriers.expand_products,Expandir todos los productos de este operador
carriers.heures,Horas
carriers.hours,Horas
carriers.jours,Días
carriers.loading,Cargando transportistas...
carriers.loading_carriers,Cargando transportistas...
carriers.manage_description,Gestionar operadores de envío
carriers.manage_shipping_carriers_products_and_material_req,"Gestionar transportistas, productos y requisitos de materiales"
carriers.mat_001,MAT-001
carriers.material,Material
carriers.materials,Materiales
carriers.materials_assigned,Materiales asignados
carriers.materiels,Materiales
carriers.name,Nombre *
carriers.no_active_materials_in_catalog_create_a_new_one_in,No hay materiales activos en el catálogo. Cree uno nuevo en su lugar.
carriers.no_carriers,No se encontraron transportistas
carriers.no_carriers_defined_yet,No se han definido transportistas aún
carriers.no_carriers_yet,Aún no hay transportistas definidos
carriers.no_materials,Aún no se han asignado materiales
carriers.no_materials_assigned_yet,No se han asignado materiales aún
carriers.no_products,No hay productos
carriers.no_products_for_this_carrier_yet,No hay productos para este transportista aún
carriers.no_results_found,No se encontraron resultados
carriers.pending_materials,Materiales pendientes
carriers.product,Producto
carriers.product_code,Código de producto
carriers.products,Productos
carriers.products_count,Cantidad de Productos
carriers.products_need_materials,Estos productos requieren asignaciones de materiales para estar operativos
carriers.products_without_materials,Productos sin materiales
carriers.products_without_materials_title,Productos sin materiales
carriers.produits,Productos
carriers.promise,Compromiso
carriers.qty,Cant.
carriers.quantity,Cantidad *
carriers.remove_material,Eliminar material
carriers.remove_material_confirm,"¿Eliminar el material ""{name}"" de este producto?"
carriers.rfid_tag,Etiqueta RFID
carriers.search_carriers_or_products,Buscar transportistas o productos...
carriers.search_placeholder,Buscar operadores o productos...
carriers.select_from_catalog,Seleccionar del Catálogo
carriers.select_from_catalog_desc,Elija un material existente de su catálogo
carriers.select_material,Seleccionar Material *
carriers.standard_delivery_time,Tiempo de Entrega Estándar *
carriers.start_by_creating_your_first_carrier_to_manage_shi,Comience creando su primer transportista para gestionar productos de envío
carriers.status,Estado *
carriers.tab_carriers_products,Operadores y productos
carriers.tab_products_without_materials,Productos sin materiales
carriers.these_products_need_material_assignments_to_be_ope,Estos productos necesitan asignaciones de material para estar operativos
carriers.time_unit,Unidad de Tiempo *
carriers.title,Operadores y productos
carriers.transporteurs,Transportistas
carriers.try_adjusting_your_search_or_filters,Intente ajustar su búsqueda o filtros
carriers.type,Tipo
carriers.unit_measure,Unidad de Medida
carriers.units_kg_etc,"unidades, kg, etc."
carriers.update_quantity,Actualizar cantidad
carriers.with_materials,Con Materiales
carriers.without_materials,Sin Materiales
catalog.add_material,Agregar Material
catalog.material_code,Código de Material
catalog.material_name,Nombre del Material
catalog.title,Catálogo de Materiales
cityform.cancel,Cancelar
cityform.city_class,Clase de ciudad
cityform.city_code,Código de la ciudad
cityform.city_name,Nombre de la ciudad
cityform.class_a,Clase A
cityform.class_b,Clase B
cityform.class_c,Clase C
cityform.create,Crear
cityform.latitude,Latitud
cityform.longitude,Longitud
cityform.optional,opcional
cityform.population,Población
cityform.population_description,Población total de la ciudad (utilizada para el análisis de impacto en los informes)
cityform.saving,Guardando...
cityform.update,Actualizar
common.1st_semester,1er Semestre
common.2nd_semester,2do Semestre
common.about,Acerca de
common.actions,Acciones
common.active,Activo
common.active_only,Solo Activos
common.add_record,Agregar un registro
common.all,Todos
common.all_cities,Todas las Ciudades
common.all_nodes,Todos los Nodos
common.all_status,Todos los Estados
common.apply,Aplicar
common.available,disponible
common.bulk_edit,Edición Masiva
common.bulk_edit_description,Editando {count} registros seleccionados. Deja los campos vacíos para omitir.
common.calculate,Calcular
common.cancel,Cancelar
common.city,Ciudad
common.clear,Limpiar
common.close,Cerrar
common.collapse_all,Contraer Todo
common.confirm,Confirmar
common.confirm_delete,¿Eliminar este registro?
common.create,Crear
common.created_successfully,Creado exitosamente
common.creating,Creando...
common.cutoff,Cierre
common.days,días
common.delete,Eliminar
common.delete_selected,Eliminar Seleccionados
common.deleted_successfully,Eliminado exitosamente
common.description,Descripción
common.deselect_all,Deseleccionar Todo
common.download,Descargar
common.edit,Editar
common.end_date,Fecha de fin
common.error,Error
common.expand_all,Expandir Todo
common.export,Exportar
common.export_csv,Exportar CSV
common.export_to_csv,Exportar a CSV
common.filters,Filtros
common.first_semester,1er Semestre
common.friday,Viernes
common.generate_plan,Generar Plan
common.generating,Generando...
common.hide,Ocultar
common.hide_filters,Ocultar Filtros
common.hours,horas
common.import,Importar
common.inactive,Inactivo
common.info,Información
common.information,Información
common.language,Idioma
common.leave_empty_to_skip,Dejar vacío para omitir
common.loading,Cargando...
common.loading_carriers,Cargando transportistas...
common.loading_data,Cargando datos...
common.loading_topology,Cargando topología...
common.material,Material
common.minutes,minutos
common.monday,Lunes
common.no,No
common.no_panelist,Sin Panelista
common.no_results_found,No se encontraron resultados
common.node,Nodo
common.of,de
common.opening,Apertura
common.pending,Pendiente
common.please_select_at_least_one,Por favor seleccione al menos un registro
common.promise,Promesa
common.quick_month_selection,Selección rápida del mes
common.records,Registros
common.refresh,Actualizar
common.region,Región
common.register,Registrar
common.remove,Quitar
common.reset,Restablecer
common.reset_filters,Limpiar Filtros
common.saturday,Sábado
common.save,Guardar
common.saving,Guardando...
common.search,Buscar
common.second_semester,2º Semestre
common.select,Seleccionar
common.select_all,Seleccionar Todo
common.show,Mostrar
common.show_filters,Mostrar Filtros
common.show_id,Mostrar ID
common.sign_out,Cerrar sesión
common.start_date,Fecha de inicio
common.status,Estado
common.success,Éxito
common.sunday,Domingo
common.thursday,Jueves
common.to,A
common.total,Total
common.tuesday,Martes
common.type,Tipo
common.unavailable,No disponible
common.unit,Unidad
common.update,Actualizar
common.updated_successfully,Actualizado exitosamente
common.updating,Actualizando...
common.warning,Advertencia
common.wednesday,Miércoles
common.year,Año
common.yes,Sí
countrytopology.all_cities,Todas las ciudades
countrytopology.all_nodes,Todos los nodos
countrytopology.all_nodes_have_panelists,¡Todos los nodos tienen panelistas!
countrytopology.all_regions,Todas las regiones
countrytopology.cities,Ciudades
countrytopology.city,Ciudad
countrytopology.clear_filters,Borrar filtros
countrytopology.collapse_all,Contraer todo
countrytopology.country_topology,Topología del país
countrytopology.create_region,Crear región
countrytopology.define_and_manage_your_country_network_infrastruct,Defina y gestione la jerarquía de la infraestructura de red de su país
countrytopology.download_csv,Descargar CSV
countrytopology.every_node_in_your_topology_has_a_panelist_assigne,Cada nodo en su topología tiene un panelista asignado
countrytopology.expand_all,Expandir todo
countrytopology.loading_topology,Cargando topología...
countrytopology.no_results_found,No se encontraron resultados
countrytopology.no_topology_defined_yet,Aún no se ha definido ninguna topología
countrytopology.node_id,ID del nodo
countrytopology.nodes_without_panelists,Nodos sin panelistas
countrytopology.pending_panelist,Panelista pendiente
countrytopology.region,Región
countrytopology.regions,Regiones
countrytopology.search_regions_cities_or_nodes,"Buscar regiones, ciudades o nodos..."
countrytopology.start_by_creating_your_first_region_to_build_your_,Comience creando su primera región para construir la topología de su país
countrytopology.these_nodes_need_panelist_assignment_to_be_operati,Estos nodos necesitan asignación de panelista para estar operativos
countrytopology.topology_tree,Árbol de topología
countrytopology.total_nodes,Nodos Totales
countrytopology.try_adjusting_your_search_or_filters,Intente ajustar su búsqueda o filtros
countrytopology.with_panelist,Con Panelista
countrytopology.with_panelists,Con Panelistas
countrytopology.without_panelist,Sin Panelista
countrytopology.without_panelists,Sin Panelistas
dashboard.active,activo
dashboard.active_carriers,Transportistas Activos
dashboard.active_products,Productos Activos
dashboard.active_resources,Recursos Activos
dashboard.allocation_plans,Planes de Asignación
dashboard.availability_issues,Problemas de Disponibilidad
dashboard.availability_rate,Tasa de Disponibilidad
dashboard.available,disponible
dashboard.available_combinations,Combinaciones Disponibles
dashboard.carrier_product_pairs,Pares Transportista-Producto
dashboard.carriers_products,Transportistas y Productos
dashboard.configured_routes,Rutas Configuradas
dashboard.coverage_rate,Tasa de Cobertura
dashboard.critical_alerts,Alertas Críticas
dashboard.current_alerts,Alertas Actuales
dashboard.current_month,Mes Actual
dashboard.currently_unavailable,Actualmente no disponible
dashboard.delayed_shipments,Envíos retrasados
dashboard.delivery_standards,Estándares de entrega
dashboard.inactive,Inactivo
dashboard.inactive_lowercase,inactivo
dashboard.incomplete_standards,Estándares incompletos
dashboard.issues_delays,Problemas y retrasos
dashboard.last_30_days,Últimos 30 días
dashboard.last_60_days,Últimos 60 días
dashboard.last_90_days,Últimos 90 días
dashboard.loading_dashboard,Cargando panel de control...
dashboard.management_dashboard,Panel de gestión
dashboard.management_tip,Consejo de gestión
dashboard.management_tip_text,Utilice el selector de período para mostrar las estadísticas del mes en curso o planificar el próximo mes. Haga clic en cualquier tarjeta para acceder a la vista detallada. Consulte las alertas críticas diariamente para mantener la excelencia operativa. Supervise las vacaciones de los panelistas y las necesidades de materiales para evitar conflictos de asignación.
dashboard.material_management,Gestión de materiales
dashboard.material_requirements,Requisitos de materiales
dashboard.needing_review,Necesita revisión
dashboard.needs_review,Requiere Revisión
dashboard.next_30_days,Próximos 30 días
dashboard.next_month,Próximo mes
dashboard.no_panelist,Ningún panelista
dashboard.of,de
dashboard.on_leave,De permiso
dashboard.on_vacation,De vacaciones
dashboard.panelist_status,Estado del panelista
dashboard.panelist_stock,Inventario del panelista
dashboard.panelists_availability,Panelistas y disponibilidad
dashboard.pending,Pendiente
dashboard.pending_items,Elementos pendientes
dashboard.pending_shipments,Envíos pendientes
dashboard.purchase_orders,Órdenes de compra
dashboard.received,Recibido
dashboard.regulator_stock,Stock de reguladores
dashboard.selected_period,Período seleccionado:
dashboard.sent,Enviado
dashboard.shipments_to_panelists,Envíos a panelistas
dashboard.standards_configuration,Configuración de estándares
dashboard.stock_alerts,Alertas de stock
dashboard.tooltip_active_carriers,Número de transportistas activos disponibles para envíos
dashboard.tooltip_active_products,Número de productos activos configurados en todos los transportistas
dashboard.tooltip_coverage_rate,Porcentaje de estándares con configuración completa
dashboard.tooltip_delayed_shipments,Envíos programados antes de hoy pero aún no recibidos
dashboard.tooltip_management_dashboard,"Panel de Gestión: Vista general de métricas operativas, estado de recursos y alertas críticas. Use el selector de período para ver estadísticas del mes actual o próximo."
dashboard.tooltip_material_requirements,Requisitos de materiales pendientes de los reguladores
dashboard.tooltip_needs_review,Estándares sin tiempo o porcentaje de éxito configurado
dashboard.tooltip_panelist_stock,Alertas de stock en ubicaciones de panelistas
dashboard.tooltip_pending_shipments,Envíos de stock pendientes de despacho
dashboard.tooltip_received_plans,Planes recibidos exitosamente
dashboard.tooltip_sent_plans,Planes enviados y en tránsito
dashboard.tooltip_shipments_to_panelists,Envíos pendientes de materiales a panelistas
dashboard.tooltip_total_panelists,Número total de panelistas en el sistema
dashboard.tooltip_total_plans,Total de planes de asignación en el período seleccionado
dashboard.tooltip_total_standards,Número total de estándares de entrega configurados
dashboard.total,total
dashboard.total_and_status,Total y Estado
dashboard.total_panelists,Total de panelistas
dashboard.total_plans,Total de planes
dashboard.total_standards,Total de estándares
dashboard.total_status,Total y estado
dashboard.unassigned,Sin Asignar
dashboard.unavailable,No Disponible
dashboard.upcoming_vacations,Próximas vacaciones
delivery_standards.about_text,Configurar tiempos de entrega esperados entre ciudades para cada combinación transportista-producto
delivery_standards.absolute,Absoluto
delivery_standards.add_standard,Agregar Norma
delivery_standards.all_carriers,Todos los Transportistas
delivery_standards.all_destinations,Todos los Destinos
delivery_standards.all_origins,Todos los Orígenes
delivery_standards.all_products,Todos los Productos
delivery_standards.bulk_update,Actualización Masiva
delivery_standards.carrier,Transportista *
delivery_standards.clear_all_selections,Borrar todas las selecciones
delivery_standards.confirm_delete,¿Eliminar esta norma de entrega?
delivery_standards.create_standard,Crear Norma
delivery_standards.created,Norma de entrega creada exitosamente
delivery_standards.critical_percent,Crítico %
delivery_standards.critical_threshold,Umbral Crítico
delivery_standards.days,Días
delivery_standards.delete_selected,Eliminar Seleccionados
delivery_standards.deleted,Norma de entrega eliminada exitosamente
delivery_standards.description,Descripción
delivery_standards.destination,Destino
delivery_standards.destination_city,Ciudad de destino *
delivery_standards.destination_classification,Clasificación Destino
delivery_standards.e_g_24,"p. ej., 24"
delivery_standards.e_g_85,"p. ej., 85"
delivery_standards.edit_standard,Editar Norma
delivery_standards.estimated_combinations,Combinaciones estimadas:
delivery_standards.expected_days,Días Esperados
delivery_standards.generate_combinations,Generar Combinaciones
delivery_standards.generate_delivery_standards,Generar Estándares de Entrega
delivery_standards.generation_complete,Generación Completa
delivery_standards.hours,Horas
delivery_standards.jk,J+K
delivery_standards.loading_standards,Cargando normas de entrega...
delivery_standards.no_products_for_this_carrier,No hay productos para este transportista
delivery_standards.origin,Origen
delivery_standards.origin_city,Ciudad de Origen *
delivery_standards.origin_classification,Clasificación Origen
delivery_standards.pending_only,Solo Pendientes
delivery_standards.product,Producto *
delivery_standards.promise,Compromiso
delivery_standards.relative,Relativo
delivery_standards.select_carrier,Seleccionar transportista
delivery_standards.select_destination,Seleccionar destino
delivery_standards.select_origin,Seleccionar origen
delivery_standards.select_product,Seleccionar producto
delivery_standards.smart_generation,Generación Inteligente:
delivery_standards.standard_time,Tiempo Estándar
delivery_standards.std_percent,Std %
delivery_standards.success,% de Éxito
delivery_standards.success_percentage,% de Éxito
delivery_standards.threshold_type,Tipo de Umbral
delivery_standards.time_unit,Unidad de Tiempo *
delivery_standards.title,Normas de Entrega
delivery_standards.tolerance_days,Días de Tolerancia
delivery_standards.unit,Unidad
delivery_standards.updated,Norma de entrega actualizada exitosamente
delivery_standards.warning_percent,Advertencia %
delivery_standards.warning_threshold,Umbral de Advertencia
deliverystandards.about_delivery_standards,Acerca de los Estándares de Entrega
deliverystandards.absoluto,Absoluto:
deliverystandards.absoluto_del_100,Absoluto (% del 100%)
deliverystandards.all_carriers,Todos los Transportistas
deliverystandards.all_cities,Todas las Ciudades
deliverystandards.all_products,Todos los productos
deliverystandards.all_types,Todos los tipos
deliverystandards.carrier,Transportista
deliverystandards.carrier_s_product_service_type_e_g_express_standar,"Tipo de producto/servicio del transportista (p. ej., Exprés, Estándar, Económico)"
deliverystandards.city_where_the_package_is_delivered_destination_ci,Ciudad donde se entrega el paquete (ciudad de destino)
deliverystandards.city_where_the_package_is_picked_up_origin_city,Ciudad donde se recoge el paquete (ciudad de origen)
deliverystandards.configured,Configurado
deliverystandards.create_delivery_standard,Crear estándar de entrega
deliverystandards.critical,% crítico
deliverystandards.critical_threshold,Umbral crítico (%)
deliverystandards.days,Días
deliverystandards.delivery_standards,Estándares de entrega
deliverystandards.destination,Destino
deliverystandards.destination_city,Ciudad de destino
deliverystandards.destination_type,Tipo de destino
deliverystandards.e_g_10,"p. ej., 10"
deliverystandards.e_g_20,"p. ej., 20"
deliverystandards.e_g_24,"p. ej., 24"
deliverystandards.e_g_85,"p. ej., 85"
deliverystandards.edit_delivery_standard,Editar estándar de entrega
deliverystandards.edit_or_delete_this_delivery_standard,Editar o eliminar este estándar de entrega
deliverystandards.ejemplo_success_95_warning_10_l_mite_90_100_10,"Ejemplo: Éxito=95%, Advertencia=10% → Límite=90% (100% - 10%)"
deliverystandards.ejemplo_success_95_warning_5_l_mite_90_25_95_95_5,"Ejemplo: Éxito=95%, Advertencia=5% → Límite=90,25% (95% - 95%×5%)"
deliverystandards.filters,Filtros
deliverystandards.hours,Horas
deliverystandards.j_k,J+K:
deliverystandards.key_metrics,Métricas clave:
deliverystandards.loading_delivery_standards,Cargando estándares de entrega...
deliverystandards.logistics_carrier_responsible_for_delivery_e_g_dhl,"Transportista logístico responsable de la entrega (p. ej., DHL, FedEx)"
deliverystandards.los_thresholds_se_calculan_como_del_100,Los umbrales se calculan como % del 100%.
deliverystandards.los_thresholds_se_calculan_como_del_success,Los umbrales se calculan como % del % de Éxito.
deliverystandards.manage_delivery_time_standards_between_cities_for_,Gestionar estándares de tiempo de entrega entre ciudades para cada transportista y producto
deliverystandards.no_delivery_standards_found_generate_combinations_,No se encontraron estándares de entrega. Genere combinaciones para comenzar.
deliverystandards.origin,Origen
deliverystandards.origin_city,Ciudad de origen
deliverystandards.origin_type,Tipo de origen
deliverystandards.pending,Pendiente
deliverystandards.pending_only,Solo pendientes
deliverystandards.product,Producto
deliverystandards.purpose,Propósito:
deliverystandards.relativo,Relativo:
deliverystandards.relativo_del_success,Relativo (% del % de Éxito)
deliverystandards.reset_all_filters,Restablecer todos los filtros
deliverystandards.selected,Seleccionado
deliverystandards.standard_delivery_time_e_g_j_2_means_2_days_from_p,"Tiempo de entrega estándar (p. ej., J+2 significa 2 días desde la recogida)"
deliverystandards.standard_time,Tiempo estándar
deliverystandards.std,% Estándar:
deliverystandards.success,% de Éxito
deliverystandards.target_percentage_of_deliveries_meeting_the_j_k_st,Porcentaje objetivo de entregas que cumplen con el estándar J+K
deliverystandards.threshold_calculation_type_relative_percentage_bas,Tipo de cálculo del umbral: Relativo (basado en porcentaje) o Absoluto (valor fijo)
deliverystandards.threshold_type,Tipo de umbral
deliverystandards.thresholds,Umbrales:
deliverystandards.time_unit,Unidad de tiempo
deliverystandards.time_unit_for_the_j_k_value_hours_or_days,Unidad de tiempo para el valor J+K (horas o días)
deliverystandards.tipo_de_c_lculo_de_thresholds,Tipo de cálculo de umbrales:
deliverystandards.total_standards,Estándares totales
deliverystandards.type,Tipo
deliverystandards.type_a,Tipo A
deliverystandards.type_b,Tipo B
deliverystandards.type_c,Tipo C
deliverystandards.unit,Unidad
deliverystandards.usage,Uso:
deliverystandards.warning,Advertencia %
deliverystandards.warning_and_critical_deviation_levels_for_performa,Niveles de desviación de advertencia y crítica para el monitoreo del rendimiento
deliverystandards.warning_threshold,Umbral de advertencia (%)
diagnosis.consolidation.actions.create_reader,Crear Lector
diagnosis.consolidation.actions.mark_resolved,Marcar como Resuelto
diagnosis.consolidation.actions.reprocess,Reprocesar
diagnosis.consolidation.actions.view_history,Ver Historial
diagnosis.consolidation.columns.description,Descripción
diagnosis.consolidation.columns.detected_at,Detectado
diagnosis.consolidation.columns.incident_type,Tipo
diagnosis.consolidation.columns.postal_center,Centro Postal
diagnosis.consolidation.columns.status,Estado
diagnosis.consolidation.columns.tag_id,ID Etiqueta
diagnosis.consolidation.description,Procesa eventos RFID sin procesar y detecta anomalías en el sistema
diagnosis.consolidation.details.affected_events,Eventos Afectados
diagnosis.consolidation.details.created_at,Creado el
diagnosis.consolidation.details.detected_at,Detectado el
diagnosis.consolidation.details.event_id,ID de Evento
diagnosis.consolidation.details.event_of,Evento {current} de {total}
diagnosis.consolidation.details.incident_summary,Resumen de la Incidencia
diagnosis.consolidation.details.internal_id,ID Interno
diagnosis.consolidation.details.is_processed,Procesado
diagnosis.consolidation.details.no,No
diagnosis.consolidation.details.no_raw_events,No hay eventos sin procesar disponibles
diagnosis.consolidation.details.quick_actions,Acciones Rápidas
diagnosis.consolidation.details.raw_events,Eventos EPCIS Sin Procesar
diagnosis.consolidation.details.read_datetime,Fecha/Hora de Lectura
diagnosis.consolidation.details.reader_code,Código del Lector
diagnosis.consolidation.details.reader_id,ID del Lector
diagnosis.consolidation.details.severity,Gravedad
diagnosis.consolidation.details.tag_id_epc,ID de Etiqueta (EPC)
diagnosis.consolidation.details.yes,Sí
diagnosis.consolidation.error,Error en consolidación: {message}
diagnosis.consolidation.error_no_session,"Sesión no válida. Por favor, inicie sesión nuevamente."
diagnosis.consolidation.incident_resolved,Incidencia marcada como resuelta exitosamente
diagnosis.consolidation.incident_types.data_quality,Calidad de Datos
diagnosis.consolidation.incident_types.missing_exit,Salida Faltante
diagnosis.consolidation.incident_types.unknown_reader,Lector Desconocido
diagnosis.consolidation.incidents_table_title,Incidencias Detectadas
diagnosis.consolidation.last_consolidation,Última Consolidación
diagnosis.consolidation.never,Nunca
diagnosis.consolidation.no_incidents,No se han detectado incidencias
diagnosis.consolidation.pending_events,Eventos Pendientes
diagnosis.consolidation.run_button,Ejecutar Consolidación
diagnosis.consolidation.status.pending,Pendiente
diagnosis.consolidation.status.resolved,Resuelto
diagnosis.consolidation.success,Consolidación completada: {processed} eventos procesados - {incidents} incidencias detectadas
diagnosis.consolidation.title,Consolidación de Eventos
diagnosis.consolidation.total_incidents,Incidencias Totales
key,translation
layout.all_accounts,Todas las cuentas
layout.sign_out,Cerrar sesión
layout.view_as_account,Ver como cuenta:
load_balancing.about_text,Equilibrar la asignación de panelistas entre nodos para optimizar la distribución de carga de trabajo
load_balancing.apply_balance,Aplicar Equilibrio
load_balancing.applying,Aplicando equilibrio...
load_balancing.calculating,Calculando equilibrio...
load_balancing.confirm_apply,¿Aplicar estos cambios a las asignaciones de panelistas?
load_balancing.current_distribution,Distribución Actual
load_balancing.current_load,Carga Actual
load_balancing.current_panelists,Panelistas Actuales
load_balancing.description,Descripción
load_balancing.difference,Diferencia
load_balancing.loading,Cargando datos de equilibrio...
load_balancing.node,Nodo
load_balancing.preview_changes,Vista Previa de Cambios
load_balancing.rebalance,Reequilibrar
load_balancing.reset_preview,Reiniciar Vista Previa
load_balancing.success,Equilibrio aplicado exitosamente
load_balancing.target_load,Carga Objetivo
load_balancing.target_panelists,Panelistas Objetivo
load_balancing.title,Equilibrio de Carga de Nodos
material.add_material,Agregar un material
material_catalog.additional_details,Detalles adicionales...
material_catalog.code,Código *
material_catalog.description,Descripción
material_catalog.mat_001,MAT-001
material_catalog.minimum_stock_safety_stock,Stock mínimo (Stock de seguridad)
material_catalog.name,Nombre *
material_catalog.promise,Promesa
material_catalog.rfid_tag,Etiqueta RFID
material_catalog.title,Catálogo de Materiales
material_catalog.unit_measure,Unidad de medida
material_catalog.units_kg_etc,"unidades, kg, etc."
material_requirements.about,Acerca de los Requisitos de Material
material_requirements.about_description,Calcular necesidades de material basadas en planes de asignación
material_requirements.all_materials,Todos los Materiales
material_requirements.all_nodes,Todos los Nodos
material_requirements.assigned,Asignado
material_requirements.calculate,Calcular Requisitos
material_requirements.calculating,Calculando...
material_requirements.calculation_period,Período de Cálculo
material_requirements.carrier,Transportista
material_requirements.city,Ciudad
material_requirements.clear_filters,Limpiar Filtros
material_requirements.description,Descripción
material_requirements.end_date,Fecha Final
material_requirements.export_csv,Exportar CSV
material_requirements.filters,Filtros
material_requirements.items_needed,artículos necesarios
material_requirements.loading,Cargando requisitos de material...
material_requirements.material_code,Código de Material
material_requirements.material_name,Nombre del Material
material_requirements.node,Nodo
material_requirements.panelist,Panelista
material_requirements.panelist_distribution,Distribución de Panelistas
material_requirements.panelist_requirements,Requisitos de los panelistas
material_requirements.panelists_needing,Panelistas que Necesitan
material_requirements.pending,Pendiente
material_requirements.plans,Planes
material_requirements.please_select_dates,Por favor seleccione fechas
material_requirements.product,Producto
material_requirements.purchase_orders,Órdenes de Compra
material_requirements.purchase_requirements,Requisitos de compra
material_requirements.quantity,Cantidad
material_requirements.quantity_needed,Cantidad Necesaria
material_requirements.quick_period_selection,Selección rápida de período
material_requirements.region,Región
material_requirements.shipments,Envíos
material_requirements.start_date,Fecha Inicial
material_requirements.status,Estado
material_requirements.title,Requisitos de Material
material_requirements.to_send,a enviar
material_requirements.total_materials,Materiales Totales
material_requirements.total_requirements,Requisitos Totales
material_requirements.unit,Unidad
materialcatalog.code,Código
materialcatalog.description,Descripción
materialcatalog.loading,Cargando...
materialcatalog.manage_reusable_materials_for_all_products,Gestionar materiales reutilizables para todos los productos
materialcatalog.material_catalog,Catálogo de Materiales
materialcatalog.min_stock,Stock Mínimo
materialcatalog.name,Nombre
materialcatalog.no_materials_in_catalog_create_your_first_material,No hay materiales en el catálogo. Crea tu primer material para comenzar.
materialcatalog.promise,Compromiso
materialcatalog.unit,Unidad
materialrequirements.all_materials,Todos los Materiales
materialrequirements.all_nodes,Todos los Nodos
materialrequirements.calculate_material_needs_based_on_allocation_plans,Calcular necesidades de material basadas en planes de asignación
materialrequirements.end_date,Fecha de Fin
materialrequirements.error_calculating_requirements,Error al calcular los requerimientos
materialrequirements.export_to_csv,Exportar a CSV
materialrequirements.filters,Filtros
materialrequirements.material,Material
materialrequirements.material_code,Código de Material
materialrequirements.material_name,Nombre del Material
materialrequirements.material_requirements,Requerimientos de Material
materialrequirements.node,Nodo
materialrequirements.panelist_requirements,Requisitos para panelistas
materialrequirements.panelists_needing,Panelistas necesarios
materialrequirements.plans,Planes
materialrequirements.purchase_requirements,Requisitos de compra
materialrequirements.quantity,Cantidad
materialrequirements.quantity_needed,Cantidad necesaria
materialrequirements.quick_period_selection,Selección rápida de período
materialrequirements.reset_all_filters,Restablecer todos los filtros
materialrequirements.shipments,Envíos
materialrequirements.start_date,Fecha de inicio
materialrequirements.total_materials,Materiales totales
materialrequirements.unit,Unidad
materialrequirements.year,Año
materials.all_materials,Todos los materiales
materials.all_nodes,Todos los nodos
materials.calculate,Calcular
materials.calculate_description,Calcular necesidades de materiales basadas en los planes de asignación
materials.date_placeholder,dd/mm/aaaa
materials.end_date,Fecha de fin
materials.first_semester,1er Semestre
materials.material,Material
materials.month_apr,Abr
materials.month_aug,Ago
materials.month_dec,Dic
materials.month_feb,Feb
materials.month_jan,Ene
materials.month_jul,Jul
materials.month_jun,Jun
materials.month_mar,Mar
materials.month_may,May
materials.month_nov,Nov
materials.month_oct,Oct
materials.month_sep,Sep
materials.no_materials_selected,No hay materiales seleccionados
materials.node,Nodo
materials.quick_period_selection,Selección rápida de período
materials.requirements_title,Necesidades de materiales
materials.search_materials,Buscar materiales
materials.second_semester,2º Semestre
materials.select_materials,Seleccionar materiales
materials.selected_materials,Materiales seleccionados
materials.start_date,Fecha de inicio
materials.year,Año
menu.account_configuration,Configuración de Cuenta
menu.account_configuration.tooltip,Configurar ajustes a nivel de cuenta para diagnósticos
menu.accounts,Cuentas
menu.accounts.tooltip,Gestionar todas las cuentas en el sistema
menu.administration,Administración
menu.all_users,Todos los usuarios
menu.all_users.tooltip,Ver y administrar todos los usuarios en las cuentas
menu.allocation_generator,Generador de Asignaciones
menu.allocation_generator.tooltip,Crear planes de asignación automáticamente según los requisitos
menu.allocation_management,Gestión de Asignaciones
menu.allocation_plans,Planes de Asignación
menu.allocation_plans.tooltip,Gestionar todas las asignaciones de envíos
menu.carriers,Operadores y productos
menu.carriers.tooltip,Gestionar operadores y su catálogo de productos
menu.dashboard,Panel de control
menu.dashboard.tooltip,Resumen de métricas operativas y alertas críticas
menu.databases_section,BASES DE DATOS
menu.databases_section.tooltip,Gestión de bases de datos y acceso API
menu.delivery_standards,Estándares de Entrega
menu.delivery_standards.tooltip,Definir tiempos de entrega esperados y tasas de éxito por transportista y producto
menu.demo_reset,Restablecer demostración
menu.demo_reset.tooltip,Restablecer datos de la cuenta de demostración
menu.e2e_db,E2E DB
menu.event_consolidation.tooltip,Procesar eventos RFID sin procesar y detectar anomalías
menu.extract_e2e_db_api,Extract E2E DB API
menu.extract_e2e_db_api.tooltip,Extraer datos E2E vía REST API
menu.load_balancing,Balanceo de Carga
menu.load_balancing.tooltip,Visualizar y reequilibrar la distribución de envíos entre nodos
menu.material_catalog,Catálogo de Materiales
menu.material_catalog.tooltip,Catálogo maestro de todos los materiales
menu.material_requirements,Requisitos de Material
menu.material_requirements.tooltip,Calcular necesidades de material según planes de asignación
menu.materials_management,Gestión de Materiales
menu.onedb_api,API de ONE DB
menu.onedb_api.tooltip,Accede a ONE DB a través de API REST
menu.onedb_generator,Generador ONEDB
menu.onedb_generator.tooltip,Generar registros de recepción para planes de asignación
menu.overview,Resumen
menu.panelists,Panelistas
menu.panelists.tooltip,Registrar y gestionar la disponibilidad de panelistas
menu.postal_centers,Centros Postales
menu.postal_centers.tooltip,Configurar centros postales y lectores RFID
menu.processed_events,Eventos RFID Consolidados
menu.processed_events.tooltip,Visualizar y analizar eventos RFID procesados
menu.reporting,Reportes
menu.reporting_compliance,Cumplimiento
menu.reporting_compliance.tooltip,Monitorear el cumplimiento de los estándares de entrega
menu.reporting_dashboard,Panel de Control
menu.reporting_dashboard.tooltip,Resumen de indicadores clave de desempeño
menu.reporting_e2e,E2E
menu.reporting_e2e.tooltip,Análisis de extremo a extremo y métricas de rendimiento
menu.reporting_equity,Equidad territorial
menu.reporting_equity.tooltip,Analizar la equidad en la distribución de envíos
menu.reporting_jk,Desempeño J+K
menu.reporting_jk.tooltip,Analizar el desempeño frente a los estándares de entrega
menu.reporting_onedb.tooltip,Registro completo de todos los envíos recibidos
menu.rfid_events_consolidation,Consolidación de Eventos RFID
menu.rfid_events_db,RFID Events DB
menu.rfid_events_db.tooltip,Base de datos de eventos RFID procesados con eventos consolidados
menu.setup,Configuración
menu.setup_diagnosis,Red de Diagnóstico
menu.setup_diagnosis.tooltip,Configurar ajustes de diagnóstico de red postal
menu.setup_e2e,Red E2E
menu.setup_e2e.tooltip,Configurar ajustes de red de monitoreo E2E
menu.slas_configuration,Sites SLA
menu.slas_configuration.tooltip,Configurar Sites SLA
menu.stock_management,Gestión de Inventario
menu.stock_management.tooltip,Monitorear niveles de inventario y alertas
menu.superadmin,Superadministrador
menu.topology,Topología por país
menu.topology.tooltip,Definir la estructura geográfica con países
menu.translations,Traducciones
menu.translations.tooltip,Administrar traducciones de la aplicación
menu.users,Usuarios
menu.users.tooltip,Gestionar cuentas de usuario y permisos
months.apr,Abr
months.aug,Ago
months.dec,Dic
months.feb,Feb
months.jan,Ene
months.jul,Jul
months.jun,Jun
months.mar,Mar
months.may,Mayo
months.nov,Nov
months.oct,Oct
months.sep,Sep
nodeLoadBalancing.after,Después
nodeLoadBalancing.applyBalance,Aplicar balance
nodeLoadBalancing.balancePreview,Vista previa del balance
nodeLoadBalancing.before,Antes
nodeLoadBalancing.cancel,Cancelar
nodeLoadBalancing.highLoadNodes,Nodos con carga alta
nodeLoadBalancing.highLoadNodesDesc,Nodos con 120-150% de carga media
nodeLoadBalancing.loadDistributionMatrix,Matriz de distribución de carga
nodeLoadBalancing.loadLevel,Nivel de carga
nodeLoadBalancing.loading,Cargando...
nodeLoadBalancing.matrixView,Vista matricial
nodeLoadBalancing.saturatedNodes,Nodos saturados
nodeLoadBalancing.saturatedNodesDesc,Nodos por encima del 150% de carga media
nodeLoadBalancing.stdDevAfter,Desviación estándar después
nodeLoadBalancing.stdDevBefore,Desviación estándar antes
nodeLoadBalancing.totalShipments,Total de envíos
nodeLoadBalancing.totalShipmentsDesc,Todas las expediciones del período
node_load_balancing.acceptable_deviation_tooltip,Desviación aceptable de la referencia
node_load_balancing.deviation_tolerance,Tolerancia de Desviación (%)
node_load_balancing.deviation_tolerance_label,Tolerancia de Desviación
node_load_balancing.expected_average_tooltip,Promedio esperado de muestras por nodo
node_load_balancing.no_data_message,No hay datos disponibles para el período seleccionado. Intente seleccionar un mes diferente.
node_load_balancing.quick_selection,Selección Rápida
node_load_balancing.reference_load,Carga de Referencia
node_load_balancing.reference_samples_node,Muestras de Referencia/Nodo
node_load_balancing.subtitle,Optimizar la distribución de envíos entre nodos y semanas
node_load_balancing.title,Balanceo de Carga de Nodos
nodeloadbalancing.acceptable_deviation_from_reference,Desviación aceptable respecto a la referencia
nodeloadbalancing.actualiza_fecha_programada_y_node_id_en_allocation,Actualiza fecha_programada y node_id en allocation_plan_details
nodeloadbalancing.additional_nodes_required,Nodos adicionales requeridos
nodeloadbalancing.after,Después de
nodeloadbalancing.all_shipments_in_period,Todos los envíos en el período
nodeloadbalancing.avg_node,Promedio por nodo:
nodeloadbalancing.balance_not_needed,Saldo no necesario
nodeloadbalancing.before,Antes
nodeloadbalancing.c_lculo_del_objetivo,Cálculo del objetivo:
nodeloadbalancing.calculating_balance_preview,Calculando vista previa del balance...
nodeloadbalancing.clasificaci_n,Clasificación:
nodeloadbalancing.con_ref_63_y_20_normal_lt_75_6_high_75_6_saturated,"Con Ref=63 y %=20, Normal < 75.6, Alto ≥ 75.6, Saturado ≥ 81.9"
nodeloadbalancing.concepto,Concepto:
nodeloadbalancing.critical,Crítico:
nodeloadbalancing.deviation_tolerance,Tolerancia de desviación (%)
nodeloadbalancing.ejemplo,Ejemplo:
nodeloadbalancing.ejemplo_305_shipments_1_nodo_5_semanas_61_por_celd,Ejemplo: 305 envíos / (1 nodo × 5 semanas) = 61 por celda
nodeloadbalancing.end_date,Fecha de finalización
nodeloadbalancing.even_after_optimal_balancing_the_average_load_per_,"Incluso después del balance óptimo, la carga promedio por nodo ("
nodeloadbalancing.expected_average_samples_per_node,Muestras promedio esperadas por nodo
nodeloadbalancing.filters,Filtros
nodeloadbalancing.high_load,Carga alta:
nodeloadbalancing.high_load_nodes,Nodos con carga alta
nodeloadbalancing.how_it_works,Cómo funciona:
nodeloadbalancing.identifica_celdas_sobrecargadas_gt_objetivo_1_2,Identifica celdas sobrecargadas (> objetivo × 1.2)
nodeloadbalancing.identifica_celdas_subcargadas_lt_objetivo_0_9,Identifica celdas subcargadas (< objetivo × 0.9)
nodeloadbalancing.improvement,Mejora
nodeloadbalancing.load_distribution_matrix,Matriz de Distribución de Carga
nodeloadbalancing.load_level,Nivel de Carga:
nodeloadbalancing.loading_node_load_data,Cargando datos de carga del nodo...
nodeloadbalancing.matrix_balancing_algorithm,Algoritmo de Balanceo de Matriz
nodeloadbalancing.matrix_data_not_available,Datos de la matriz no disponibles
nodeloadbalancing.minimiza_la_desviaci_n_est_ndar_de_toda_la_matriz,Minimiza la desviación estándar de toda la matriz
nodeloadbalancing.monthly_avg,Promedio Mensual
nodeloadbalancing.movements,Movimientos
nodeloadbalancing.mueve_shipments_de_celdas_sobrecargadas_a_subcarga,Mueve envíos de celdas sobrecargadas a subcargadas
nodeloadbalancing.no_action_required_all_cells_are_within_acceptable,No se requiere acción. Todas las celdas están dentro del rango aceptable.
nodeloadbalancing.no_data_available_for_the_selected_period_try_sele,No hay datos disponibles para el período seleccionado. Intente seleccionar un mes diferente.
nodeloadbalancing.node,Nodo
nodeloadbalancing.node_load_balancing,Balanceo de Carga de Nodos
nodeloadbalancing.nodes_at_120_150_avg_load,Nodos con carga promedio entre 120-150%
nodeloadbalancing.nodes_over_150_avg_load,Nodos con carga promedio superior al 150%
nodeloadbalancing.normal,Normal:
nodeloadbalancing.optimal,Óptimo:
nodeloadbalancing.optimize_shipment_distribution_across_nodes_and_we,Optimizar la distribución de envíos entre nodos y semanas
nodeloadbalancing.porcentaje_de_desviaci_n_aceptable_respecto_al_val,Porcentaje de desviación aceptable respecto al valor de referencia.
nodeloadbalancing.preventive,Preventivo:
nodeloadbalancing.proceso,Proceso:
nodeloadbalancing.promedio_objetivo_total_shipments_nodos_semanas,Promedio objetivo = Total de envíos / (Nodos × Semanas)
nodeloadbalancing.purpose,Propósito:
nodeloadbalancing.quick_selection,Selección rápida
nodeloadbalancing.reference_load,Carga de referencia
nodeloadbalancing.reference_samples_node,Muestras de referencia por nodo
nodeloadbalancing.resultado,Resultado:
nodeloadbalancing.saturated,Saturado:
nodeloadbalancing.saturated_nodes,Nodos saturados
nodeloadbalancing.si_esperas_63_samples_por_nodo_este_ser_tu_valor_d,"Si esperas 63 muestras por nodo, este será tu valor de referencia."
nodeloadbalancing.start_date,Fecha de inicio
nodeloadbalancing.std_dev_after,Desviación estándar después
nodeloadbalancing.std_dev_before,Desviación estándar antes
nodeloadbalancing.summary,Resumen
nodeloadbalancing.total,Total:
nodeloadbalancing.total_shipments,Total de envíos
nodeloadbalancing.urgent,Urgente:
nodeloadbalancing.usage,Uso:
nodeloadbalancing.use_the_auto_balance_button_below_to_redistribute_,"Usa el botón ""Autoequilibrar"" abajo para redistribuir la carga automáticamente."
nodeloadbalancing.warning,Advertencia:
nodeloadbalancing.year,Año
one_db.title,ONE DB
onedb.all_carriers,Todos los transportistas
onedb.all_cities,Todas las ciudades
onedb.all_products,Todos los productos
onedb.all_records,Todos los registros
onedb.all_shipment_records,Todos los registros de envíos
onedb.avg_transit_days,Días promedio de tránsito
onedb.business_days,Días hábiles
onedb.business_days_average,Promedio de días hábiles
onedb.carrier,Transportista
onedb.delayed,Retrasado
onedb.destination,Destino:
onedb.destination_city,Ciudad de destino
onedb.exceeded_standard,Excedió el estándar
onedb.export_csv,Exportar CSV
onedb.filters,Filtros
onedb.from_date,Fecha desde
onedb.loading_records,Cargando registros...
onedb.met_delivery_standard,Cumplió con el estándar de entrega
onedb.no_records_to_display,No hay registros para mostrar
onedb.on_time,A tiempo
onedb.on_time_delivery,Entrega a tiempo
onedb.one_db,UNA BD
onedb.origin,Origen:
onedb.origin_city,Ciudad de origen
onedb.plan,Plan
onedb.product,Producto
onedb.received,Recibido
onedb.reset_filters,Restablecer filtros
onedb.route,Ruta
onedb.search,Buscar
onedb.sent,Enviado
onedb.showing_records,Mostrando {{filtered}} de {{total}} registros en total
onedb.tag_id,ID de etiqueta
onedb.tag_id_or_plan,ID de etiqueta o plan...
onedb.title,ONE DB
onedb.to_date,Hasta la fecha
onedb.total_records,Total de registros
onedb.transit_days,Días en tránsito
onedb.validated_postal_quality_analytics_repository,Repositorio validado de análisis de calidad postal
onedb_api.api_key_label,Tu clave API
onedb_api.api_tester_title,Probador de API
onedb_api.auth_note,"Nota: El header Authorization usa la clave anon de Supabase (proporcionada por el sistema), mientras que X-API-Key contiene tu clave API personal."
onedb_api.authentication_description,Todas las solicitudes de API deben incluir su clave API en el encabezado Authorization usando autenticación Bearer.
onedb_api.authentication_title,Autenticación
onedb_api.base_url,URL base
onedb_api.calls_last_hour,Llamadas en la última hora
onedb_api.confirm_regenerate,¿Está seguro de que desea regenerar su clave API? La clave antigua se desactivará inmediatamente.
onedb_api.copied,¡Copiado!
onedb_api.copy,Copiar
onedb_api.created_at,Creado
onedb_api.credentials_section,Credenciales API
onedb_api.description,"API REST para consultar y extraer datos de ONE DB. Acceso de solo lectura con filtrado por fechas y paginación. Limitado a 10,000 registros por solicitud y 10 solicitudes por minuto."
onedb_api.end_date,Fecha de fin
onedb_api.end_date_desc,Fecha de fin para filtrar registros (formato: YYYY-MM-DD)
onedb_api.endpoint_description,Recuperar registros de ONE DB filtrados por rango de fechas
onedb_api.endpoint_section,Endpoint de la API
onedb_api.endpoints_title,Endpoints disponibles
onedb_api.error_codes_title,Códigos de estado HTTP
onedb_api.examples_title,Ejemplos de solicitud
onedb_api.generate_key,Generar clave API
onedb_api.generate_key_first,"Por favor, genere una clave API primero para usar el probador."
onedb_api.generating,Generando...
onedb_api.last_call,Última llamada API
onedb_api.limit,Límite
onedb_api.limit_10_per_minute,Límite: 10 por minuto
onedb_api.limit_desc,Número máximo de registros a devolver (por defecto: 100)
onedb_api.loading_stats,Cargando estadísticas...
onedb_api.max_records_note,"Nota: La API retorna un máximo de 10,000 registros en total. Usa rangos de fechas más específicos si necesitas acceder a más datos."
onedb_api.never,Nunca
onedb_api.no,No
onedb_api.no_api_key,Genera una para comenzar a usar la API.
onedb_api.offset,Desplazamiento
onedb_api.offset_desc,Número de registros a omitir para paginación (por defecto: 0)
onedb_api.parameter,Parámetro
onedb_api.query_parameters,Parámetros de consulta
onedb_api.rate_limit_info,Límite de tasa: 10 solicitudes por minuto
onedb_api.rate_limiting_description,Para garantizar un uso justo y la estabilidad del sistema
onedb_api.rate_limiting_title,Limitación de tasa
onedb_api.regenerate_key,Regenerar clave API
onedb_api.required,Requerido
onedb_api.response,Respuesta
onedb_api.response_format,Formato de respuesta
onedb_api.security_warning_text,No la compartas públicamente ni la subas a control de versiones. Cualquiera con esta clave puede acceder a tus datos de ONE DB.
onedb_api.security_warning_title,Advertencia de seguridad
onedb_api.start_date,Fecha de inicio
onedb_api.start_date_desc,Fecha de inicio para filtrar registros (formato: YYYY-MM-DD)
onedb_api.status_200,Éxito - Solicitud completada con éxito
onedb_api.status_400,Solicitud incorrecta - Parámetros o formato de fecha inválidos
onedb_api.status_401,No autorizado - Clave API inválida o ausente
onedb_api.status_429,Demasiadas solicitudes - Límite de tasa excedido
onedb_api.status_500,Error interno del servidor - Algo salió mal en nuestro lado
onedb_api.status_code,Código de estado
onedb_api.tab_documentation,Documentación
onedb_api.tab_overview,Resumen
onedb_api.tab_testing,Pruebas
onedb_api.tab_usage,Uso
onedb_api.test_api,Probar solicitud API
onedb_api.testing,Probando...
onedb_api.title,GET API - ONE DB
onedb_api.total_calls_month,Total de llamadas este mes
onedb_api.type,Tipo
onedb_api.usage_statistics,Estadísticas de uso
onedb_api.yes,Sí
panelists.activate,Activar
panelists.active_lowercase,activo
panelists.add_panelist,Agregar Panelista
panelists.add_unavailability,Agregar un período de indisponibilidad
panelists.address_line_1,Línea de dirección 1
panelists.address_line_2,Línea de dirección 2
panelists.all_cities,Todas las ciudades
panelists.all_in_system,Total en el sistema
panelists.all_nodes,Todos los nodos
panelists.all_panelists,Todos los panelistas
panelists.all_panelists_in_system,Todos los panelistas en el sistema
panelists.all_periods,Todos los períodos
panelists.all_reasons,Todas las razones
panelists.all_status,Todos los estados
panelists.allocation_plan_city,Ciudad del Plan de Asignación
panelists.apartment_suite_etc_optional,"Apartamento, suite, etc. (opcional)"
panelists.available_for_deliveries,Disponible para entregas
panelists.bulk_actions,Acciones Masivas
panelists.choose_an_action_to_apply_to_all_selected_items,Elija una acción para aplicar a todos los elementos seleccionados
panelists.city,Ciudad
panelists.city_address,Ciudad de la Dirección
panelists.clear_selection_btn,Limpiar Selección
panelists.code,Código
panelists.code_name_email,"Código, nombre, correo electrónico..."
panelists.country,País
panelists.current_active,Actual (Activo ahora)
panelists.date_range,Rango de fechas
panelists.deactivate,Desactivar
panelists.deactivate_tooltip,Desactivar el panelista
panelists.delete_panelist,Eliminar panelista
panelists.delete_tooltip,Eliminar el panelista
panelists.duration,Duración
panelists.edit_panelist,Editar panelista
panelists.edit_tooltip,Modificar el panelista
panelists.email,Correo electrónico
panelists.end_date,Fecha de fin
panelists.filters,Filtros
panelists.leave_empty_to_auto_generate,Dejar vacío para generar automáticamente
panelists.loading,Cargando...
panelists.loading_panelists,Cargando panelistas...
panelists.manage_availability,Gestionar disponibilidad de panelistas
panelists.manage_panelist_profiles_and_assignments,Gestionar perfiles y asignaciones de panelistas
panelists.manage_panelists_and_their_availability_for_delive,Gestionar panelistas y su disponibilidad para entregas
panelists.manage_profiles,Gestionar perfiles y asignaciones de panelistas
panelists.manage_unavailability,Gestionar los períodos de indisponibilidad de los panelistas para la reasignación automática de muestras
panelists.management,Gestión de Panelistas
panelists.mobile,Móvil
panelists.name,Nombre
panelists.no_panelists,No se encontraron panelistas
panelists.no_panelists_found,No se encontraron panelistas
panelists.node,Nodo
panelists.not_available,No disponible
panelists.notes,Notas
panelists.one_day,1 día
panelists.panelist_code,Código de panelista
panelists.panelist_details,Detalles del Panelista
panelists.panelists,Panelistas
panelists.panelists_management,Gestión de panelistas
panelists.panelists_tab,Panelistas
panelists.past,Pasado
panelists.personal,Personal
panelists.postal_code,Código postal
panelists.reason,Razón
panelists.reset_all_filters,Restablecer todos los filtros
panelists.search_placeholder,"Buscar por código, nombre, email..."
panelists.search_unavailability_placeholder,Nombre del panelista
panelists.select_a_node,Seleccionar un nodo
panelists.selected_count,{count} seleccionado(s)
panelists.sick_leave,Baja por enfermedad
panelists.start_date,Fecha de inicio
panelists.status,Estado
panelists.street_address,Dirección
panelists.tab_panelists,Panelistas
panelists.tab_unavailability,Períodos de indisponibilidad
panelists.telegram_id,ID de Telegram
panelists.total_panelists,Total de panelistas
panelists.training,Capacitación
panelists.unavailability_periods,Períodos de indisponibilidad
panelists.unavailability_tab,Indisponibilidad
panelists.upcoming,Próximo
panelists.username_or_numeric_id,@usuario o ID numérico
panelists.vacation,vacaciones
panelistunavailability.tsx.additional_information_about_this_unavailability_p,Información adicional sobre este período de indisponibilidad...
panelistunavailability.tsx.all_panelists,Todos los panelistas
panelistunavailability.tsx.all_periods,Todos los períodos
panelistunavailability.tsx.all_reasons,Todas las razones
panelistunavailability.tsx.all_status,Todos los estados
panelistunavailability.tsx.cancel_periods,Cancelar períodos
panelistunavailability.tsx.cancelled,Cancelado
panelistunavailability.tsx.clear_selection,Borrar selección
panelistunavailability.tsx.current_active_now,Actual (Activo ahora)
panelistunavailability.tsx.date_range,Rango de fechas
panelistunavailability.tsx.duration,Duración
panelistunavailability.tsx.end_date,Fecha de finalización
panelistunavailability.tsx.filters,Filtros
panelistunavailability.tsx.loading,Cargando...
panelistunavailability.tsx.manage_panelist_unavailability_periods_for_automat,Gestionar períodos de indisponibilidad del panelista para la reasignación automática de muestras
panelistunavailability.tsx.notes,Notas
panelistunavailability.tsx.other,Otros
panelistunavailability.tsx.panelist,Panelista
panelistunavailability.tsx.panelist_name_notes,"Nombre del panelista, notas..."
panelistunavailability.tsx.past,Pasado
panelistunavailability.tsx.personal,Personal
panelistunavailability.tsx.reason,Motivo
panelistunavailability.tsx.reset_all_filters,Restablecer todos los filtros
panelistunavailability.tsx.select_a_panelist,Seleccionar un panelista
panelistunavailability.tsx.sick_leave,Baja por enfermedad
panelistunavailability.tsx.start_date,Fecha de inicio
panelistunavailability.tsx.training,Capacitación
panelistunavailability.tsx.unavailability_periods,Períodos de indisponibilidad
panelistunavailability.tsx.upcoming,Próximos
panelistunavailability.tsx.vacation,Vacaciones
postal_centers.active_centers,Centros Activos
postal_centers.basic_info,Información Básica
postal_centers.calculation_mode,Modo de Cálculo
postal_centers.center_holidays,Festivos Específicos del Centro
postal_centers.code,Código
postal_centers.configuration,Configuración
postal_centers.confirm_delete_center,¿Está seguro de que desea eliminar este centro postal? Todos los lectores asociados también serán eliminados.
postal_centers.create_center,Crear Centro Postal
postal_centers.cutoff_time,Hora de Corte
postal_centers.description,Descripción
postal_centers.edit_center,Editar Centro Postal
postal_centers.from_account,De la Cuenta
postal_centers.holiday_reason,Motivo
postal_centers.holidays,Festivos (Días No Laborables)
postal_centers.holidays_inherited_help,Los días no laborables se gestionan a nivel de cuenta y se heredan automáticamente por todos los centros postales
postal_centers.hours,Horas
postal_centers.inherit_from_account,Heredar de la Cuenta
postal_centers.inherited,Heredado
postal_centers.inherited_from_account,Heredado de la Cuenta
postal_centers.inherited_holidays,Heredados de la Cuenta
postal_centers.inheriting_from_account,Heredando de la cuenta
postal_centers.is_active,Activo
postal_centers.minutes,minutos
postal_centers.mixed_reader_gap_help,Intervalo de tiempo para separar eventos de entrada/salida en lectores Mixtos (dejar vacío para heredar de la cuenta)
postal_centers.mixed_reader_gap_minutes,Intervalo de Lector Mixto (minutos)
postal_centers.mode,Modo
postal_centers.name,Nombre
postal_centers.natural_days,Días Naturales
postal_centers.no_account_holidays,No hay festivos definidos a nivel de cuenta
postal_centers.no_center_holidays,No hay festivos específicos del centro definidos
postal_centers.no_centers_found,No se encontraron centros postales
postal_centers.opening_hour,Hora de Apertura
postal_centers.override,Personalizado
postal_centers.postal_center,Centro Postal
postal_centers.search_placeholder,Buscar centros postales o lectores...
postal_centers.specific,Específico
postal_centers.status,Estado
postal_centers.tab_centers,Centros
postal_centers.tab_readers,Lectores
postal_centers.title,Centros Postales
postal_centers.total_centers,Centros Totales
postal_centers.weekly_schedule,Horario Semanal
postal_centers.weekly_schedule_help,Personaliza los horarios de apertura para este centro o hereda de la configuración de cuenta
postal_centers.working_days,Días Laborables
processed_events.active,activos
processed_events.adjusted_time,Tiempo Ajustado
processed_events.all_centers,Todos los Centros
processed_events.all_pairing,Todos los estados
processed_events.all_types,Todos los Tipos
processed_events.analysis_time,Hora de Análisis
processed_events.avg_adjusted,Tiempo Ajustado Prom.
processed_events.avg_raw_count,Promedio Raw Count
processed_events.avg_transit,Tiempo Promedio
processed_events.business_hours_avg,promedio en horario laboral
processed_events.by_type,Por Tipo
processed_events.clear_selection,Limpiar selección
processed_events.consolidated,Consolidado
processed_events.consolidated_events,Eventos consolidados
processed_events.consolidated_status,Estado de Consolidación
processed_events.consolidation_progress,Progreso de consolidación
processed_events.date_from,Fecha Desde
processed_events.date_to,Fecha Hasta
processed_events.description,Visualiza y analiza todos los eventos RFID procesados exitosamente
processed_events.deselect_all,Deseleccionar todos
processed_events.done,Completado
processed_events.entry_reader,Lector Entrada
processed_events.entry_short,Entrada
processed_events.entry_time,Hora Entrada
processed_events.error,Error al cargar eventos
processed_events.event_type,Tipo de Evento
processed_events.event_type_tooltip,Tipo de evento: ENTRY (entrada al centro) o EXIT (salida del centro)
processed_events.event_types,Tipos de evento
processed_events.exit_reader,Lector Salida
processed_events.exit_short,Salida
processed_events.exit_time,Hora Salida
processed_events.export_csv,Exportar CSV
processed_events.export_selected,Exportar registros seleccionados
processed_events.filters,Filtros
processed_events.has_pair,Tiene par
processed_events.loading,Cargando eventos...
processed_events.minutes_avg,minutos promedio
processed_events.mixed_short,Mixto
processed_events.no_pair,Sin par
processed_events.no_records,No se encontraron eventos consolidados
processed_events.pairing,Emparejamiento
processed_events.pairing_description,Entrada + Salida
processed_events.pairing_filter,Emparejamiento
processed_events.pairing_rate,Tasa de Emparejamiento
processed_events.pairing_rate_description,% de eventos con par
processed_events.pairing_status,Estado de Emparejamiento
processed_events.pairing_tooltip,Indica si el evento tiene su par correspondiente (entrada con salida o viceversa) en el mismo centro postal
processed_events.pending,Pendiente
processed_events.postal_center,Centro Postal
processed_events.postal_center_tooltip,Centro postal donde se registró el evento RFID
processed_events.processed_events,Eventos procesados
processed_events.raw_count,Eventos Raw
processed_events.raw_count_tooltip,Número de lecturas raw que se consolidaron en este evento procesado
processed_events.raw_events_per_processed,eventos raw por procesado
processed_events.reader_id,ID del Lector
processed_events.reader_id_tooltip,Código del lector RFID que detectó el tag
processed_events.reader_type,Tipo de Lector
processed_events.reader_type_tooltip,Tipo de lector: Entry (solo entradas)
processed_events.reader_types,Tipos de lector
processed_events.reset,Restablecer
processed_events.search,Buscar
processed_events.search_placeholder,Buscar por Tag ID
processed_events.segmentation_description,Journey Segments creados
processed_events.segmentation_status,Estado de Segmentación
processed_events.select_all,Seleccionar todos
processed_events.selected_of,seleccionados de
processed_events.showing_records,Mostrando {filtered} de {total} eventos
processed_events.tag_id,Tag ID
processed_events.tag_id_tooltip,Identificador único del tag RFID que fue detectado por el lector
processed_events.timestamp,Timestamp
processed_events.timestamp_tooltip,Fecha y hora exacta en que se registró el evento RFID
processed_events.title,Eventos RFID Consolidados
processed_events.tooltip,Esta pantalla muestra todos los eventos RFID que han sido consolidados exitosamente. Incluye información de tránsito y tiempos ajustados por horarios laborales.
processed_events.total_events,Total de Eventos
processed_events.transit_time,Tiempo Tránsito
processed_events.type_entry,Entrada
processed_events.type_exit,Salida
processed_events.type_mixed,Mixto
productform.cancel,Cancelar
productform.code,Código
productform.create,Crear
productform.description,Descripción
productform.saving,Guardando...
productform.standard_delivery_time,Tiempo de entrega estándar
productform.time_unit,Unidad de tiempo
productform.update,Actualizar
readers.activate,Activar
readers.active_readers,Lectores Activos
readers.add_first_reader,Agregar Primer Lector
readers.add_new,Agregar Nuevo Lector
readers.add_reader,Agregar Lector
readers.confirm_bulk_delete,¿Estás seguro de que quieres eliminar {{count}} lectores?
readers.confirm_delete,¿Estás seguro de que quieres eliminar este lector?
readers.confirm_delete_reader,¿Está seguro de que desea eliminar este lector?
readers.create_reader,Crear Lector
readers.deactivate,Desactivar
readers.description,Descripción
readers.edit_reader,Editar Lector
readers.entry_readers,Lectores de Entrada
readers.exit_readers,Lectores de Salida
readers.filter_by_center,Filtrar por Centro Postal
readers.filter_by_status,Filtrar por Estado
readers.filter_by_type,Filtrar por Tipo
readers.from_account,De la Cuenta
readers.gap,Intervalo
readers.gap_threshold,Umbral de Gap
readers.inherited,Heredado
readers.inheriting_from_account,Heredando de la cuenta
readers.is_active,Activo
readers.minutes,minutos
readers.mixed_reader_gap_help,Sobrescribir umbral de intervalo para este lector (dejar vacío para heredar)
readers.mixed_reader_gap_minutes,Umbral de Intervalo (minutos)
readers.mixed_readers,Lectores Mixtos
readers.name,Nombre
readers.no_readers_found,No se encontraron lectores
readers.postal_center,Centro Postal
readers.postal_center_help,Asignar este lector a un centro postal
readers.reader,Lector
readers.reader_id,ID del Lector
readers.reader_id_help,Debe coincidir con el ReaderId en eventos EPCIS
readers.reader_type,Tipo de Lector
readers.readers,Lectores
readers.search_placeholder,Buscar por ID de Lector o Nombre
readers.selected_count,{{count}} seleccionados
readers.status,Estado
readers.status_active,Activo
readers.status_inactive,Inactivo
readers.status_offline,Desconectado
readers.status_unknown,Desconocido
readers.title,Lectores
readers.total_count,Total: {{count}} lectores
readers.total_readers,Lectores Totales
readers.type,Tipo
readers.type_entry,Entrada
readers.type_entry_help,Usa MIN(timestamp) - lectura más temprana
readers.type_exit,Salida
readers.type_exit_help,Usa MAX(timestamp) - lectura más reciente
readers.type_mixed,Mixto
readers.type_mixed_help,Separa entrada/salida según intervalo de tiempo
receive.description,Generar recibos de muestras
receive.generate,Generar
receive.title,Generador de Recibos
receive_generator.advance_variance_days,Variación anticipada (días)
receive_generator.carriers,Transportistas
receive_generator.delay_variance_days,Variación de retraso (días)
receive_generator.demo_account_only,Cuenta de demostración únicamente - Esta función solo está disponible para pruebas
receive_generator.end_date,Fecha de fin
receive_generator.example_out_of_sla_records_can_arrive_up_to,📊 Ejemplo: Los registros fuera de SLA pueden llegar hasta {{max}} días (SLA: {{sla}} días\
receive_generator.example_records_can_arrive_between,📊 Ejemplo: Los registros pueden llegar entre {{min}} y {{max}} días (SLA: {{sla}} días)
receive_generator.failed_records,({{count}} fallidos)
receive_generator.generate_records,Generar registros
receive_generator.generating,Generando... {{progress}}%
receive_generator.generation_complete,Generación completada
receive_generator.generation_summary,Resumen de la generación
receive_generator.generator_configuration,Configuración del generador
receive_generator.maximum_days_records_can_arrive_early,Número máximo de días que los registros pueden llegar antes
receive_generator.maximum_days_records_can_be_delayed_beyond_sla,Número máximo de días que los registros pueden retrasarse más allá del SLA
receive_generator.number_of_records,Número de registros
receive_generator.out_of_sla_percentage,Porcentaje fuera de SLA (%)
receive_generator.products,Productos
receive_generator.select_all,Seleccionar todo
receive_generator.selected_carriers,Seleccionado: {{count}} transportista(s)
receive_generator.selected_products,Seleccionado: {{count}} producto(s)
receive_generator.start_date,Fecha de inicio
receive_generator.subtitle,Generar registros de recepción sintéticos para pruebas y demostraciones
receive_generator.successfully_created_records,Se crearon exitosamente {{success}} registros{{failed}}
receive_generator.summary_combinations,• <strong>{{products}}</strong> producto(s) × <strong>{{carriers}}</strong> transportista(s) = <strong>{{total}}</strong> combinaciones
receive_generator.summary_date_range,• Rango de fechas: <strong>{{start}}</strong> a <strong>{{end}}</strong>
receive_generator.summary_records_per_combination,• <strong>{{count}}</strong> registros por combinación
receive_generator.summary_total_records,• <strong>~{{count}}</strong> registros totales serán generados
receive_generator.title,Generador de registros ONE DB
receivegenerator.advance_variance_days,Variación anticipada (días)
receivegenerator.carriers,Transportistas
receivegenerator.delay_variance_days,Variación de retraso (días)
receivegenerator.demo_account_only_this_feature_is_only_available_f,Solo cuenta de demostración - Esta función está disponible únicamente para fines de prueba
receivegenerator.end_date,Fecha de finalización
receivegenerator.generate_records,Generar registros
receivegenerator.generate_synthetic_receive_records_for_testing_and,Generar registros sintéticos de recepción para pruebas y demostraciones
receivegenerator.generation_complete,Generación completada
receivegenerator.generation_summary,Resumen de generación
receivegenerator.generator_configuration,Configuración del generador
receivegenerator.maximum_days_records_can_arrive_early,Máximo de días que los registros pueden llegar antes
receivegenerator.maximum_days_records_can_be_delayed_beyond_sla,Máximo de días que los registros pueden retrasarse más allá del SLA
receivegenerator.number_of_records,Número de registros
receivegenerator.out_of_sla_percentage,Porcentaje fuera de SLA (%)
receivegenerator.products,Productos
receivegenerator.receive_generator,Generador de Recepción
receivegenerator.select_all,Seleccionar Todo
receivegenerator.start_date,Fecha de Inicio
reporting.above_standard_good,Por encima del estándar (bueno)
reporting.above_target,Por encima del objetivo
reporting.across_all_carriers,En todos los transportistas
reporting.actual,% Actual:
reporting.actual_days,Días Actuales
reporting.actual_percent,% real
reporting.actual_standard,% Actual ≥ Estándar
reporting.after_standard,Después del estándar
reporting.all_carriers,Todos los Transportistas
reporting.all_destinations,Todos los Destinos
reporting.all_origins,Todos los Orígenes
reporting.all_products,Todos los Productos
reporting.all_regions,Todas las Regiones
reporting.all_statuses,Todos los Estados
reporting.analyze_inbound_quality_to_one_city_from_all_origi,Analizar calidad de entrada a una ciudad desde todos los orígenes
reporting.analyze_inbound_vs_outbound_service_quality_separa,Analizar calidad de servicio de entrada vs salida por separado
reporting.analyze_outbound_quality_from_one_city_to_all_dest,Analizar calidad de salida desde una ciudad a todos los destinos
reporting.analyze_service_equity_across_cities_and_regions,Analizar equidad del servicio entre ciudades y regiones
reporting.analyze_specific_route_performance_origin_destinat,Analizar desempeño de ruta específica (origen → destino)
reporting.analyze_trends_over_specific_time_periods,Analizar tendencias en períodos de tiempo específicos
reporting.average_business_days_for_all_shipments,Promedio de días hábiles para todos los envíos
reporting.average_samples_week,Promedio {{count}} muestras/semana
reporting.avg_j_k_actual,Promedio J+K Real
reporting.avg_jk_actual,Prom. J+K Real
reporting.avg_standard,Estándar promedio ({percent} %)
reporting.avg_transit_days,Promedio de Días de Tránsito
reporting.basic_information,Información Básica
reporting.below_critical_threshold_with_penalty,Por debajo del umbral crítico (con penalización)
reporting.below_standard_but_above_critical_no_penalty,Por debajo del estándar pero por encima del crítico (sin penalización)
reporting.below_standard_deviation,Por debajo del estándar (desviación)
reporting.below_target,Por debajo del objetivo
reporting.both_cities,Ambas ciudades:
reporting.both_cities_desc,Analizar el rendimiento de una ruta específica (origen → destino)
reporting.both_directions,Ambas direcciones
reporting.business_days,Días hábiles
reporting.carrier,Transportista
reporting.carrier_product,Transportista / Producto
reporting.carrier_product_breakdown,Desglose por Transportista y Producto
reporting.carrier_product_desc,Refinar aún más el análisis a proveedores de servicios o tipos específicos
reporting.carrier_product_level,Nivel Transportista/Producto:
reporting.carrier_product_overview,Resumen de Transportista y Producto
reporting.carrier_product_performance,Rendimiento Transportista → Producto ({{count}} transportistas)
reporting.carrier_product_route,Transportista / Producto / Ruta
reporting.carrier_product_tab,Transportista → Producto
reporting.chart_view,Vista de Gráfico
reporting.circle_size_population,Tamaño del círculo = Población
reporting.cities,Ciudades
reporting.citizens_affected,Ciudadanos afectados
reporting.citizens_count,{count} ciudadanos
reporting.city,Ciudad
reporting.city_analysis,Análisis de la ciudad
reporting.city_equity_details,Detalles de Equidad de la Ciudad
reporting.city_equity_details_table,Tabla de Detalles de Equidad de la Ciudad
reporting.city_performance,Rendimiento de ciudades ({{count}} entradas)
reporting.city_service_equity_treemap,Mapa de Árbol de Equidad del Servicio de la Ciudad
reporting.class,Clase
reporting.classification,Clasificación:
reporting.compl,Compl.
reporting.compliance,Cumplimiento:
reporting.compliance_analysis_by_carrier_product_route,Análisis de cumplimiento por Transportista → Producto → Ruta
reporting.compliance_by_carrier_product_route,Cumplimiento por Transportista → Producto → Ruta
reporting.compliance_percent,% de cumplimiento
reporting.compliance_status,Estado de Cumplimiento
reporting.compliance_status_based_on_dynamic_thresholds,Estado de cumplimiento basado en umbrales dinámicos:
reporting.compliant,Cumplido:
reporting.compliant_abbr,Cumpl.
reporting.compliant_routes,Rutas Cumplidas
reporting.compliant_shipments_total_shipments_100,Envíos cumplidos / Total de envíos × 100%
reporting.critical,Crítico
reporting.critical_limit,Límite Crítico:
reporting.critical_routes,Rutas Críticas
reporting.cumulative,Acumulativo:
reporting.cumulative_distribution_analysis,Análisis de Distribución Acumulativa
reporting.cumulative_percent,% Acumulativo
reporting.cumulative_percentage_desc,Porcentaje acumulativo de entregas según los días de tránsito. Las barras verdes indican los días dentro del estándar
reporting.cumulative_percentage_of_deliveries_by_transit_day,Porcentaje acumulado de entregas por días de tránsito.
reporting.current_week,Semana Actual
reporting.date_range,Rango de Fechas:
reporting.days,días
reporting.delayed,Retrasado
reporting.description,Descripción:
reporting.destination_city,Ciudad de Destino
reporting.destination_only,Solo Destino:
reporting.destination_only_desc,Analizar la calidad entrante hacia una ciudad desde todos los orígenes
reporting.deviation,Desviación
reporting.difference_between_actual_and_standard,Diferencia entre % Real y % Estándar
reporting.direct_value_from_delivery_standards,Valor directo de delivery_standards
reporting.direction,Dirección
reporting.direction_gap,Brecha de Dirección:
reporting.directional_analysis,Análisis Direccional
reporting.distribution_of_shipments_by_actual_transit_time,Distribución de envíos según el tiempo de tránsito real en comparación con el estándar de entrega
reporting.distribution_of_shipments_by_actual_transit_time_v,Distribución de envíos por tiempo de tránsito real vs estándar de entrega
reporting.end_date,Fecha de Fin
reporting.equity_status,Estado de Equidad
reporting.export_audit_report,Informe de Auditoría de Exportación
reporting.export_csv,Exportar CSV
reporting.export_filtered_data_to_csv,Exportar datos filtrados a CSV
reporting.filter_analysis_guide,Guía de Análisis de Filtros
reporting.filter_carrier_product_desc_narrow,Limitar el análisis a proveedores o tipos de servicios específicos
reporting.filter_carrier_product_label,Transportista/Producto:
reporting.filter_date_range_desc,Analizar tendencias en períodos específicos
reporting.filter_date_range_label,Período:
reporting.filter_direction_desc,Analizar por separado la calidad del servicio entrante vs saliente
reporting.filter_direction_label,Dirección:
reporting.filter_equity_status_desc,Identificar ciudades con niveles específicos de cumplimiento
reporting.filter_equity_status_label,Estado de equidad:
reporting.filter_no_filters,Sin filtros:
reporting.filter_region_label,Región:
reporting.filters,Filtros
reporting.focus_analysis_on_specific_geographic_areas,Enfocar el análisis en áreas geográficas específicas
reporting.further_narrow_analysis_to_specific_service_provid,Restringir aún más el análisis a proveedores de servicios o tipos específicos
reporting.general_performance_dashboard,Panel de Rendimiento General
reporting.generating,Generando...
reporting.geographic_distribution,Distribución Geográfica
reporting.geographic_view,Vista Geográfica
reporting.green,Verde
reporting.identify_cities_with_specific_compliance_levels,Identificar ciudades con niveles específicos de cumplimiento
reporting.in_critical_cities,en las ciudades críticas
reporting.in_standard_delayed,En estándar/Con retraso
reporting.inb,Entrante
reporting.inbound,% Entrante
reporting.inbound_abbr,Entr.
reporting.inbound_arrivals,Entrante (Llegadas)
reporting.inbound_arrow,↓ entrante
reporting.inbound_direction,Entrante
reporting.inbound_percent,% entrante
reporting.inbound_vs_outbound_comparison_top_10_by_direction,Comparación Entrante vs Saliente (Top 10 por Diferencia de Dirección)
reporting.inbound_vs_outbound_compliance_chart,Gráfico de Cumplimiento Entrante vs Saliente
reporting.interpretation,Interpretación:
reporting.j_k_actual,J+K Real
reporting.j_k_performance_report,Informe de Rendimiento J+K
reporting.j_k_std,J+K Estándar
reporting.jk_actual,J+K Real
reporting.jk_performance_report,Informe de rendimiento J+K
reporting.jk_std,J+K Std
reporting.last_12_weeks,Últimas 12 semanas
reporting.legend,Leyenda
reporting.loading,Cargando...
reporting.loading_compliance_data,Cargando datos de cumplimiento...
reporting.loading_j_k_performance_data,Cargando datos de rendimiento J+K...
reporting.loading_performance_data,Cargando datos de rendimiento...
reporting.loading_territory_equity_data,Cargando datos de equidad territorial...
reporting.map_interactive_description,Mapa interactivo que muestra la equidad del servicio en las ciudades. El tamaño del círculo representa la población
reporting.mapa_de_localidades_treemap,Mapa de Localidades (Treemap)
reporting.meeting_standard,Cumple con el estándar
reporting.narrow_analysis_to_specific_service_providers_or_t,Restringir análisis a proveedores o tipos de servicio específicos
reporting.negative,Negativo:
reporting.no_compliance_data_available,No hay datos de cumplimiento disponibles
reporting.no_data,Sin datos
reporting.no_data_available,No hay datos disponibles
reporting.no_data_available_for_treemap,No hay datos disponibles para el treemap
reporting.no_distribution_data_available,No hay datos de distribución disponibles
reporting.no_filters,Sin filtros:
reporting.no_filters_desc,Ver el rendimiento global del ecosistema en todas las rutas y transportistas
reporting.no_penalty,Sin penalización
reporting.no_performance_data_available,No hay datos de rendimiento disponibles
reporting.no_shipment_data_available,No hay datos de envíos disponibles
reporting.no_shipment_data_available_for_timeline,No hay datos de envíos disponibles para la línea de tiempo
reporting.no_underserved_cities,No hay ciudades desatendidas
reporting.no_weekly_data_available,No hay datos semanales disponibles
reporting.of_cities,sobre {count} ciudades
reporting.of_routes,de {{count}} rutas
reporting.on_standard,En estándar
reporting.on_time,% a tiempo
reporting.on_time_count,{{count}} a tiempo
reporting.on_time_percent,% A tiempo
reporting.openstreetmap,OpenStreetMap
reporting.origin_city,Ciudad de origen
reporting.origin_only,Solo origen:
reporting.origin_only_desc,Analizar la calidad saliente de una ciudad hacia todos los destinos
reporting.outb,Sal.
reporting.outbound,% Saliente
reporting.outbound_abbr,Sal.
reporting.outbound_arrow,↑ saliente
reporting.outbound_departures,Salidas (Departures)
reporting.outbound_direction,Saliente
reporting.outbound_percent,% saliente
reporting.overall_compliance,Cumplimiento General
reporting.overall_compliance_and_transit_time_metrics,Métricas generales de cumplimiento y tiempo de tránsito
reporting.percentage_of_shipments_delivered_successfully,Porcentaje de envíos entregados con éxito
reporting.performance_distribution,Distribución del Rendimiento
reporting.performance_metrics,Métricas de Rendimiento
reporting.performance_trend,Tendencia de Rendimiento
reporting.population,Población:
reporting.population_weighted,Ponderado por población
reporting.population_weighted_compliance,Cumplimiento ponderado por población
reporting.positive,Positivo:
reporting.problem_routes,Rutas problemáticas
reporting.problem_routes_column,Rutas problemáticas
reporting.product,Producto
reporting.received_at,Recibido en
reporting.region,Región:
reporting.region_analysis,Análisis de regiones
reporting.region_performance,Rendimiento de regiones ({{count}} entradas)
reporting.regional_analysis,Análisis Regional
reporting.regional_equity_analysis_table,Tabla de Análisis de Equidad Regional
reporting.regional_equity_comparison,Comparación de Equidad Regional
reporting.regional_equity_comparison_chart,Gráfico de Comparación de Equidad Regional
reporting.regional_equity_details,Detalles de Equidad Regional
reporting.regional_summary,Resumen Regional
reporting.regulatory_compliance_report,Informe de Cumplimiento Normativo
reporting.regulatory_use,Uso Regulatorio:
reporting.require_intervention,Requiere intervención
reporting.reset_all_filters,Restablecer todos los filtros
reporting.route,Ruta
reporting.route_analysis,Análisis de rutas
reporting.route_level,Nivel de Ruta:
reporting.route_performance,Rendimiento de rutas ({{count}} rutas)
reporting.routes,Rutas
reporting.samples,Muestras
reporting.search_by_tag_id_origin_or_destination,"Buscar por ID de ETIQUETA, origen o destino..."
reporting.sent_at,Enviado el
reporting.service_equity_index,Índice de Equidad de Servicio
reporting.shipments,Envíos:
reporting.shipments_count,{{count}} envío(s)
reporting.standard,Estándar:
reporting.standard_days,Estándar (días)
reporting.standard_percent,% estándar
reporting.start_date,Fecha de Inicio
reporting.statistical_significance,Significación estadística
reporting.status,Estado:
reporting.std,% Estándar
reporting.std_abbr,Estánd.
reporting.std_percent,% Estándar
reporting.table_view,Vista de Tabla
reporting.tag_id,ID DE ETIQUETA
reporting.target_1_day,Objetivo: 1 día
reporting.territory_equity_filter_guide,Guía del Filtro de Equidad Territorial
reporting.territory_equity_report,Informe de Equidad Territorial
reporting.top_3_best_served_cities,Las 3 Ciudades Mejor Atendidas
reporting.top_3_worst_served_cities,Las 3 Ciudades Peor Atendidas
reporting.total,Total:
reporting.total_cities,Total de Ciudades:
reporting.total_routes,Total de Rutas
reporting.total_samples,Total de Muestras
reporting.total_shipments,Total de Envíos:
reporting.transit_days_jk,Días de tránsito (J+K)
reporting.transit_time_analysis_and_delivery_performance_tra,Análisis de tiempo de tránsito y seguimiento del rendimiento de entrega
reporting.transit_time_analysis_and_delivery_performance_tracking,Análisis de tiempos de tránsito y seguimiento del rendimiento de entrega
reporting.treemap_size_population_color_compliance,El tamaño representa la población
reporting.underserved,Subatendido
reporting.underserved_cities,Ciudades Subatendidas:
reporting.view_overall_ecosystem_performance_across_all_rout,Ver el rendimiento general del ecosistema en todas las rutas y transportistas
reporting.view_overall_service_equity_across_all_cities_and_,Ver la equidad general del servicio en todas las ciudades y regiones
reporting.vs_std,vs Std
reporting.warning,Advertencia
reporting.warning_limit,Límite de Advertencia:
reporting.warning_routes,Rutas con Advertencia
reporting.weekly_sample_volume,Volumen Semanal de Muestras
reporting.weighted_average_by_shipment_count,Promedio ponderado por cantidad de envíos
reporting.with_penalty,Con penalización
settings.account_management,Gestión de cuentas
settings.account_reporting_configuration,Configuración de informes de cuenta
settings.all_users,Todos los usuarios
settings.capital,Capital
settings.changes_to_thresholds_will_affect_all_reporting_vi,Los cambios en los umbrales afectarán todas las vistas de informes
settings.city_classifications,Clasificaciones de ciudades
settings.city_classifications_override_default_classificati,Las clasificaciones de ciudades anulan las clasificaciones predeterminadas de la topología
settings.city_name,Nombre de la ciudad
settings.classification,Clasificación
settings.compliance_critical_threshold,Umbral crítico de cumplimiento
settings.compliance_warning_threshold,Umbral de advertencia de cumplimiento
settings.configuration_notes,Notas de configuración:
settings.configuration_saved_successfully,Configuración guardada con éxito
settings.configure_reporting_thresholds_and_city_classifica,Configurar umbrales de informes y clasificaciones de ciudades para esta cuenta
settings.create_account,Crear cuenta
settings.create_user,Crear usuario
settings.default_report_period,Período de informe predeterminado
settings.default_time_period_for_generating_reports,Período de tiempo predeterminado para generar informes
settings.error_saving_configuration,Error al guardar la configuración
settings.general_settings,Configuración general
settings.loading,Cargando...
settings.loading_configuration,Cargando configuración...
settings.major,Principal
settings.minor,Secundario
settings.monthly,Mensual
settings.no_city_classifications_found,No se encontraron clasificaciones de ciudades
settings.only_superadmin_users_can_modify_these_settings,Solo los usuarios superadministradores pueden modificar estas configuraciones
settings.promise,Promesa
settings.quarterly,Trimestral
settings.search_cities,Buscar ciudades...
settings.warning_threshold_must_be_greater_than_critical_th,El umbral de advertencia debe ser mayor que el umbral crítico
settings.weekly,Semanal
slas.active_postal_centers,Centros Postales Activos
slas.all_center_pairs,todos los pares de centros: A→B
slas.already_exist,ya existen
slas.combinations_generated,Generados {inserted} nuevos SLAs ({skipped} omitidos como duplicados)
slas.create_sla,Crear SLA
slas.critical_threshold,Umbral Crítico
slas.default_values,Valores Predeterminados
slas.description,Configurar Acuerdos de Nivel de Servicio para rutas operacionales y de distribución
slas.distribution,Distribución
slas.distribution_slas_to_generate,SLAs de distribución a generar
slas.edit_sla,Editar SLA
slas.expected_time,Tiempo Esperado
slas.from_postal_center,Centro Postal Origen
slas.from_postal_centers,Centros Postales Origen
slas.from_reader,Lector Origen
slas.generate_combinations,Generar Combinaciones
slas.generate_network_slas,Generar SLAs de Red
slas.generate_pending_slas,Generar SLAs Pendientes
slas.generate_selected_slas,Generar SLAs Seleccionados
slas.network_summary,Resumen de Red
slas.on_time_percentage,% Puntual
slas.one_per_center,uno por centro: Entrada → Salida
slas.operational,Operacional
slas.operational_combinations_hint,Generará SLAs para todos los pares de lectores dentro de cada centro seleccionado
slas.operational_sla_description,Entrada → Salida dentro de este centro postal
slas.operational_slas_to_generate,SLAs operacionales a generar
slas.pending_distribution,Distribución Pendientes
slas.pending_operational,Operacionales Pendientes
slas.pending_slas_summary,Resumen de SLAs Pendientes
slas.postal_center,Centro Postal
slas.route,Ruta
slas.select_centers_for_operational,Seleccionar Centros para SLAs Operacionales
slas.select_postal_centers,Seleccionar Centros Postales
slas.select_routes_for_distribution,Seleccionar Rutas para SLAs de Distribución
slas.select_sla_types,Seleccionar Tipos de SLA a Generar
slas.selected_to_generate,Seleccionados para Generar
slas.sla_type,Tipo de SLA
slas.slas_created,SLAs creados
slas.slas_skipped,SLAs omitidos
slas.time_unit,Unidad de Tiempo
slas.title,Configuración de SLAs
slas.to_postal_center,Centro Postal Destino
slas.to_postal_centers,Centros Postales Destino
slas.to_reader,Lector Destino
slas.warning_threshold,Umbral de Advertencia
stock.about,Acerca de la Gestión de Inventario
stock.about_description,Gestionar niveles de inventario y alertas de stock
stock.add_to_stock,Agregar al stock
stock.adjust_stock,Ajustar stock
stock.adjusting,Ajustando...
stock.adjustment_note,Nota de ajuste
stock.alert_type,Tipo de alerta
stock.alerts,Alertas
stock.all_materials,Todos los materiales
stock.all_nodes,Todos los nodos
stock.all_panelists,Todos los panelistas
stock.all_status,Todos los estados
stock.all_statuses,Todos los estados
stock.all_types,Todos los tipos
stock.allocation_shipment,Envío de asignación
stock.auto_generate_purchase_orders,Generar órdenes de compra automáticamente
stock.auto_generate_shipments,Generar envíos automáticamente
stock.automation,Automatización
stock.available_stock,Stock disponible
stock.calculate_generate_shipments,Calcular y generar envíos
stock.calculate_requirements,Calcular requisitos
stock.calculating,Calculando...
stock.cancelled,Cancelado
stock.change,Cambiar:
stock.clear_filters,Borrar filtros
stock.clear_filters_to_see_all_alerts,Borre los filtros para ver todas las alertas
stock.confirm_adjustment,Confirmar ajuste
stock.confirm_order,Confirmar pedido
stock.confirm_receipt,Confirmar recepción
stock.confirm_shipment,Confirmar envío
stock.confirmed_shipments,Envíos confirmados
stock.critical,Crítico
stock.current_quantity,Cantidad actual
stock.current_regulator_stock,Stock Actual del Regulador
stock.current_stock,Stock actual
stock.date,Fecha
stock.delete_selected,Eliminar {count} seleccionado(s)
stock.edit_quantity,Editar cantidad
stock.edit_shipment_quantity,Editar cantidad de envío
stock.enable_stock_control,Habilitar control de stock
stock.end_date,Fecha de finalización
stock.enter_new_absolute_quantity,Ingrese nueva cantidad absoluta
stock.expected,Esperado
stock.expected_date,Fecha esperada
stock.explain_the_reason_for_this_adjustment,Explique la razón de este ajuste...
stock.export_csv,Exportar CSV
stock.failed_to_adjust_stock,Fallo al ajustar el stock
stock.feature_not_available_in_current_version,Esta función no está disponible en la versión actual del módulo.
stock.filters,Filtros
stock.from,Desde
stock.last_updated,Última actualización
stock.lead_times,Tiempos de entrega
stock.loading,Cargando datos de inventario...
stock.loading_alerts,Cargando alertas...
stock.loading_movements,Cargando movimientos...
stock.loading_panelist_stock,Cargando stock del panelista...
stock.loading_settings,Cargando configuraciones...
stock.loading_stock,Cargando stock...
stock.location,Ubicación
stock.low_stock,Stock bajo
stock.low_stock_only,Solo bajo stock
stock.manage_description,Gestionar los requisitos de materiales
stock.mark_as_ordered,Marcar {count} como ordenado(s)
stock.material,Material
stock.material_movements,Movimientos de Materiales
stock.material_requirements_help,Ver requisitos de material calculados
stock.material_requirements_tab,Requisitos de Material
stock.materials,Materiales
stock.materials_to_send,Materiales para enviar
stock.maximum_stock,Stock Máximo
stock.metrics_overview,Resumen de métricas
stock.minimum,Mínimo
stock.minimum_stock,Stock Mínimo
stock.movement_type,Tipo de movimiento
stock.movements_help,Rastrear movimientos de inventario
stock.movements_tab,Movimientos
stock.net_quantity,Cantidad neta
stock.new_quantity,Cantidad nueva
stock.no_stock_alerts_found,No se encontraron alertas de stock
stock.no_stock_data,No hay datos de inventario
stock.no_stock_data_to_export,Ningún dato de stock para exportar
stock.no_stock_records_found,No se encontraron registros de stock
stock.node,Nodo
stock.normal,Normal
stock.not_applicable_purchase_orders_are_not_used,No aplicable - No se utilizan órdenes de compra
stock.notes,Notas
stock.only_panelists_with_allocation_plans,Nota: Solo los panelistas con planes de asignación asignados tendrán envíos generados
stock.order,Orden
stock.order_material,Material de orden
stock.ordered,Ordenado
stock.out_of_stock,Sin Stock
stock.packing_list_pdf,Lista de empaque PDF
stock.panelist,Panelista
stock.panelist_code_materials_count,Código: {code} • {count} material(es)
stock.panelist_issue,Problema del panelista
stock.panelist_issues,Problemas del panelista
stock.panelist_negative,Panelista Negativo
stock.panelist_stock_help,Ver inventario de panelistas
stock.panelist_stock_tab,Stock de Panelistas
stock.pending,Pendiente
stock.pending_requirements,Requisitos Pendientes
stock.pending_shipments,Envíos Pendientes
stock.period,Período
stock.please_enter_quantity_and_note,Por favor ingrese la nueva cantidad y la nota de ajuste
stock.please_enter_valid_quantity,Por favor ingrese una cantidad válida
stock.please_select_dates,Por favor seleccione las fechas de inicio y fin
stock.please_select_requirements_export,Por favor seleccione requisitos para exportar
stock.please_select_requirements_po,Por favor seleccione requisitos para generar la orden de compra
stock.preview_shipments_will_be_generated,Previsualización: se generará(n) {count} envío(s)
stock.promise,Compromiso
stock.purchase_lead_time_days,Plazo de Compra (días)
stock.purchase_order_pdf,PDF de Orden de Compra
stock.quantity,Cantidad
stock.quantity_needed,Cantidad Necesaria
stock.quantity_ordered,Cantidad Ordenada
stock.quantity_received,Cantidad Recibida
stock.quantity_to_order,Cantidad a Ordenar
stock.quantity_to_send,Cantidad a Enviar
stock.quick_month_selection,Selección Rápida de Mes
stock.receive,Recibir
stock.receive_purchase_order,Recibir Orden de Compra
stock.received,Recibido
stock.regulator_insufficient,Regulador Insuficiente
stock.regulator_issue,Problema del regulador
stock.regulator_issues,Problemas del regulador
stock.regulator_stock_help,Ver inventario del regulador
stock.regulator_stock_tab,Stock del Regulador
stock.removed_materials_will_create_new_pending_shipment,Materiales Eliminados (Se Creará un Nuevo Envío Pendiente)
stock.reorder_point,Punto de Reorden
stock.reset_filters,Restablecer filtros
stock.restore,Restaurar
stock.save_settings,Guardar Configuración
stock.search_by_material_or_code,Buscar por material o código...
stock.search_by_material_or_panelist,Buscar por material o panelista...
stock.search_material,Buscar material...
stock.send,Enviar
stock.send_selected,Enviar {count} seleccionado(s)
stock.sent,Enviado
stock.sent_date,Fecha de envío
stock.settings_help,Configurar parámetros de inventario
stock.settings_tab,Configuración
stock.shipment,Número de envío
stock.shipment_lead_time_days,Plazo de envío (días)
stock.shipments,Envíos
stock.shipments_help,Ver envíos de inventario
stock.shipments_tab,Envíos
stock.showing,Mostrando
stock.showing_alerts_count,Mostrando {showing} de {total} alertas
stock.start_date,Fecha de inicio
stock.stock_adjusted_successfully,Stock ajustado con éxito
stock.stock_alert,Alerta de stock
stock.stock_alerts_help,Ver alertas de stock bajo
stock.stock_alerts_tab,Alertas de Stock
stock.stock_control,Control de stock
stock.stock_status,Estado de stock
stock.system_will_automatically_create_shipments,El sistema creará automáticamente envíos pendientes cuando detecte que un panelista necesita materiales.
stock.tab_alerts,Alertas de Stock
stock.tab_movements,Movimientos
stock.tab_panelist_stock,Stock de Panelistas
stock.tab_regulator_stock,Stock del Regulador
stock.tab_requirements,Requisitos de Materiales
stock.tab_settings,Configuración
stock.tab_shipments,Envíos
stock.this_feature_is_not_available_in_the_current_versi,Esta función no está disponible en la versión actual del módulo.
stock.title,Gestión de Inventario
stock.total_items_pending,Total de artículos pendientes
stock.total_movements,Total de movimientos:
stock.total_records,Total de registros:
stock.type,Tipo
stock.unit,Unidad
stock.unknown_panelist,Panelista desconocido
stock.used_to_calculate_expected_delivery_dates,Utilizado para calcular fechas de entrega esperadas
stock.warning,Advertencia
stock.warning_nodes_without_panelists,Atención: {count} nodo(s) no tienen panelistas asignados y serán ignorados
stock.when_enabled_system_will_monitor,Cuando está activado
stock.with_assigned_panelists,con panelistas asignados
stock.without_panelist_will_be_skipped,sin panelista (será ignorado)
stock.year,Año
stockmanagement.stock_alerts,Alertas de stock
stockmanagement.stock_management_alerts,Gestión y alertas de stock
stockmanagement.tabs,Pestañas
topology.3_7038,-3.7038
topology.40_4168,40.4168
topology.add_city,Agregar Ciudad
topology.add_node,Agregar Nodo
topology.add_region,Agregar Región
topology.all_cities,Todas las ciudades
topology.all_nodes,Todos los nodos
topology.all_nodes_have_panelists,¡Todos los nodos tienen panelistas!
topology.all_regions,Todas las regiones
topology.cities,Ciudades
topology.city,Ciudad
topology.city_code,Código de ciudad *
topology.city_name,Nombre de la ciudad *
topology.class,Clase
topology.collapse_city,Colapsar la ciudad
topology.country_code,Código de país *
topology.create_city,Crear una ciudad
topology.create_node,Crear un nodo
topology.create_region,Crear una región
topology.delete_city,Eliminar ciudad
topology.delete_city_confirm,¿Eliminar esta ciudad y todos sus nodos?
topology.delete_node,Eliminar nodo
topology.delete_node_confirm,¿Eliminar este nodo?
topology.delete_region,Eliminar región
topology.description,Descripción
topology.download_csv,Descargar CSV
topology.e_g_3200000,"p. ej., 3200000"
topology.e_g_es_fr,"p. ej., ES, FR"
topology.e_g_mad_bcn,"p. ej., MAD, BCN"
topology.e_g_madrid_barcelona,"p. ej., Madrid, Barcelona"
topology.e_g_spain_france,"p. ej., España, Francia"
topology.edit_city,Editar ciudad
topology.edit_node,Editar nodo
topology.edit_region,Editar región
topology.every_node_assigned,Cada nodo de su topología tiene un panelista asignado
topology.expand_all,Expandir todo
topology.expand_all_cities_in_this_region,Expandir todas las ciudades en esta región
topology.expand_city,Expandir la ciudad
topology.latitude,Latitud
topology.loading,Cargando topología...
topology.longitude,Longitud
topology.no_cities_in_this_region_yet,Aún no hay ciudades en esta región
topology.no_nodes_in_this_city_yet,Aún no hay nodos en esta ciudad
topology.no_nodes_yet,Aún no hay nodos en esta ciudad
topology.no_regions,No se encontraron regiones
topology.no_topology_yet,Aún no hay topología definida
topology.node,Nodo
topology.node_id,ID del nodo
topology.node_status,Estado del nodo
topology.assign_panelist,Asignar panelista
topology.no_panelist_option,— Sin panelista —
topology.panelist_current,actual
topology.panelist_hint_city,Panelistas disponibles de {scope}, sin nodo asignado.
topology.panelist_hint_region,Panelistas disponibles de la región de {scope} (ciudad clase C), sin nodo asignado.
topology.no_available_panelists,No hay panelistas disponibles para este ámbito.
topology.nodes,Nodos
topology.nodes_need_assignment,Estos nodos necesitan la asignación de un panelista para estar operativos
topology.nodes_without_panelists,Nodos sin panelistas
topology.panelist_assigned,Panelista asignado
topology.panelists,Panelistas
topology.pending_panelist,Panelista pendiente
topology.population,Población
topology.promise,Promesa
topology.region_code,Código de región *
topology.region_name,Nombre de la región *
topology.regions,Regiones
topology.search_placeholder,Buscar regiones
topology.status,Estado *
topology.title,Topología del País
topology.topology_tab,Topología
topology.topology_tree,Árbol topológico
topology.total_nodes,Total de nodos
topology.total_population_of_the_city_used_for_impact_analy,Población total de la ciudad (utilizada para análisis de impacto en informes)
topology.with_panelists,Con panelistas
topology.without_panelists,Sin panelistas
topology.without_panelists_tab,Sin Panelistas
unavailability.actions,Acciones
unavailability.activate,Activar
unavailability.add_period,+ Añadir un período de indisponibilidad
unavailability.add_period_modal,Añadir un período de indisponibilidad
unavailability.adjust_filters,Intente ajustar sus filtros.
unavailability.all_panelists,Todos los panelistas
unavailability.all_periods,Todos los períodos
unavailability.all_reasons,Todas las razones
unavailability.cancel,Cancelar
unavailability.cancel_periods,Cancelar los períodos
unavailability.click_to_create,"Haga clic en ""Añadir un período de indisponibilidad"" para crear uno."
unavailability.confirm_cancel,¿Está seguro de que desea cancelar {count} período(s) de indisponibilidad?
unavailability.confirm_delete,¿Está seguro de que desea eliminar {count} período(s) de indisponibilidad? Esta acción no se puede deshacer.
unavailability.confirm_delete_single,¿Está seguro de que desea eliminar este período de indisponibilidad?
unavailability.current_periods,Actuales (activas ahora)
unavailability.date_range,Rango de fechas
unavailability.day,día
unavailability.days,días
unavailability.delete,Eliminar
unavailability.description,Gestionar los períodos de indisponibilidad de los panelistas para la reasignación automática de muestras
unavailability.duration,Duración
unavailability.edit,Modificar
unavailability.edit_period,Modificar el período de indisponibilidad
unavailability.end_date,Fecha de fin
unavailability.no_periods_found,No se encontraron períodos de indisponibilidad.
unavailability.notes,Notas
unavailability.panelist,Panelista
unavailability.past_periods,Pasados
unavailability.reason,Razón
unavailability.reason_other,Otro
unavailability.reason_personal,Personal
unavailability.reason_sick,Baja por enfermedad
unavailability.reason_training,Formación
unavailability.reason_vacation,Vacaciones
unavailability.required,Requerido
unavailability.search_placeholder,Nombre del panelista
unavailability.select_panelist,Seleccionar un panelista
unavailability.start_date,Fecha de inicio
unavailability.status,Estado
unavailability.title,Períodos de indisponibilidad
unavailability.upcoming_periods,Próximos
users.account,Cuenta
users.deactivate,Desactivar
users.email,Correo electrónico
users.full_name,Nombre completo
users.name,Nombre
users.no_users_found,No se encontraron usuarios
users.password,Contraseña
users.promise,Promesa
users.role,Rol
users.select_account,Seleccionar cuenta
menu.journey_segments,Segmentos de Trayecto
menu.journey_segments.tooltip,Reconstrucción de trayectos completos con tiempos de tránsito y cumplimiento de SLA
journey_segments.title,Segmentos de Trayecto
journey_segments.description,Reconstrucción de trayectos completos con tiempos de tránsito y cumplimiento de SLA
journey_segments.loading,Cargando segmentos...
journey_segments.error,Error al cargar segmentos
journey_segments.run_reconstruction,Ejecutar Reconstrucción
journey_segments.run_reconstruction_tooltip,Reconstruir segmentos de trayecto desde eventos procesados
journey_segments.export_csv,Exportar CSV
journey_segments.export_tooltip,Exportar segmentos seleccionados a CSV
journey_segments.export_selected,Exportar Seleccionados
journey_segments.clear_selection,Limpiar Selección
journey_segments.selected_count,{{count}} segmentos seleccionados
journey_segments.error_no_account,No se encontró cuenta activa
journey_segments.reconstruction_success,Reconstrucción completada: {{segments}} segmentos creados desde {{events}} eventos en {{time}}ms
journey_segments.reconstruction_no_data,No se crearon segmentos nuevos
journey_segments.reconstruction_error,Error en reconstrucción: {{message}}
journey_segments.kpi.total,Total
journey_segments.kpi.segments,Segmentos
journey_segments.kpi.on_time,A Tiempo
journey_segments.kpi.warning,Advertencia
journey_segments.kpi.critical,Crítico
journey_segments.kpi.avg_time,Tiempo Promedio
journey_segments.kpi.minutes,minutos
journey_segments.filters.title,Filtros
journey_segments.filters.search,Buscar
journey_segments.filters.search_placeholder,ID Etiqueta o Centro Postal...
journey_segments.filters.segment_type,Tipo de Segmento
journey_segments.filters.all_types,Todos los Tipos
journey_segments.filters.operational,Operacional
journey_segments.filters.distribution,Distribución
journey_segments.filters.postal_center,Centro Postal
journey_segments.filters.all_centers,Todos los Centros
journey_segments.filters.from_center,Centro Origen
journey_segments.filters.to_center,Centro Destino
journey_segments.filters.sla_compliance,Cumplimiento SLA
journey_segments.filters.all_compliance,Todos los Estados
journey_segments.filters.on_time,A Tiempo
journey_segments.filters.warning,Advertencia
journey_segments.filters.critical,Crítico
journey_segments.filters.violated,Violado
journey_segments.filters.no_sla,Sin SLA
journey_segments.filters.date_from,Fecha Desde
journey_segments.filters.date_to,Fecha Hasta
journey_segments.filters.apply,Aplicar Filtros
journey_segments.filters.clear,Limpiar Filtros
journey_segments.table.tag_id,ID Etiqueta
journey_segments.table.type,Tipo
journey_segments.table.centers,Centros
journey_segments.table.entry_time,Hora Entrada
journey_segments.table.exit_time,Hora Salida
journey_segments.table.duration,Duración
journey_segments.table.actual,Real
journey_segments.table.sla,SLA
journey_segments.table.compliance,Cumplimiento
journey_segments.table.no_segments,No se encontraron segmentos
journey_segments.table.no_sla,Sin SLA
journey_segments.type.operational,Operacional
journey_segments.type.distribution,Distribución
journey_segments.compliance.on_time,A Tiempo
journey_segments.compliance.warning,Advertencia
journey_segments.compliance.critical,Crítico
journey_segments.compliance.violated,Violado
journey_segments.compliance.no_sla,Sin SLA
menu.complete_journeys,Trayectos Completos
complete_journeys.title,Complete Journeys
complete_journeys.description,Complete journey reconstruction with transit times and SLA compliance
complete_journeys.run_assembly,Run Assembly
complete_journeys.assembling,Assembling...
complete_journeys.export_csv,Export CSV ({count})
complete_journeys.kpi.total,Total
complete_journeys.kpi.journeys,Journeys
complete_journeys.kpi.on_time,On Time
complete_journeys.kpi.warning,Warning
complete_journeys.kpi.critical,Critical
complete_journeys.kpi.avg_time,Average Time
complete_journeys.kpi.minutes,minutes
complete_journeys.filters.title,Filters
complete_journeys.filters.search,Search
complete_journeys.filters.search_placeholder,Tag ID or Postal Center...
complete_journeys.filters.sla_compliance,SLA Compliance
complete_journeys.filters.all_status,All Status
complete_journeys.filters.min_segments,Min Segments
complete_journeys.filters.max_segments,Max Segments
complete_journeys.filters.date_from,Date From
complete_journeys.filters.date_to,Date To
complete_journeys.filters.apply,Apply Filters
complete_journeys.filters.clear,Clear Filters
complete_journeys.compliance.on_time,On Time
complete_journeys.compliance.warning,Warning
complete_journeys.compliance.critical,Critical
complete_journeys.compliance.violated,Violated
complete_journeys.compliance.no_sla,No SLA
complete_journeys.compliance.mixed,Mixed
complete_journeys.table.no_journeys,No journeys found
complete_journeys.table.selected,{count} selected
complete_journeys.table.clear_selection,Clear selection
complete_journeys.table.tag_id,Tag ID
complete_journeys.table.segments,Segments
complete_journeys.table.centers,Centers Visited
complete_journeys.table.start_time,Start Time
complete_journeys.table.total_time,Total Time
complete_journeys.table.compliance,Compliance
complete_journeys.error_no_account,No account selected
complete_journeys.assembly_success,Assembly completed: {created} created
complete_journeys.assembly_no_data,No data returned from assembly
complete_journeys.assembly_error,Assembly error: {message}
menu.cutoff_times,Horarios de Corte
menu.non_working_days,Días No Laborables
cutoff_times.title,Horarios de Corte
cutoff_times.description,Configuración de horarios de corte y horas laborables por centro postal
cutoff_times.add_cutoff,Agregar Horario
cutoff_times.edit_cutoff,Editar Horario
cutoff_times.confirm_delete,¿Está seguro de eliminar este horario de corte?
cutoff_times.table.center,Centro
cutoff_times.table.cutoff_time,Hora de Corte
cutoff_times.table.working_hours,Horas Laborables
cutoff_times.table.working_days,Días Laborables
cutoff_times.table.timezone,Zona Horaria
cutoff_times.form.postal_center,Centro Postal
cutoff_times.form.cutoff_time,Hora de Corte
cutoff_times.form.working_hours_start,Inicio Jornada
cutoff_times.form.working_hours_end,Fin Jornada
cutoff_times.form.working_days,Días Laborables
cutoff_times.form.timezone,Zona Horaria
non_working_days.title,Días No Laborables
non_working_days.description,Calendario de festivos y días de cierre
non_working_days.add_day,Agregar Día
non_working_days.edit_day,Editar Día
non_working_days.confirm_delete,¿Está seguro de eliminar este día no laborable?
non_working_days.all_centers,Todos los Centros
non_working_days.specific_centers,Centros Específicos
non_working_days.table.date,Fecha
non_working_days.table.name,Nombre
non_working_days.table.type,Tipo
non_working_days.table.scope,Alcance
non_working_days.table.recurring,Recurrente
non_working_days.form.date,Fecha
non_working_days.form.name,Nombre
non_working_days.form.name_placeholder,ej. Navidad
non_working_days.form.description,Descripción
non_working_days.form.type,Tipo
non_working_days.form.applies_to_all,Aplica a todos los centros
non_working_days.form.recurring,Recurrente anualmente
menu.mobile_readers,Lectores Móviles
menu.mobile_readers.tooltip,Gestionar lectores móviles y temporales
mobile_readers.description,Gestiona lectores que pueden ser asignados a diferentes centros postales a lo largo del tiempo
mobile_readers.create_reader,Crear Lector Móvil
mobile_readers.total_readers,lectores totales
mobile_readers.mobile,Móvil
mobile_readers.current_location,Ubicación Actual
mobile_readers.since,Desde
mobile_readers.unassigned,Desasignado
mobile_readers.assignments,asignaciones
mobile_readers.reassign,Reasignar
mobile_readers.assign,Asignar a Centro
mobile_readers.view_history,Ver Historial
mobile_readers.no_readers,Aún no hay lectores móviles
mobile_readers.no_readers_description,Crea tu primer lector móvil para comenzar a rastrear asignaciones
mobile_readers.create_first_reader,Crear Primer Lector
mobile_readers.no_location_history,No hay historial de ubicaciones disponible
mobile_readers.location_history,Historial de Ubicaciones
mobile_readers.less_than_day,< 1 día
mobile_readers.one_day,1 día
mobile_readers.days,días
mobile_readers.current,Actual
mobile_readers.assigned,Asignado
mobile_readers.currently_active,Actualmente activo
mobile_readers.duration,Duración
mobile_readers.notes,Notas
mobile_readers.assign_reader,Asignar Lector a Centro
mobile_readers.postal_center,Centro Postal
mobile_readers.select_center,Selecciona un centro...
mobile_readers.select_center_help,Elige el centro postal donde se ubicará este lector
mobile_readers.select_center_error,Por favor selecciona un centro postal
mobile_readers.assigned_at,Fecha de Asignación
mobile_readers.assigned_at_help,Cuándo se asignará el lector a este centro
mobile_readers.unassigned_at,Fecha de Desasignación
mobile_readers.unassigned_at_help,Opcional: Cuándo se desasignará el lector (dejar vacío para indefinido)
mobile_readers.notes_placeholder,ej.
mobile_readers.notes_help,Notas opcionales sobre esta asignación
mobile_readers.confirm_delete,¿Estás seguro de que quieres eliminar este lector?
menu.readers_management,Gestión de Lectores
menu.readers_management.tooltip,Gestionar todos los lectores y su historial de ubicaciones
readers_management.description,Gestiona todos los lectores y rastrea su historial de ubicaciones
readers_management.total_readers,lectores totales
readers_management.with_history,con historial de ubicaciones
menu.rfid_data_consolidation,Consolidación de Datos RFID
menu.rfid_data_consolidation.tooltip,Consolida y procesa eventos RFID en segmentos de viaje y viajes completos
menu.rfid_events_consolidation_numbered,1. Consolidación de Eventos RFID
menu.journey_segments_numbered,2. Segmentos de Viaje
menu.complete_journeys_numbered,3. Viajes Completos
menu.center_working_days,Días Laborables de Centros
menu.center_working_days.tooltip,Configura días laborables y festivos para centros postales
readers_management.filters,Filtros
readers_management.active,activos
readers_management.reset,Resetear
readers_management.search,Buscar
readers_management.search_placeholder,Buscar por nombre o código...
readers_management.postal_center,Centro Postal
readers_management.all_centers,Todos los Centros
readers_management.unassigned,Sin Asignar
readers_management.reader_type,Tipo de Lector
readers_management.all_types,Todos los Tipos
readers_management.entry,Entrada
readers_management.exit,Salida
readers_management.mixed,Mixto
readers_management.assignment_status,Estado de Asignación
readers_management.all_statuses,Todos los Estados
readers_management.assigned,Asignado
readers_management.mobility_status,Estado de Movilidad
readers_management.all_mobility,Todos
readers_management.has_history,Con Historial
readers_management.no_history,Sin Historial
readers_management.showing,mostrando
readers_management.total,total
readers_management.no_readers_found,No se encontraron lectores que coincidan con tus filtros
readers_management.create_reader,Crear Lector
readers_management.confirm_delete,¿Estás seguro de que quieres eliminar este lector?
readers_management.since,Desde
readers_management.assignments,asignaciones
readers_management.reassign,Reasignar
readers_management.assign,Asignar
readers_management.view_history,Ver Historial
readers_management.location_history,Historial de Ubicaciones
readers_management.current,Actual
readers_management.assigned_at,Asignado
readers_management.unassigned_at,Desasignado
readers_management.duration,Duración
readers_management.notes,Notas
readers_management.currently_active,Actualmente activo
readers_management.less_than_day,Menos de 1 día
readers_management.one_day,1 día
readers_management.days,días
readers_management.no_location_history,No hay historial de ubicaciones disponible
readers_management.reader_name,Nombre del Lector
readers_management.code,Código
readers_management.type,Tipo
readers_management.status,Estado
readers_management.current_location,Ubicación Actual
readers_management.carrier,Transportista
readers_management.all_carriers,Todos los Transportistas
readers_management.movement_date,Fecha de Movimiento
readers_management.movement_date_help,Fecha en que esta asignación/desasignación toma efecto
readers_management.assign_help,Seleccione un centro para asignar o deje vacío para desasignar
readers_management.edit_reader,Editar Lector
menu.diagnosis,Diagnóstico
menu.diagnosis.tooltip,Herramientas de diagnóstico y análisis de rendimiento de red
menu.network_overview,Resumen de Red
menu.network_overview.tooltip,Evaluación integral de salud y resumen de rendimiento de la red postal
menu.route_analysis,Análisis de Rutas
menu.route_analysis.tooltip,Análisis detallado de rendimiento por ruta y transportista
menu.center_analysis,Análisis de Centros
menu.center_analysis.tooltip,Análisis de rendimiento operacional por centro
menu.segment_deep_dive,Análisis Profundo de Segmentos
menu.segment_deep_dive.tooltip,Análisis detallado de segmentos de viaje por tipo y rendimiento
menu.jk_performance_segments,Rendimiento J+K (Segmentos)
menu.jk_performance_segments.tooltip,Análisis de rendimiento J+K a nivel de segmento con métricas en días
accounts.default_language,Idioma predeterminado
accounts.default_language_hint,Idioma que heredarán los panelistas de esta cuenta
panelists.language,Idioma
menu.e2e,E2E
menu.diagnosis_section,DIAGNÓSTICO
menu.system_setup,CONFIGURACIÓN DEL SISTEMA
menu.country_topology,Topología del País
menu.carriers_products,Operadores y Productos
menu.allocation,Asignación
menu.materials,Materiales
menu.database,Base de Datos
menu.e2e_database,Base de Datos E2E
menu.e2e_database_api,API Base de Datos E2E
menu.segment_analysis,Análisis de Segmento
menu.epcis_pipeline_api,API Pipeline EPCIS
menu.rfid_events_database,Base de Datos Eventos RFID
menu.account_working_days,Días Laborables de Cuenta
menu.e2e_onedb_generator,Generador OneDB
menu.e2e_country_topology,E2E: Topología del País
menu.e2e_carriers_products,E2E: Operadores y Productos
menu.e2e_panelists,E2E: Panelistas
menu.e2e_sla,E2E: SLA
menu.e2e_allocation_generator,E2E: Generador de Asignación
menu.e2e_load_balancing,E2E: Balanceo de Carga
menu.e2e_material_catalog,E2E: Catálogo de Materiales
menu.diag_postal_centers,Diag: Centros Postales
menu.diag_readers_management,Diag: Gestión de Lectores
menu.diag_segment_sla,Diag: SLA de Segmento
menu.account_working_days.tooltip,Configurar días laborables de cuenta
menu.e2e_onedb_generator.tooltip,Generar datos OneDB
menu.e2e_country_topology.tooltip,Configurar topología del país y red postal
menu.e2e_carriers_products.tooltip,Gestionar operadores y sus productos
menu.setup.tooltip,Configuración de la red
menu.allocation.tooltip,Gestión de asignación
menu.materials.tooltip,Gestión de materiales
menu.reporting.tooltip,Informes y análisis
menu.database.tooltip,Acceso a la base de datos
menu.e2e_database.tooltip,Acceso a la base de datos E2E
menu.e2e_database_api.tooltip,API de base de datos E2E
menu.segment_analysis.tooltip,Análisis de rendimiento de segmento
menu.epcis_pipeline_api.tooltip,API pipeline EPCIS
menu.rfid_events_database.tooltip,Base de datos de eventos RFID
common.no_data,No hay datos disponibles
common.items,Elementos
common.avg_time,Tiempo Promedio
common.on_time,A tiempo
common.status.on_time,A tiempo
common.status.warning,Advertencia
common.status.critical,Crítico
diagnosis.network.kpi_description,Promedio ponderado de indicadores clave de rendimiento
diagnosis.network.score_breakdown,Desglose de Puntuación
diagnosis.network.automatic_findings,Hallazgos Automáticos
diagnosis.network.summary,Resumen de Red
diagnosis.network.route,Ruta
diagnosis.network.total_items,Total de Elementos
diagnosis.network.active_routes,Rutas Activas
diagnosis.network.postal_centers,Centros Postales
diagnosis.network.top5_routes,Top 5 Rutas
diagnosis.network.bottom5_routes,Peores 5 Rutas
diagnosis.network.top5_centers,Top 5 Centros
diagnosis.network.bottom5_centers,Peores 5 Centros
diagnosis.metric.on_time_delivery,Entrega a Tiempo
diagnosis.metric.avg_transit_time,Tiempo de Tránsito Promedio
diagnosis.metric.avg_processing_time,Tiempo de Procesamiento Promedio
diagnosis.metric.data_quality,Calidad de Datos
diagnosis.metric.data_completeness,Completitud de datos
diagnosis.metric.sla_violations,Incumplimientos de SLA
diagnosis.pipeline.title,Monitor de Pipeline EPCIS
diagnosis.pipeline.raw_events,Eventos Brutos
diagnosis.pipeline.processed,Procesados
diagnosis.pipeline.segments,Segmentos
diagnosis.pipeline.routes,Rutas
diagnosis.pipeline.phases,Fases del Pipeline
diagnosis.pipeline.recent_incidents,Incidentes Recientes
diagnosis.pipeline.last10_unresolved,Últimos 10 sin resolver
diagnosis.pipeline.no_incidents,Sin incidentes recientes
diagnosis.pipeline.execution_log,Registro de Ejecución
diagnosis.center.center,CENTRO
diagnosis.center.items,ELEMENTOS
diagnosis.center.avg_time,TIEMPO PROMEDIO
diagnosis.center.p95_time,TIEMPO P95
diagnosis.center.throughput,RENDIMIENTO
diagnosis.center.efficiency,EFICIENCIA
diagnosis.segment.total_count,Total
diagnosis.segment.sla_compliance,Cumplimiento SLA
diagnosis.segment.avg_duration,Duración Promedio:
diagnosis.segment.p50_duration,Duración P50:
diagnosis.segment.p95_duration,Duración P95:
diagnosis.segment.range,Rango:
diagnosis.route.route,Ruta
diagnosis.route.journeys,Trayectos
diagnosis.route.on_time_rate,Tasa a Tiempo
diagnosis.route.avg_transit,Tránsito Promedio
diagnosis.route.p95_transit,Tránsito P95
diagnosis.route.missroute_rate,Tasa de Desvío
diagnosis.route.total_segments,Total de Segmentos
settings.change_password,Cambiar Contraseña
settings.security,Seguridad
settings.password_hint,Elige una contraseña segura para proteger tu cuenta
settings.password_tips,Consejos de Contraseña:
admin.all_users_title,Todos los Usuarios
reporting.compliance.samples,Muestras
reporting.compliance.jk_std,J+K STD
reporting.compliance.jk_actual,J+K Real
reporting.compliance.std_pct,STD %
reporting.compliance.actual_pct,Real %
reporting.compliance.deviation,Desviación
reporting.compliance.download_csv,Descargar CSV de muestras
load_balancing.total,Total:
load_balancing.avg_per_node,Prom/Nodo:
load_balancing.optimal,Óptimo:
load_balancing.urgent,Urgente:
load_balancing.preventive,Preventivo:
load_balancing.balance_not_needed,Balanceo No Necesario
menu.ondb_generator,Generador ONDB
menu.ondb_generator.tooltip,Generar datos de prueba ONDB
menu.country_topology.tooltip,Topología del país y red postal
menu.e2e_sla.tooltip,Estándares de entrega E2E
menu.segment_sla,SLA de Segmento
menu.segment_sla.tooltip,Acuerdos de nivel de servicio por segmento
menu.territory_equity,Equidad Territorial
menu.territory_equity.tooltip,Informes de equidad territorial
menu.compliance,Cumplimiento
menu.compliance.tooltip,Informes de cumplimiento
menu.e2e_db.tooltip,Base de datos E2E
menu.operations,Operaciones
menu.setup_view,Configuración
menu.account,Cuenta
menu.all_accounts,Todas las cuentas
menu.sign_out,Cerrar sesión
